node,qmof_id,x,y
0,qmof-830ed1c,0.3543733286650782,-0.4190186347886892
1,qmof-5bd4a24,0.4433179899249258,-0.24040751424211587
4,qmof-dc01ec5,-1.7718470706077967,0.07100322972764085
5,qmof-61fda9f,-2.0383331912656812,-2.6912600452274726
7,qmof-07d3562,0.2826076349079535,1.6728260016748533
15,qmof-4db34af,0.1772679284725049,-0.3873766489569231
16,qmof-c7ff037,0.3516134746378535,-0.3383333194411665
19,qmof-88d81f2,1.5438362764096418,1.3102990381921447
23,qmof-71f1dac,0.5584731693320631,0.29433165465021227
26,qmof-afc4c90,3.1019015192332753,1.302897058145191
28,qmof-5890c4d,-1.9694799246213794,-2.605324802519536
30,qmof-4e93a90,0.36765351977511046,0.7956602159703009
31,qmof-d05d631,2.2715674344431616,1.6875753956349249
32,qmof-7943fa6,2.424705859550943,0.48463544808709946
33,qmof-d007203,2.502473194197098,0.4406939167966661
43,qmof-ef07e73,0.6408532280635613,0.8081306675975498
45,qmof-3a7d3be,0.13763590406325626,0.009087311697578702
46,qmof-3133aaf,0.18747518621260034,-0.18202929563412865
52,qmof-7708ea4,0.2396684529582179,0.84542649666591
53,qmof-9eeead2,-1.6835799075769349,-0.11050694267818445
54,qmof-bc3f92f,-1.808710434366567,-0.3221084137373476
55,qmof-b8ef732,-1.8357077087829041,-0.07047634142423503
58,qmof-882e6a8,-0.36658232342392827,0.9988869556768764
60,qmof-00b509c,-3.9808351934646757,-2.1586104643084325
61,qmof-dcabab2,0.08662864401146947,1.2725922727614418
62,qmof-9cc6917,0.9625056227111372,0.18664901836859407
72,qmof-68534d9,-2.3546275129357923,-2.8615787421646037
73,qmof-dcebb7c,-1.7258831081785895,-1.5469605049012276
78,qmof-2023658,0.25137537596462717,-0.2212994182397207
79,qmof-de9ead6,0.38961285498937354,-0.13658217050035204
80,qmof-30a8228,0.2574344825947402,-0.23606132746432357
81,qmof-456d03e,0.4056624041564425,-0.21422788698445003
82,qmof-9897045,0.43803079884980556,-0.13621509211500643
84,qmof-500d20d,-0.2163575505620657,-3.408536234457669
86,qmof-8f721fc,0.2169285551881292,-0.2195374661348582
88,qmof-d024be2,-0.058239619365835535,0.7173074583902388
93,qmof-972e98d,-1.497944751315618,-1.6743674985603936
98,qmof-7a182f0,0.28325940003850963,-0.19523349604670015
99,qmof-afc3059,-2.2074469610194885,-2.003492575926046
101,qmof-8c9690f,-6.5451255546460265,1.0944732078481574
108,qmof-1a54af9,0.3014164909557856,2.2248956234154593
113,qmof-3b862db,-0.4357301922364143,-0.16140162702932564
115,qmof-48b7ac1,0.5798977308186984,0.40867020345202265
116,qmof-825bab0,0.606606170854513,0.36827730952244264
117,qmof-fcdc93e,0.5112554165944403,0.4059571233812763
119,qmof-6729ffe,3.5174157251631692,-1.8940783829753336
128,qmof-0daa5d3,-2.1432333944946516,0.41763231932336714
131,qmof-f6f1359,0.28010131744975997,0.6987531576255768
132,qmof-2188f7f,0.3476028426584028,0.92828580076202
134,qmof-5c0fddb,-0.8636100645703915,0.873881365142573
135,qmof-c22186d,-0.07542985669217978,-0.1747400430360281
136,qmof-171d834,2.74074728211428,-2.596511882155029
145,qmof-1072fba,-2.2985465693375327,-0.5006595833366495
146,qmof-08c1883,-2.3479117869121366,0.13272442518985456
151,qmof-002580c,0.2226383020176803,-0.16590824931914855
156,qmof-ade80fa,0.5623074254471377,-0.4322248599586529
157,qmof-d53fad7,0.5498418544401696,-0.28730248899914235
163,qmof-14c2b89,-1.9982338038201712,-2.5458402352444867
164,qmof-70d5ada,0.4105653445272025,0.5337335834240247
165,qmof-afb7457,2.3819858845890876,0.4168909671026601
166,qmof-13af5eb,0.06272914526411373,0.010034156932201915
167,qmof-e212836,0.12773030386239154,-0.06334303679820344
168,qmof-af71c28,-0.09421088755328523,0.03230354863103947
169,qmof-6d579f1,-0.14357588499929053,-0.001399903806098962
170,qmof-83aa673,-0.28241828636976307,-0.10752586012455502
171,qmof-1df1f71,1.8751691877118095,0.9122661842788552
172,qmof-a97dbc4,2.4196203444963835,-1.301863584018662
174,qmof-d1ec783,1.698031580329314,-1.9474857638049188
175,qmof-294c6fc,0.08615065948538919,-0.35867231389949183
177,qmof-270f527,-2.282142122477254,-3.1986201303782664
178,qmof-7df997f,3.220220046647036,-0.2658894649059801
179,qmof-0cb9b75,0.059753409407422214,-0.06505931642532069
180,qmof-151799f,0.1411750470802899,0.022402964707284555
181,qmof-29f7abe,0.034556147952947806,0.01640363935672251
184,qmof-f4b9067,-3.345578925777536,-0.8502724386432549
185,qmof-67bb876,-2.9249606300397595,-0.9407682517766335
186,qmof-aef345f,-3.099884690515192,-0.8166657040112686
188,qmof-a668ff8,-0.48226548278267894,-2.183414311794728
190,qmof-309cef3,-6.532236377441439,1.0774847951413185
193,qmof-68cbbe0,-1.7729002529667177,2.866799140763422
194,qmof-5c01e0f,-1.7234540025115155,2.7294132890353255
199,qmof-6a9204c,-1.6602836673596952,-1.655240409883629
200,qmof-8fa9c85,-1.7821315022989024,-1.6738133263518418
205,qmof-6b9c221,-2.543080319571295,-2.924543132701916
206,qmof-02f386f,0.40806092293446355,0.17935901957661396
207,qmof-1ae3a52,0.37079431016355757,0.11150882044602622
208,qmof-fcc3039,0.4597501497388645,0.14572886991788625
209,qmof-dccfdea,0.33187142438832046,0.17637567923022548
210,qmof-f16d368,-1.5837752094382265,0.396363368609759
214,qmof-679bb6b,0.7702765632999773,0.36530125273806113
224,qmof-de9d67c,-3.1728898511879184,-3.0562797384900082
225,qmof-3d63cef,-2.9526321198639867,-2.676730919383269
226,qmof-a7e3a59,-2.759421558505645,-2.7005257927115887
227,qmof-666050e,-3.080864825822638,-2.900181678276427
228,qmof-ba1edaa,-2.7453132052754095,-2.618004120563571
236,qmof-cc0c005,1.1328338208215272,2.0993181156550254
237,qmof-6ff64b6,1.6052338125850325,3.1542074938057034
241,qmof-b7b8b62,1.907727402304667,-0.6978191767377842
245,qmof-1b788d8,-4.218472693764377,-0.8739449080775372
246,qmof-fc3bd04,-4.318613495255656,-1.0028340381912704
247,qmof-469b6f3,-4.110676097949312,-0.7133447465750907
248,qmof-3c96780,-4.29488594159501,-0.9261207981559907
249,qmof-e6c9e36,-4.8831992064007075,-0.38682067374095463
250,qmof-14c3c38,4.236181142971246,-0.6024193358054649
253,qmof-4f95744,-3.380292789621074,-2.03306618357875
254,qmof-5779e02,0.06567975201268299,0.7822005194737813
258,qmof-e4ec22b,-2.1537236661251304,-2.7116921167204744
259,qmof-537f6ec,0.14793947045584285,2.2368803397579793
261,qmof-b89c781,-2.52110352164743,-3.186475172774448
262,qmof-ec03cad,-2.5337872738469533,-2.7853951072903653
268,qmof-9845d29,-6.535217244604553,1.0854620272313908
271,qmof-6e5f0d6,1.4789345624166423,1.935050492305882
276,qmof-e84c5c9,-2.079354860895869,-2.705708427975632
280,qmof-e4633f0,0.48829718633501457,0.09129467039917165
283,qmof-21760ea,-0.030725699324693562,-1.4991221630273996
284,qmof-e0e4dbd,0.22400444872002,0.6904391369522336
285,qmof-f4ccf24,0.1909849630834482,-0.16211357835394857
286,qmof-3f72143,0.1679385426354502,-0.21739024944525376
294,qmof-b6b91b1,0.2495740921830214,-0.13875723085695058
296,qmof-361489d,0.25663293513536106,-0.3548572417494928
299,qmof-6f7fc4a,0.41591195353667965,0.5312192454864757
300,qmof-f936989,-1.559264308430375,-0.4551932543407372
301,qmof-8b5ef75,-1.3991618930956753,-0.38809724056547396
302,qmof-5eeb6a4,-1.3428159496984355,-0.17473696452988388
306,qmof-e8e4106,0.22251956758004368,-0.09317385659364756
307,qmof-f0f7453,-2.041563534202919,-1.362544841298112
310,qmof-ec81e8a,0.8929377819282119,-0.029920056679705116
311,qmof-1773abb,0.10911240337768253,2.815533831887615
312,qmof-fcbd00c,-6.457329560990541,1.063450789568987
318,qmof-1817e88,0.8604701043619308,-2.006288633338703
327,qmof-8e6a68f,-2.134222168541481,-2.5954008770848516
328,qmof-1d20a91,-1.4258586571236038,-1.7490008274246363
329,qmof-517abf2,-1.3998152177763374,-1.5177937679343587
330,qmof-a61cced,-1.179385545176598,-1.566044272026128
332,qmof-e169936,-0.2132409619038723,0.854435966062115
333,qmof-cff9a36,0.20635636041724625,-0.21101812909810974
334,qmof-aff572c,0.338930283388781,1.088866534370583
347,qmof-2063f6c,1.907421923916106,3.3512764355832716
349,qmof-2a29927,0.4083600608628813,0.062082169385458096
351,qmof-c31564c,2.0032950239786427,-1.105685291120314
352,qmof-2622a28,1.6628882691842295,-1.3145091269951186
370,qmof-f2f9463,-1.7365649407398094,0.6116399399506223
378,qmof-c91080d,-1.979454456530812,-2.883290373304802
380,qmof-59103c5,-0.8530809444218993,0.17214245061111033
382,qmof-0644d90,0.1997903694218826,1.040012364814983
384,qmof-3d12eb1,-1.8262031938592482,1.0953984281866243
386,qmof-2ab39f5,-1.8011255944231173,-2.3161764886170775
392,qmof-c6a63af,0.49013575519120434,1.9700028316842064
393,qmof-68f7719,0.5854528551784423,2.191445883402072
394,qmof-0a0718a,0.5814185511979769,2.2687334189868946
395,qmof-876addd,0.05248406090038323,-0.1319098657904277
396,qmof-3a3a471,0.1180788942204494,-0.17444985700881915
397,qmof-3c2f047,0.07776421141448422,-0.1941065161295064
405,qmof-c7fd3ba,0.5496542693526615,-0.4539735655191407
413,qmof-f7fc9af,0.8460315044729465,-0.12660178047142828
414,qmof-6fbe47e,0.4265746077121362,0.4648122600464653
418,qmof-361fd6f,1.6560037858658687,0.6204255456000002
425,qmof-5cf14ed,0.47854894620953675,0.007662088305806929
428,qmof-d51d399,-6.384515420776364,1.0477432591122393
430,qmof-d8c5293,-6.383669012135074,1.0479355764982254
432,qmof-d8acb74,0.5682518670708498,0.39238147601489615
435,qmof-99e4b8e,-1.782664144717146,2.8963667892166876
436,qmof-5cb2fe5,-1.7677919521383456,2.845302630277668
437,qmof-ec5e968,-1.7645039916973004,2.8913369104697324
438,qmof-70a9ffb,-1.8340158655700722,2.8088275318771116
439,qmof-55fa4d1,-1.7600073255305082,2.9110301049273177
440,qmof-a1f7295,-1.6555668520850322,2.882285813370382
441,qmof-c7761f6,0.25183556720122924,-0.16280422498214325
442,qmof-324fde1,-1.7428422780252701,-1.4626198478180263
447,qmof-b2fc53f,-1.9734160182979081,-2.6202559373415437
451,qmof-d35f64f,-0.19076075722125216,-0.15956145041283307
453,qmof-64935e1,-1.7159483170306833,2.8714917035049194
459,qmof-1ebd4e7,0.14855429992902297,0.8560638663850346
467,qmof-cbb7574,0.05880269696650062,-0.23120252434837482
469,qmof-96928dc,0.2054707870145101,0.4190063476781991
470,qmof-b1e3539,1.1979234687418985,-1.596422942280192
471,qmof-788acd1,1.668114109691138,-4.100591038673467
476,qmof-c2378eb,1.6371817973550322,-0.7849240134257156
479,qmof-dc995f2,1.3485185996939277,-0.6675659299013258
489,qmof-b8741a5,1.373401906859593,-2.289420220422526
491,qmof-8121bd5,1.2411955845124405,-2.208681383807928
498,qmof-bf937bb,-0.14361228291423858,-0.4027820177654502
510,qmof-305c717,2.659123984122086,-1.3093729306524644
515,qmof-eda13fa,-0.38165554464946466,-1.7404497320206884
516,qmof-9fb39d7,-1.5953833292842539,-0.440659609082414
520,qmof-b4f3ed0,-2.0429144351628543,-2.7066038875238165
521,qmof-9ca0bbc,-2.0286937549996313,-2.6553972278624447
524,qmof-b976080,-1.9821499360743529,-2.6051260546043555
528,qmof-8c3c946,0.22191919268808769,-0.22966043663297037
530,qmof-9b147f7,2.082063479967489,3.5648500779884404
531,qmof-581f867,3.2542485834170063,-1.6652137191720797
547,qmof-8bc481b,4.418773484834807,2.326292793236682
554,qmof-0aad8d2,-0.3797920671468844,-3.781243921032765
557,qmof-24f6661,0.6811551096491012,1.8366729244408437
563,qmof-d1efdeb,-0.6113839752679365,-1.5476885182644498
571,qmof-efb1a27,0.9322905162487841,-0.7934531143032871
579,qmof-63a8eb1,0.41381455840721837,2.1868949961578132
580,qmof-1566e59,0.5268185500784509,2.0773750561692
583,qmof-9f43bb6,1.8299750804058001,3.322679569030092
585,qmof-4e4871b,2.3345261345949377,0.3339471843097624
588,qmof-9b4fafa,-0.32671167946888996,0.4447153569794029
598,qmof-f57a76b,0.19431751277557716,-0.09162973504784802
607,qmof-2eac1e9,0.0587808116518055,-0.4642932602383594
608,qmof-64e197b,-0.9052722588337585,-1.538094284586585
609,qmof-98c31c9,-2.0255164011324047,-1.472828574241138
610,qmof-87a7ada,-6.529691483114352,1.0800301303696989
617,qmof-a1aad4f,-0.4367126459498971,1.155131056531055
618,qmof-4c98c16,-0.38642417127189355,1.3992494253789511
623,qmof-91d3cdc,-1.6903300343929752,2.88922892421643
624,qmof-4549ea7,-1.655791558739964,2.7048717617725644
626,qmof-9e34535,-1.1686008714128069,-3.9058951054540056
629,qmof-46324de,-1.8975137912893354,-1.3455883859364348
631,qmof-b321532,-1.7784970943845988,2.849581849494059
632,qmof-8797c0d,-1.5304267388796746,2.6882328297047424
633,qmof-5cb7bf7,-1.9181054748114312,2.9810820835587997
634,qmof-72d3a49,1.2547406931900786,3.357608188256212
637,qmof-2ad2677,-0.18161543918695008,-3.8791323856522295
641,qmof-80e9570,0.08863540590269715,0.7671719845781972
642,qmof-522809d,-0.05499407683251892,-0.4154187294852126
645,qmof-1e2bfe2,0.7214492347756678,0.7031575991632624
650,qmof-6250e1f,1.7648511096806756,1.095945912644956
653,qmof-b2d2ac6,-1.512197255537,0.17805091025945508
655,qmof-069478f,2.6258995870575585,-1.517429465109576
658,qmof-d88d13b,0.176774321200174,-0.21849367861687335
666,qmof-3a7ba2f,1.8363993686292206,1.9357193381270956
671,qmof-9af4bae,-1.949789584266442,-1.5464709808672266
676,qmof-31fb841,0.009251196000425576,0.1622570046745513
678,qmof-2ea3b1f,3.4935657571916203,-1.7859184700247472
686,qmof-34cda6e,-6.448359846880954,0.9957816195331313
687,qmof-633e487,-6.428561126692228,1.086684785490727
688,qmof-0cf6fb4,-6.455875916527628,0.8373442781761392
689,qmof-a1057f3,-6.464354469623287,1.268454682416883
693,qmof-6bf5e49,-3.913264015569218,-1.9348216825993014
704,qmof-6f47ba4,-3.154244225864145,2.1276537444865746
712,qmof-5a2471d,-3.8599330203078104,-3.033482187326255
713,qmof-3119618,-2.106824149319084,0.5116114438608028
714,qmof-526eb14,-2.0724848227204173,0.40223800131901843
719,qmof-bc655cb,0.5209711701409736,-0.10569328778330085
720,qmof-28743d5,-2.5792314432105923,1.0037675238846882
722,qmof-767c706,-1.8504983370302532,-2.3762503455932626
736,qmof-f5e0bce,-1.9179544802285489,-2.8454606042265342
737,qmof-367efb8,0.5333302427730653,-2.850085628665694
740,qmof-b320dc2,0.27964007384982703,0.6135217906162125
745,qmof-f280ab7,0.022757946475730918,0.7128821229908148
747,qmof-40250e9,-2.0677376987878215,-3.090711564223036
750,qmof-c49c727,0.0999584318681542,-0.10692684952804894
751,qmof-05191e5,2.3913146960775826,-0.2408891321518754
758,qmof-b1904d6,-0.02206176135263667,-0.6364200359503738
760,qmof-abd0616,-0.6138604592863377,-1.977310796591342
767,qmof-e48704b,-0.019085824628990347,-0.11548744879095028
768,qmof-97d9145,2.661068895842276,0.5458444973883372
769,qmof-efc74fb,-2.1952269001868783,-1.390778656964188
775,qmof-f2110a2,0.9080721743241522,2.7294748707885366
778,qmof-94dd3be,-1.8582337699555682,-2.7710124556403284
784,qmof-71eb881,3.5080016034009636,0.43697535052648645
785,qmof-a2e49ee,3.7830446627991865,0.48055666358642435
792,qmof-ce7e22c,0.19818379729734825,-0.16083187390325404
798,qmof-4bdff9f,0.4888169988313431,1.542345093452444
800,qmof-011f2cc,1.51399794397527,3.118348014334563
802,qmof-7fae0e3,-0.1904976480108254,1.2563026808888023
804,qmof-938679b,-4.187738460902958,-1.0087290050725324
805,qmof-c8fcd0a,-3.993433174350938,-1.2981603860000392
806,qmof-1d99f5f,-4.451418949261371,-1.193091958462955
808,qmof-4fd1b6f,-0.6866482778526289,1.1661184706423728
820,qmof-b1f48a1,2.4619629688290927,-1.3999108660793482
828,qmof-6318e01,1.4385595373898394,-2.5946680629129717
829,qmof-c6553b1,1.5119002426707846,-2.459443359475962
830,qmof-0c858c4,1.6958913310837618,-2.404782584191936
831,qmof-fbf7e41,1.5070270072639007,-2.6685944729817246
832,qmof-fcedf2b,1.3392056734914266,-2.7224845925982417
833,qmof-c41123e,1.51716405869621,-2.590891120696747
834,qmof-90c3233,1.733798105427463,-2.4750674867930877
835,qmof-525bc94,1.23077710363694,-2.3318227712142243
836,qmof-7f22f47,1.4996807855434247,-2.4877893953995533
837,qmof-e2c3312,1.5747237961177862,-2.6118075090828086
841,qmof-cd4e737,2.252530445860342,0.5803521811677199
848,qmof-9a67fd7,-1.525194129343411,-2.317433593313232
861,qmof-2033acd,-1.4972101662890152,0.4735015445063945
862,qmof-c59d505,-0.6311071328264974,-0.8278118406065378
863,qmof-489edf7,0.4722935823317778,-0.42572242383129044
868,qmof-e454c8c,1.4842633690395182,2.7852994137005505
870,qmof-09bfb35,3.772346897377709,-1.407821445851847
875,qmof-b7c8ebb,0.8429273913335278,2.9705405567697087
876,qmof-74f2403,-0.16561862733273133,3.6426541925618863
877,qmof-fefcf27,-1.9739977452300668,-2.5621365689626354
878,qmof-5168b8c,-2.7215288481970883,-1.0739911593863098
879,qmof-8b93db2,0.3923328123175591,-0.5756532286868934
880,qmof-8a8743f,0.27117318707021404,-0.4676006744669589
887,qmof-67a153c,0.2392751468846996,-0.3627829189393685
890,qmof-bb2d32e,-0.47916321634682846,-0.056132266613915204
891,qmof-89b2572,-0.38941616241621113,-0.07588771811659394
892,qmof-df43da1,-1.6274529882344115,-2.556557496924327
908,qmof-a24e826,0.357550889036721,0.7838007222707313
909,qmof-3442091,0.1848904732957995,-0.11937536869582484
910,qmof-c16648b,4.3793950065985605,2.342204650893557
911,qmof-2915b01,-2.3408229004603407,-2.4148052378363665
926,qmof-6115da4,-0.0561506243475504,0.8848392145243497
928,qmof-d7359ca,-1.4134566785792853,-0.5555987124993406
929,qmof-8aec8b9,-1.8590457004379877,-0.8804073239031158
931,qmof-2edfe81,-3.4036574966800712,-1.9312955089588988
940,qmof-3567378,-0.1063278695653543,-3.4352525578815545
943,qmof-a075c95,-0.3030524410438157,1.5667023869570282
944,qmof-681ecb3,0.6270913471296736,1.5687846450228182
945,qmof-8c13777,0.3070126265701783,1.7286902900496235
946,qmof-44d6faf,0.4001906447064846,1.543557907410733
947,qmof-dcd237a,0.32354351073248244,1.6127869243490207
948,qmof-90245ee,0.3802035306009042,1.5879545816711556
949,qmof-692d2f0,0.4915658259749688,1.657653959006639
955,qmof-91df703,-1.7670461425068362,1.308818472204728
956,qmof-02cf811,-1.915336486575967,1.2311287468553818
957,qmof-6e2ee3e,-1.811081977457066,1.2446208358148865
958,qmof-b7260ba,-1.827983767643328,1.0321357117192973
959,qmof-48a6d20,-1.7450642043385103,1.3241517633790072
960,qmof-6211a16,-1.912715470342639,1.0562768905367126
962,qmof-286c11a,-1.909797516054021,1.2303138288955124
967,qmof-6b5664e,-0.08239248193862231,0.28585897477828576
969,qmof-0162588,-3.150895688656602,-2.6942651722219746
972,qmof-62bbe07,-0.05942868236464924,-0.4050044322905278
974,qmof-0f24bbe,-0.5021511717426085,-2.458735868333824
975,qmof-313ba41,-0.8436436765884577,-3.5805027510547216
976,qmof-73863ec,-4.2699881613308515,0.9494653994382563
977,qmof-1ddbf02,0.07597847658038688,-0.3991505757036781
978,qmof-c6ff445,0.14919107140553034,-0.4063153140693412
979,qmof-878b529,0.23832363875416107,3.2089269147481154
982,qmof-2d4accf,0.45108916548156547,0.8123930318649414
984,qmof-7f68dde,0.24438988038319004,-0.14905746248148924
988,qmof-1e466b4,0.8296580033809657,-1.4178824186965122
989,qmof-b89e191,-6.542023741306529,1.055183239946622
990,qmof-788d319,-2.3483732587662334,0.6390388652619929
991,qmof-23ef146,-2.2043572145714374,0.6214473404094282
992,qmof-e093ead,-2.2230739507795314,0.6121134204432888
995,qmof-274e985,4.119704388264102,2.176065333131258
996,qmof-c101b80,4.248469182328348,2.2485442173585803
997,qmof-dd9715b,4.285467650676099,2.063803789886779
1000,qmof-22abcf3,2.4882873047924967,2.0613939365767537
1012,qmof-307ad32,3.3069136062739672,1.7600047616071488
1013,qmof-7e67998,3.0449987171805097,1.5977768098265726
1014,qmof-928ae0f,3.0447022768832204,1.550550331833716
1015,qmof-9df353e,1.568070511369313,2.990653962599926
1019,qmof-26780e7,0.05952105307307743,0.7167918833729826
1028,qmof-2a46038,-2.170351930052133,-1.4845384858790083
1029,qmof-628d416,-2.239460506163984,-1.309959019441457
1030,qmof-20e8389,-2.388247315740687,-1.4328682577457126
1031,qmof-0a513ec,-2.2728187568856533,-1.2679765771678537
1032,qmof-4268a9c,-2.1502982419628407,-1.5756253968323628
1033,qmof-b46c098,-2.374029352442327,-1.3968712247042534
1034,qmof-41c3d42,-2.1820489549786752,-1.2498528195742902
1035,qmof-75309dd,-2.2399074639698298,-1.251676656983238
1036,qmof-2264c2b,-2.2495673708155253,-1.5369039266296647
1037,qmof-dd7e83f,-2.2026134218340343,-1.1554702168327333
1038,qmof-ff552fc,-2.1953385268848704,-1.3246315133091533
1039,qmof-5c82433,-2.166941878455285,-1.3308080466144996
1056,qmof-b9193c4,0.27117100199125677,0.20608454690646005
1057,qmof-9c10b27,0.45246729608536584,2.212527456681969
1058,qmof-820eea9,2.5355889578924624,-1.4189872254493148
1063,qmof-a59ed25,0.14311615637737937,-0.37356597652932166
1064,qmof-622dc6a,0.6664478723492563,-1.8464426415341446
1066,qmof-0200810,0.9144664510165581,0.5256673632524089
1069,qmof-6f6898f,-1.9608648046096966,-3.029781556247041
1072,qmof-398c96b,0.3172215464314378,-3.2799234845389624
1073,qmof-16d3687,-0.2926516505329473,-1.8056849048567927
1074,qmof-8f9170f,-0.30617448724157087,0.8447659359923219
1078,qmof-fd13d81,-1.6433208710570157,-2.8306927864401756
1079,qmof-a17e0c8,0.29785398170277044,0.07590998645712602
1096,qmof-711c472,2.7130125294413645,2.2122969344925107
1105,qmof-5fd3808,-1.0237536819366215,-0.6652013397309441
1110,qmof-e583b8f,0.06528138914889176,-0.2339089928780572
1117,qmof-250c0b6,-1.293400038339214,-1.542530710257697
1118,qmof-cf77c88,-1.4948230040858608,-1.6744383711363844
1120,qmof-689e334,-1.2076874843399883,-1.727529370200819
1126,qmof-571982f,-1.6562589384444155,1.0133564695355548
1127,qmof-77f477c,-1.5963086438445127,0.9290942506538498
1130,qmof-77aef10,1.142136966183478,0.4296859925206516
1132,qmof-897b9d2,-2.1805533140695523,-1.2096623261457862
1134,qmof-dae4e5a,-0.09689372572966314,-0.2467906894338541
1135,qmof-f8e0017,2.399953132553129,0.041710714236965825
1136,qmof-d277af2,-0.07851716001384096,-0.09778288739169927
1141,qmof-43f8428,3.938792070188029,0.06329046350619047
1142,qmof-ead32c0,-3.1021345987238433,2.0351810870353177
1146,qmof-aa7ff00,-2.5049306292718208,-2.859416604563446
1150,qmof-35c6fe6,0.10263785658052908,0.12036948275905568
1151,qmof-b6828e3,-0.18920575950666227,0.08782416998282391
1152,qmof-ecf7500,0.010431037702033755,0.19261259185343793
1160,qmof-22518e3,1.2572974323544555,3.4527358308838747
1163,qmof-d0f9fb3,-1.785448225491233,-1.3316533223123133
1167,qmof-8491731,0.3076239523546433,-3.9205657895420276
1168,qmof-3a00320,2.2608327215971706,-1.2860743267272294
1171,qmof-bd6a27b,-0.9987781341130968,-2.57176271657779
1172,qmof-0a5db4d,0.26588940427898383,1.2622425451200439
1173,qmof-a62568c,0.5843702029439916,1.0778028229997196
1177,qmof-ce62fdc,1.600753456339332,-0.6713396538716737
1180,qmof-5014204,0.015050891893883995,0.5434956176880493
1187,qmof-0b5e989,-0.162522403224857,-0.3342493446183077
1188,qmof-5b98878,0.5948206903514377,0.1774060516630402
1194,qmof-4fba533,-4.058417148230111,0.857619916787583
1196,qmof-f2717c4,0.13603483995142082,-0.3575811847777761
1197,qmof-a830d46,-1.9925008326848614,-1.456102355673589
1198,qmof-c7ade9c,0.40961193921558414,0.21645357084760442
1199,qmof-4fc6367,0.23973098821857383,-0.18531363792211938
1200,qmof-27afebe,-2.3904966388422073,-0.382259449407413
1209,qmof-dcc86e5,0.11425026816045662,-0.18482307400161077
1218,qmof-9d147d8,0.33342576573343696,-0.5799322177732823
1219,qmof-1c14e71,4.2397387959626744,2.5050323750161865
1228,qmof-9a989a4,-0.15197900419681895,-0.380383896210874
1239,qmof-290b93c,-0.11453641129122655,0.938009648329388
1240,qmof-384cd6b,1.1566396763122513,2.0808990668763756
1243,qmof-aac899c,0.425994389248315,3.213989586778284
1244,qmof-3422a7a,0.7017030180611618,3.225280767184494
1245,qmof-e73768a,-1.911285667417031,-3.434695794009918
1246,qmof-eb78da4,0.7017610467797865,3.225419270258725
1248,qmof-8a65b8e,-2.1757664618548342,-0.1606315043920191
1250,qmof-b243d26,-0.031421000493379106,-0.5004321898559502
1251,qmof-de94464,-2.1162630334652373,0.3946442310314698
1252,qmof-e61fb66,-2.114577756981039,0.48306444725510517
1253,qmof-a42fc49,-2.170147837576814,0.40388128442459803
1254,qmof-d014068,-2.2601686578764046,0.6624392672862284
1258,qmof-77a3a1c,-2.035664073380627,-1.3636370159631086
1262,qmof-f8f1488,-1.9358906292259976,1.2007862757016838
1263,qmof-9cb338e,-1.9991712310978405,1.4123860172976619
1280,qmof-4799208,0.3857923225667972,1.0670655343697362
1290,qmof-cbd795c,2.3212393431104474,-0.9400121765906627
1291,qmof-5b30551,-1.8981535683831388,-1.1249943751904188
1294,qmof-2e18852,-1.7062166257169271,2.73632109132115
1295,qmof-ead1cf2,1.4610978694484975,-0.0510562781540637
1296,qmof-39217f4,-3.5564769257538282,-3.602250308132961
1297,qmof-d3a4dfb,0.23635636119725417,-0.15838981816165845
1299,qmof-5b5965b,0.01812939683966575,-0.37828880079602567
1302,qmof-eac83e1,0.5944934915650922,-0.386612896824416
1317,qmof-1031d24,0.8671482424705451,0.3366436306118324
1318,qmof-63f404f,1.1324755630021146,0.4897331331594672
1322,qmof-5ea6780,0.2017369509327749,1.3796624783696603
1325,qmof-d7f84cc,0.12770153050807012,-0.2186609869553831
1326,qmof-cb14b92,0.224970759254659,-0.4178766567003488
1327,qmof-c4e25b7,0.21145399177175753,-0.22529894441692336
1345,qmof-1bf4f41,2.5247955845249037,0.5974375061514099
1346,qmof-b56746c,0.2895744494122547,1.4556068620915137
1353,qmof-8c20c8f,0.24901524225010865,0.42250066552580395
1354,qmof-60b36e9,3.8064581053045754,-1.6881570021378967
1355,qmof-edec6e9,1.0944199022715249,0.9288406469363546
1356,qmof-e5d0ee5,-3.0308286263820223,-1.2321770435692165
1363,qmof-a40483e,0.11759349235829411,-0.5319915580299215
1367,qmof-8742974,0.24366873841724357,-0.3704907988593906
1368,qmof-ec3c0e8,-1.0610828375960406,3.0685784755402605
1369,qmof-b0f5ecd,-1.1036782904135898,2.933879166362731
1370,qmof-7db4ed0,0.12059902955705311,0.018386490223217252
1371,qmof-ecac71f,1.9983637208388751,0.1568601634190217
1372,qmof-8a8d2e8,1.7851122252811114,0.1890017192407954
1373,qmof-74c1a1a,1.9795584470229262,0.12733107826886939
1374,qmof-c2a60c1,1.907539173804934,0.22604040613675566
1378,qmof-2c669f5,-1.193549589074556,-1.673731812846922
1383,qmof-2cfc395,-3.5290555687885115,0.05438778862008009
1385,qmof-0a7aaf1,-3.373843751856212,-1.763359659108992
1390,qmof-b6efd88,0.2645788058116325,-0.12710757765586034
1394,qmof-23a2940,-0.04925332073812231,1.0224947373397149
1398,qmof-815a5a8,1.8660676163271492,-1.6199947810253563
1400,qmof-62539f9,0.5331378432672444,-0.49579313785817314
1407,qmof-071a36b,0.19807646160635972,-0.11914421800381887
1423,qmof-c49cab0,-1.813043256072218,-3.840152549180556
1424,qmof-485ff50,-1.7225782098440412,-3.953704662231702
1426,qmof-479e7c3,-2.80796413816448,2.3191734266432205
1428,qmof-bbb2769,-2.027001089392224,-3.6082539066606674
1430,qmof-3a0ed8b,-6.774508463678774,1.133059705930695
1431,qmof-8b5bb88,0.29845960356353946,0.42022248280371066
1434,qmof-f40f3e7,-0.22756199077158656,3.6584664401299483
1439,qmof-4697823,-2.460708930302458,-2.159662019227506
1440,qmof-ec39022,-0.08187396097980232,-0.33845879101676185
1444,qmof-d57ce36,3.4642517709254816,-1.6130237941466672
1445,qmof-8427100,3.5539952044598624,-1.666033289689802
1446,qmof-9213bc0,3.397317934579365,-1.8075078566454885
1447,qmof-10dd694,3.4366127582966755,-1.9669512103311069
1454,qmof-14cf349,0.2477021635795407,1.6989825863308858
1457,qmof-228e322,-0.20255169350431473,3.6078193881982505
1461,qmof-c9c0b8e,-2.3463415793010824,-3.120914551676906
1465,qmof-a0b7ecf,1.1799440216492454,-0.6128150764990524
1476,qmof-2a6bcbd,-0.2620168410077425,0.14706040976413154
1477,qmof-abefd60,0.9103394462984824,-0.19797317110652524
1480,qmof-44f1f3a,-1.6104609700800414,-2.6225485235489976
1481,qmof-3af1a22,0.06274352950606789,-0.03547060508464546
1487,qmof-e89799e,0.5059237659558794,0.1921991421548845
1490,qmof-97c6429,-0.7095444555646,-1.6311757137548106
1493,qmof-8e441aa,1.0231521182300614,1.0695955506115697
1494,qmof-a7e269f,0.559291866652163,0.12323698628987384
1495,qmof-0ac08a6,0.4923287111839248,0.17638069947251359
1500,qmof-4c8a2eb,-1.7867048000620278,-2.6583417543717247
1506,qmof-c0d0be0,1.9683652425103508,1.6705164680974594
1510,qmof-9dc5e14,0.44054838849383177,0.5053248138437009
1511,qmof-2d72808,-0.8512353906686225,-3.5556314693558937
1512,qmof-680f89c,-0.42970362684632196,-4.355167150111371
1513,qmof-05c2fce,-2.1971936310234104,-1.168749302368685
1516,qmof-8ccac7c,3.1453148585888666,1.67683353055
1519,qmof-04009cb,0.24746463175992128,0.6428088112165783
1520,qmof-905149a,0.27095334395313314,0.6180888034380471
1532,qmof-fa1d0ec,3.9189815524154423,0.04544631198121801
1536,qmof-03d685b,0.5997033960290132,0.1719435629203175
1542,qmof-6226f23,-0.09712979450329987,1.1724140801109177
1550,qmof-f3344fd,-1.4755698423305046,0.7243877191928876
1551,qmof-1e4d669,0.5727336972201398,-0.39963277866473085
1559,qmof-88ef49a,3.0018818301009538,0.2946818862701185
1560,qmof-ac0b22d,-1.6373949360148,-1.5091292167360806
1572,qmof-f35d56b,0.5269930838539376,-0.293499040703517
1578,qmof-8289b9b,0.17655385870160728,-0.17825810406193357
1579,qmof-57605e0,0.21257599120665352,-0.07755312318262646
1581,qmof-57c1734,-0.08417656459751105,-3.887374574120938
1582,qmof-e59b3bd,0.32135372851836436,-0.37967762530182103
1590,qmof-552e5fd,0.3983088517331371,1.0058891370356684
1593,qmof-467a98a,0.1007755753221551,0.04142669277916167
1594,qmof-145e491,0.17088829172581727,0.8402957665575916
1595,qmof-5500d18,2.736397871264427,-1.4027022135546836
1596,qmof-882b66c,2.5118150182637367,-1.4647481241376643
1605,qmof-7a9afb6,2.719007279276898,-1.2071698344001336
1606,qmof-dd310f8,0.4182636386639056,-0.2136705551326959
1609,qmof-7e2fd26,0.253186373140152,2.036165776094182
1628,qmof-38f895c,-1.45017033330509,-1.0835353605542304
1629,qmof-f80a98e,0.3010062084565564,0.8926267711793602
1630,qmof-c376f20,0.22487936104591166,-0.28188722872034677
1631,qmof-22b6794,-1.8566150498506286,-1.594208090833777
1636,qmof-dd07117,0.08741141378480273,-0.591537261367697
1638,qmof-7fc4a4e,0.1900314031674578,0.4008572655187369
1640,qmof-1750ab0,0.970852197429921,-0.4106813827584159
1644,qmof-41ca5a1,0.1598563983708099,-0.1773435642451321
1645,qmof-d90261d,0.88382851677185,0.593460473470593
1649,qmof-ff0313d,0.00019179431150024694,-1.6752331483112959
1651,qmof-6b7af02,-2.088891895941459,-0.8673058327868786
1657,qmof-8ceaacf,0.17175542568953867,-0.17955594693552557
1659,qmof-089b013,-1.6504227389028538,0.3069062637850042
1660,qmof-57b6935,-1.4509188865151788,0.21469329530282846
1661,qmof-0b59814,2.6517040985676363,-1.3419067491470924
1664,qmof-509fb3e,2.8744649031163965,-1.6444668196915988
1670,qmof-958851d,-1.0880093350030429,-1.617189503384275
1672,qmof-cc05cf2,0.4738831165322505,-0.2619277491129034
1673,qmof-2eba693,0.5052501021581991,-0.1588859361442437
1679,qmof-5dc72f9,0.5563069765297249,0.20168677578100402
1680,qmof-9aedda6,-1.8762563998482162,-1.3952305161129197
1686,qmof-9bfdab6,0.47789748296716517,-0.16953347503644323
1692,qmof-00089fc,-2.0283615614257573,-2.567798701303382
1693,qmof-6f14ab0,0.9489570148718812,-2.1874732930173244
1698,qmof-e095792,0.06779236810195284,-0.18012557006056615
1699,qmof-4fdf906,3.803003560478332,-0.10721917206396814
1700,qmof-88dbbc6,-0.539998892917493,0.7832094066887622
1701,qmof-5243a2c,-0.07669600243497972,1.0633706012058202
1703,qmof-58c4b5f,-2.884331060747686,-3.1806881561114846
1704,qmof-aec43f9,2.284368848513507,0.6528378274860918
1709,qmof-09e67ae,-0.2016755177212375,3.5949084036624424
1714,qmof-b780466,0.4774152018740956,0.6783385309027741
1715,qmof-34419d7,-2.2497285216715057,2.75872131510683
1719,qmof-d17a645,0.8905661142425764,-0.23222135998570057
1721,qmof-9a595a3,0.6462961133650171,-3.8228101652117084
1722,qmof-240c244,0.5858764585013397,-4.111389840533849
1723,qmof-e4535b8,0.4346614846983864,-4.075859581330796
1724,qmof-57b3cba,0.7804105673313187,0.3845668672562297
1725,qmof-dc53cfd,1.1505601978578284,0.8224262360534206
1726,qmof-c86ad7c,0.8799530198671961,0.7610914115509945
1735,qmof-60dc14e,0.5557930547294591,-0.16082791329254503
1736,qmof-97ba46c,0.4558806719101473,-0.1493573620838308
1737,qmof-c5a6ce1,-0.11389206427142995,-0.27634225271700574
1739,qmof-c70fd52,-2.1305046016264515,-1.9205184715706922
1740,qmof-ce87519,0.4898291371702727,-0.5132512324807582
1741,qmof-96198f4,-2.0053034197644295,-2.720701161224518
1742,qmof-187461d,2.511618271919751,-2.6210528326467313
1743,qmof-29e411b,-3.0196551218746954,2.054214632641887
1748,qmof-4917b6a,-3.5705686086188626,-0.7164801177710723
1750,qmof-cbd885d,-1.512403125224732,-2.459275402468122
1751,qmof-c5d2cf9,-2.2551447444928288,-1.19726574399471
1752,qmof-fbb4304,-2.260777147726317,-0.9305235624509012
1753,qmof-5c6b152,-2.2825353648931297,-1.1723856206580627
1757,qmof-9e0f4d2,-0.39488460936828584,-3.6107480802400636
1767,qmof-fc59138,-2.671116078949804,-1.3627827727696924
1771,qmof-bb18fa6,-0.31180246193173083,1.1809730448088585
1773,qmof-8a1e648,1.5293193245043872,1.1372692930337167
1778,qmof-44ae5b4,1.2691702783235377,-1.93519875966441
1779,qmof-d9809f0,1.9926207108742726,-2.919967289805639
1780,qmof-a37cb61,0.10604791831852516,0.7365716984332752
1787,qmof-f9c5ca5,0.5539994693747766,0.7999085118465885
1788,qmof-f40863b,0.30254513680309836,-0.3182221431078959
1794,qmof-2bab714,1.572737015532959,-0.2710794728146265
1795,qmof-86433db,-0.532122333155899,1.3905595836852487
1796,qmof-3ff05ac,-0.3128843915003256,1.4701295605324973
1798,qmof-c897ec7,-2.085643253385675,-1.250751516396307
1804,qmof-4f7928a,0.251883138853379,0.5853100755903332
1808,qmof-ba95831,-0.24400422920127518,-3.7657269706373384
1809,qmof-a13f65c,-2.0287611340463707,0.5429259414374613
1815,qmof-cb9c91d,-2.4098946773461094,-2.7953393960015775
1816,qmof-a746544,-6.615751686436112,0.8522412156954695
1817,qmof-af37bf7,2.351855025702041,0.46035023138109676
1818,qmof-acd85e0,1.2940985296773158,-1.376509346906016
1819,qmof-7ec1ffb,1.7281878749972441,-1.336524179307408
1820,qmof-d0c1d4b,0.47466614243722344,1.2355395061972758
1838,qmof-d6b75cb,2.2497147149904992,0.3667387856780853
1839,qmof-4b62488,-0.02249922642346538,-0.03618343094969587
1848,qmof-9cace33,-3.860237170484328,-0.40196401128500275
1849,qmof-fee1ad3,-0.4224823196328629,-1.43071845874321
1859,qmof-82ec815,-1.6751496577158342,-0.028917410520814046
1861,qmof-f6a2c50,1.0765366540878976,1.4131352350586863
1862,qmof-f81b336,0.37774401903992955,0.010605828467802433
1864,qmof-8090fd0,-0.8906681276591971,-2.0161632987663793
1865,qmof-9c9f0ca,-1.5428393547212658,-0.30578043805283117
1867,qmof-95dc237,2.9025013487889932,2.1364605865109207
1870,qmof-d111cc6,0.4447365853882711,-0.30759858256774675
1871,qmof-d6e0710,0.4208771935536102,-0.18835987069734778
1872,qmof-b1309d1,-0.20485855766438607,3.5960019697082597
1873,qmof-0b27a12,-0.0798806714095173,3.7248992884956134
1874,qmof-f481616,-0.08980453008475082,3.6581749851532224
1877,qmof-8bf6708,1.1609445475323252,1.2434983344875066
1878,qmof-f4bb6af,-1.4728907943225567,-0.16038604010846466
1882,qmof-3c3b297,1.2415081714086327,1.3306747213262293
1890,qmof-5e78e03,1.5624183794908908,0.10143018256188423
1891,qmof-df68ca3,0.1226797576802309,0.7493031193162184
1892,qmof-b7e8d07,0.4578386921253003,0.6061479759676911
1914,qmof-e9a012f,2.4382110521350517,0.162088130037049
1924,qmof-76b7f39,-1.4562391048902161,-0.4004607605526602
1925,qmof-1912143,-0.13508992566855826,-1.040263543352843
1926,qmof-3c16fb7,0.19678326841222182,-0.22206751387872095
1927,qmof-4518686,0.06876350629459962,-0.19706439897194078
1935,qmof-2590e01,2.6007917331629704,-1.279201418099884
1941,qmof-b5f9bbe,-3.1564015528031844,-0.3137381668723297
1942,qmof-bec2181,3.5481845195929456,-1.8260187321783399
1951,qmof-1c732af,-1.9090775062081813,-2.4508505366047952
1952,qmof-f814e4c,-2.097035618274308,-3.3366442711756443
1968,qmof-ae25101,1.1760350775814845,2.836788280243269
1974,qmof-0a1ab08,0.28058031772359737,0.4098103949541795
1975,qmof-259c3ab,3.287464363098562,0.2272917116183597
1980,qmof-7e18d4e,-1.3648192283632086,0.16757299889363025
1984,qmof-e5b5d92,-1.8722467307213804,-1.3515809814897985
1986,qmof-d12d16b,-2.251023496441887,0.6778566080287425
1987,qmof-53328c4,-0.6249186005464151,-1.249832648412163
1988,qmof-a32d5ff,0.7461909591614563,-0.1822000597575217
1989,qmof-a45536d,0.8344268783972725,-0.21185571613367368
1993,qmof-d6e3fbd,1.0583274956918103,0.22028350367611016
1994,qmof-6cb1694,-6.903766958183482,2.123663232229059
1995,qmof-1f43ca5,1.1847106851203257,-0.09303060806718776
1996,qmof-38c79d8,1.047511961696895,1.8584278897582016
1998,qmof-e612e8b,2.1072835836406774,0.929974791321421
1999,qmof-792ee15,-0.07830216024246626,-0.24240462163458543
2001,qmof-28be62a,4.271894441984401,2.2646572798297964
2009,qmof-c5d05b0,1.5651786836288881,-1.7263540710041552
2015,qmof-6536a93,0.1045256715350942,-0.9080456669152245
2019,qmof-c2f4aa8,0.4344051411679878,-1.0265386898469635
2020,qmof-63b633e,-0.4042177481137979,-0.939130552638007
2021,qmof-4ef6d73,0.2813682855480947,-0.6107174508963781
2022,qmof-dde499b,0.24187256122894296,0.9882781782928742
2024,qmof-d134a3d,0.1300550907473007,-0.25985062800528785
2025,qmof-e8abe31,-1.872259245360619,-1.3030283605554382
2027,qmof-4086205,2.547800646327756,2.5499186681764305
2028,qmof-c8a0720,2.338924290980378,2.144729901283493
2029,qmof-444a648,0.202101011571809,-0.18517405607306667
2031,qmof-caee757,-0.1331073683882378,0.5683322046644304
2036,qmof-74c207b,-0.1726791113502063,-3.7289794807966343
2037,qmof-2773926,1.4733297790100008,1.9380115625156942
2046,qmof-162aabd,-2.3921633162499387,-2.663169730730875
2047,qmof-2023fc9,-1.0946274638628066,1.1164907408020532
2049,qmof-da6f5e7,0.38580380568198014,-0.2592930632958367
2050,qmof-4b1daf6,0.1975962306358194,-0.11843284390574038
2051,qmof-888f117,0.5654149607645442,0.5602831151850898
2059,qmof-ef0fc9a,-2.338265171300173,-2.434974945880057
2065,qmof-8a61e8f,0.0844070460026774,0.8329454317501381
2066,qmof-108a191,-4.185776448450911,0.0885469335426908
2070,qmof-6a57bbc,0.43152334637524714,0.006214101879099338
2071,qmof-792f814,0.4110496849843888,0.009257324996209067
2072,qmof-7082d2d,0.8995140510198671,0.46853405571765283
2077,qmof-c7c2c9c,2.480514936031667,-1.207673907730636
2078,qmof-0e3acfe,2.3972263075075335,-1.287354504197374
2086,qmof-ee6fe4f,0.6332396604595694,-0.4315436215027699
2087,qmof-e6adc28,0.6136258786971677,-0.4665335845072567
2092,qmof-75a4330,-0.9425788337221583,-1.623255182648843
2093,qmof-1b54ceb,-2.329065402495797,-4.291634761500699
2096,qmof-f879f69,1.2732430076258823,-1.3959927711317477
2097,qmof-4a4833a,0.8256807321045685,0.025924220697128988
2098,qmof-3bc8c5b,-1.0589150750450953,-0.9157261018306337
2099,qmof-aa46702,-0.26303660195552075,-3.4670956757682756
2100,qmof-903f0ae,-0.10509618216093206,-3.511339860727662
2101,qmof-860ab15,-2.089948519352755,-2.5621155212406794
2102,qmof-dd19832,-0.21485082111813472,-3.4612448263613937
2103,qmof-d309263,-1.960663950115099,-2.740916761259317
2105,qmof-9d582e8,0.9418262657357724,-0.9800142726355555
2106,qmof-f0b9b6a,1.4018954155871513,3.723113169496047
2107,qmof-b2bccba,-1.5722153094624265,0.18446179868646834
2108,qmof-32c25b7,-2.025003804190075,0.41792230175938927
2109,qmof-c11d02f,-1.434883282219982,0.20955777125450337
2111,qmof-27df7c3,-2.134288917576883,-2.659413661442991
2113,qmof-d9b6caf,-0.10730778412257959,0.1224886873246537
2114,qmof-c242443,0.30614917137262515,0.18115765908876724
2116,qmof-640ce15,0.2270242851657375,-0.1389685391422112
2117,qmof-d932d4d,0.6871867401748831,-1.1369921227432105
2118,qmof-422136e,2.477980409499709,0.5409312204963633
2119,qmof-6b4d8f7,1.6733496330519082,3.7937529926057914
2120,qmof-7bfb86b,1.4786346439171338,-1.6638810347514907
2123,qmof-01c6cc9,0.6510676282125469,0.6192271559416714
2129,qmof-99861b8,2.229238759579649,3.4336342395446406
2130,qmof-16367a4,2.089319071347012,3.605283924092609
2131,qmof-ea2f1f4,2.1226076258416553,3.195486819680946
2132,qmof-8442576,2.0169104014181265,3.408463466584034
2135,qmof-0cedff9,-0.405147130909146,-3.4895479488404746
2137,qmof-4389c27,-1.6263313351486341,0.8998313163726385
2143,qmof-02c4706,-1.9133326557278851,-1.3505915138000053
2147,qmof-de5b030,-6.203460545144795,1.1224212580145456
2148,qmof-35f4c59,-6.481475622435818,1.1095007818101288
2152,qmof-fec9df9,1.238016084802585,-3.740926248967293
2153,qmof-2c173c2,1.3157434752258843,0.4402160448323114
2156,qmof-104fefd,-1.4039018462032273,1.222032844819715
2158,qmof-989a8f9,0.282440271408421,0.40100597665124793
2159,qmof-715f306,-2.0262578399920326,-4.317589840915926
2160,qmof-ceef48c,-2.0068822150333316,-1.3416223032133108
2172,qmof-e59791b,-2.1032804866203882,-2.6527915463804095
2173,qmof-c6e68a4,2.608288243156671,0.5137825951975058
2174,qmof-c933b3d,2.5220743318424494,0.5201650997586912
2175,qmof-759863e,1.3836030838130966,2.211935476082552
2177,qmof-765b27e,1.1126757170235104,3.4546560584833697
2178,qmof-7d4ccad,0.8159142292908848,3.2861072503083424
2182,qmof-8a4c3d2,0.19684366684499513,-0.3286468955442998
2183,qmof-e37432a,-0.38670936285573054,-0.5662128200682908
2185,qmof-ed4fdbe,-0.4778960985161539,0.6427055906595949
2190,qmof-42663e9,-1.9246731347497639,1.0478013323021045
2191,qmof-410f77a,2.007698469860173,3.2574818217872332
2192,qmof-8367b96,0.3334778988291505,0.43798851175991815
2194,qmof-0358909,-2.77779099179215,2.476170026876599
2195,qmof-b4d71b5,-2.662955750112812,2.5612024977210903
2196,qmof-072e137,2.426172579209324,0.621090726594906
2200,qmof-f909d4e,-1.6161262245512433,-0.8376832443074849
2202,qmof-bcb167f,-0.5593452307823112,-3.723065612838524
2208,qmof-1ad729f,3.4006620180473353,1.0243607229150165
2209,qmof-e8baa7b,3.0698645765685644,1.8396886731315854
2210,qmof-c4db1fe,3.7958485959085206,0.6273839457401456
2212,qmof-c6f02b4,3.1013929003845284,-1.589931492745757
2219,qmof-e9fbf5f,0.3537719557604319,0.016497404301800703
2222,qmof-625c1df,1.6941645438685924,-0.9504281935272255
2223,qmof-88ba9a2,1.9644291899653468,-1.1025441347526779
2227,qmof-9e63a13,1.2306070770553301,1.886349426837597
2228,qmof-91f17cd,-2.0501825966552287,-0.6522010003398158
2231,qmof-23f284e,-2.1693133450299857,2.7544631532346258
2235,qmof-f9535ab,-2.7695663462577134,-0.665963340662461
2236,qmof-bb55658,-2.3799365349209656,0.6123237460518527
2238,qmof-650269a,2.5642675172659675,0.5203418485800351
2240,qmof-09865e1,-1.5964895809581638,-0.29002567709980676
2247,qmof-0ceea80,0.10176166659419776,-0.05157514055949506
2251,qmof-4d3c423,-2.079083232655241,0.27293710932923343
2252,qmof-c7a9c33,0.24740932954806752,0.426028904421724
2254,qmof-4456d2f,-2.197965356224361,-2.6599586554719425
2257,qmof-eb4d8ca,-0.16792986901819706,-0.19444244410305395
2258,qmof-15c4a0c,-0.13154287665361758,-0.23728612574609945
2259,qmof-8624330,-0.0981279410451382,-0.2911927961480122
2263,qmof-3c043b0,-1.6849940301406026,1.2212909578201798
2264,qmof-7b78274,0.4877146254170383,1.6742052809936965
2265,qmof-f906424,-0.32190344926776177,-0.7576307664203474
2266,qmof-d7d1a09,0.1574006477111632,-0.19889112501974388
2267,qmof-8a4f36f,0.22859040713320455,-0.2051528793024896
2280,qmof-1b4a7d4,0.08649371803933606,-0.2121046268121142
2283,qmof-f7ddf20,-3.3810950960251627,-1.7349401529774675
2286,qmof-850847e,-1.618250105730043,3.152186792647296
2289,qmof-d7404eb,0.5768633740616931,1.2370345980717228
2290,qmof-305af65,0.6733198305288717,1.1130256660695168
2291,qmof-9c0d1a4,0.6755378972804307,1.0782100989563668
2292,qmof-af43c12,0.5842931459426631,1.020724501843363
2293,qmof-6f4c103,-2.142376042823674,-1.2655647465960251
2304,qmof-6c58181,0.17787478762677875,-0.18382078482572278
2307,qmof-043c0a6,0.5204746332640432,1.9997464629515023
2309,qmof-6011a1c,1.2732724448883308,1.7487406759273507
2310,qmof-4da1271,0.5428901025310477,3.4758774326954427
2311,qmof-1d6569c,0.29547783954382795,3.502704720949567
2313,qmof-5fe8b1d,0.13048127987544275,-0.14366643238071244
2315,qmof-ff00347,1.0332722945517718,-1.259219450048409
2316,qmof-81c0af0,-6.477989598074368,1.0625242184351549
2317,qmof-785f2a9,-2.7002398915158827,0.6923444934205293
2319,qmof-ec4b488,0.7264022883161437,1.577764564789198
2324,qmof-63e7ce0,-1.9118998884375433,-1.3660879522363465
2325,qmof-a0b1b43,-0.32337528988616676,0.9939521688106471
2335,qmof-357e9e5,3.0146682556267437,-0.44712415306437814
2342,qmof-a6f287b,0.3414921181975111,0.8422792916141342
2344,qmof-12bbcce,-2.0855296068800957,-1.118873430000166
2348,qmof-65b4335,-3.406627606101059,-3.797878523554996
2349,qmof-d4b0dbe,-2.9079349793920826,-3.3216666786455495
2354,qmof-2e3df5a,4.465605901608164,2.12419213586361
2360,qmof-9613d42,-2.9961056558458616,-0.678698698614091
2361,qmof-2a38bcc,0.030724453923441686,0.03895059557360169
2363,qmof-772c3d9,-2.1859508159350924,-2.8487562695333417
2367,qmof-3ad4380,2.2921739887566446,0.14284507575874478
2369,qmof-75041b5,-0.011025010770250103,-1.3285286927705295
2376,qmof-3b72360,-6.534259707535054,1.0838206293840487
2396,qmof-2737c15,1.6517988414933038,-0.9668313392012045
2397,qmof-be0b180,1.809426423648917,-0.9773002383983308
2404,qmof-688828e,1.4173588956411012,-1.6195293757669722
2406,qmof-2f6f56b,0.860522322173609,-0.9521955162543707
2408,qmof-c59c1d6,-6.653881541280953,1.4513435000115769
2416,qmof-726ab18,-1.9170606869535016,-1.3914919825563064
2418,qmof-5ad132b,0.5368466623639655,0.781979613578408
2419,qmof-aae4521,1.7450946380605952,-1.1766772897524633
2420,qmof-bf96c4f,0.33658318921370073,-0.2814598151197879
2421,qmof-d96997b,0.41148803434667747,-0.3902384142646663
2423,qmof-3e22e52,-6.496744593057374,1.1020139817840495
2425,qmof-cc4453b,0.41616787217027484,2.1043916558156996
2426,qmof-c28fec8,-4.162467216389376,0.6837299384532564
2427,qmof-ebb57c2,3.4521716086980367,-1.7263641498608848
2430,qmof-5a5a67f,0.5523988802544981,-0.26182530260709574
2437,qmof-99f4447,-2.0119343167145924,-2.788334207597738
2447,qmof-267cb24,0.3061469739664603,-0.03331071680882118
2451,qmof-a67f501,-1.5895898855212605,2.9784604212245354
2452,qmof-bdddeb3,-1.7735120675844445,3.0781671499966508
2463,qmof-4484e42,3.3158065532461984,0.6191746163291807
2469,qmof-65e8107,-0.41033281562672286,3.6697284603013443
2471,qmof-d8c6afb,-2.4229731593270207,-4.412349066240991
2472,qmof-cd300fd,0.13763368500554068,-0.10060274232323635
2476,qmof-b9cf90b,2.4623227080533967,0.32041305990836816
2480,qmof-f2b2497,0.08590827446583098,-0.22095220368132318
2485,qmof-75d19c9,0.2509675105270902,0.7298066207190889
2489,qmof-355c52b,-2.561459726026389,-2.6717053449519113
2490,qmof-084244e,1.6441143985977356,3.2041980122632063
2493,qmof-caa7611,-0.01152303611280879,-0.13759027961503084
2494,qmof-a8a3590,2.034317371758919,1.4504652403798222
2500,qmof-dd6d46d,-0.6027198229838093,0.466797464118861
2503,qmof-47c58b4,1.5028612312657388,1.0018033274014027
2505,qmof-1ab1346,0.04139144149311248,0.8588173386624384
2516,qmof-b1b8601,0.04826229952698449,-0.07389445311288582
2528,qmof-011c3e3,0.21740842974649313,-0.2763877317412376
2529,qmof-af95382,0.5797144898082454,0.5177647980992901
2538,qmof-0ae491a,1.9572870128078725,1.501542955997294
2541,qmof-c8c6644,0.25245603333597244,-0.16086093450391692
2542,qmof-9f865ef,0.19641764071199763,-0.2638354765091674
2543,qmof-a621406,-3.9945989230059937,-1.933076125921661
2553,qmof-0b31a84,0.044323498325567555,-3.744379210236108
2554,qmof-04e078a,-0.3033799514142959,-3.9177919816650126
2555,qmof-a7e7244,-3.3562857393123386,-1.6785814448152274
2559,qmof-5ffeace,0.5434327834172843,-1.1070777349962695
2561,qmof-b607432,-2.121488434341451,0.5903531660654258
2562,qmof-f48e20f,-2.379857637695429,0.6164265058997828
2571,qmof-ec16514,3.05155111537557,0.5578095257184389
2575,qmof-c1f4bcc,0.4362303561002683,0.16715381339564328
2579,qmof-f941a8e,-1.2531270088154272,0.9185314556263143
2580,qmof-d2f7e58,0.6057016051779139,0.8402183417916539
2584,qmof-af6bd63,4.242317586265841,2.2446718678981807
2586,qmof-bf74329,4.255000981318524,2.2894586036528515
2587,qmof-9179878,4.23025986863186,2.2397794021240047
2588,qmof-e5198b3,0.425436799668074,-0.4095559275199122
2593,qmof-9b31c46,-1.8528943260606707,1.510214350212423
2595,qmof-1f83181,2.195711101034612,2.994475324230778
2599,qmof-ef56436,-1.95970319732178,1.0764669550631158
2604,qmof-ab57480,-0.9819974002640094,1.3814169454747038
2605,qmof-1e9a2c5,-1.1367579251315798,1.5596483251199966
2606,qmof-edc5795,1.3774390776629228,1.2266747988814386
2607,qmof-24f41f3,1.2700386532973893,1.3099980824411284
2608,qmof-cfb5a35,1.4402991401155474,1.2227248344065946
2609,qmof-71cb066,1.3931415071437,1.2378514255240627
2610,qmof-510d507,1.333159171341966,1.3038571894867985
2611,qmof-a645700,1.4267261818400032,1.326187327367011
2612,qmof-46fc54f,-0.3922342270184361,-1.6214095671008222
2615,qmof-f70c543,0.33032138793506305,-0.2708565725439525
2616,qmof-1638d69,0.4967943285696248,0.3898771311975644
2619,qmof-1b95eaa,0.3259691621990936,-0.19479583015441687
2620,qmof-d0d4f76,0.4331287700916995,-0.14312798619125522
2622,qmof-77e8a1f,-0.36995220109037263,-3.8955680637592915
2623,qmof-2f1a847,-0.5234010127914805,-1.9449478274441774
2624,qmof-1a947f4,-0.8050043703341189,-1.7179019741374306
2633,qmof-1ffb434,-1.627507740617105,3.062023164094496
2635,qmof-248b9a0,-1.850749069962238,-2.440589405546125
2636,qmof-7375a78,-0.09420456114653485,-0.5536117870174132
2637,qmof-938e4e7,-0.18244816070439487,-0.1834542586794075
2639,qmof-041a99d,0.22202084625855806,0.6837646915677048
2642,qmof-22d1c6f,0.30799314539913325,2.025032130531243
2643,qmof-d79b3e3,-1.7611984383710293,-1.4306963560968178
2645,qmof-5c0f1a7,0.2895121273754849,0.6907930911073377
2646,qmof-531ae10,-2.5381919587319506,-3.289099517457374
2647,qmof-eb15a37,-2.413187977174422,-2.946723079574281
2652,qmof-6840970,0.12903477051934845,-0.4432188341030695
2653,qmof-015ea49,0.1649200815576518,-0.00039028003331905217
2658,qmof-186fc57,-0.0012786753368052087,-0.1032748591525889
2668,qmof-151eb43,-1.3866755557372648,0.3306418041466702
2684,qmof-2a1c512,0.8401729567113598,0.636667092447615
2693,qmof-108b337,0.15495444519370177,-0.2721345601345953
2694,qmof-9fc2616,0.47573322414318225,0.9690029953533597
2695,qmof-29090e7,0.23219765280093058,-0.0991958816273779
2696,qmof-7e45b51,2.5704764324821845,-1.5210900577126314
2699,qmof-4483808,2.5828584860820327,-1.5997456549320006
2700,qmof-5b9bf09,2.346831933111399,-1.5156082885057134
2701,qmof-99ec9c2,-0.7696250763155749,-2.2651254152380345
2705,qmof-58707d8,-0.7739413581802754,-2.1166735424260894
2706,qmof-eac3337,2.13283772090015,3.9603184721508815
2709,qmof-cd491a0,1.5781421229113957,1.8546430844670154
2711,qmof-1b50519,-0.03544031826333086,-0.2676575910902737
2712,qmof-c4350d4,0.2207920646032053,-0.27867500382682286
2713,qmof-726afcd,-0.3859981121966825,0.44557882665833787
2714,qmof-53516e2,-0.1598729008915067,-3.7210690733342324
2717,qmof-e79aee6,-0.2802078516022336,-0.07205526041728758
2718,qmof-6ba5b5d,0.24501121010301694,0.43764904833776513
2722,qmof-329a219,0.34847564234758194,-0.4443742344881811
2726,qmof-0d66641,1.5036648971247595,1.2629656715216944
2727,qmof-a9805bf,1.5979490693595506,1.1296051359870984
2732,qmof-0d463af,0.4841762494916317,0.17126842486309699
2734,qmof-0234a03,-1.7083073812219347,2.8759705867461527
2737,qmof-9c7b613,0.14624554216662733,-0.0988254197337391
2744,qmof-2da2c80,1.6578616269716842,-1.3330855060164963
2745,qmof-1bb977e,1.4603920992185333,-1.2268902827643076
2746,qmof-6e32feb,0.3370325594683433,-0.42457687344280987
2747,qmof-e0e1070,2.282958231700865,0.5592777781524297
2754,qmof-ed9d2e0,-0.011215133562363888,-0.1266762403506297
2755,qmof-61a8e50,0.35499444489275933,-0.1394970127998957
2756,qmof-2dc3acb,0.19669615270873309,-0.10648165836759647
2758,qmof-7b4940d,0.04228602697278799,-0.38518674995889857
2762,qmof-c767d72,0.21733780276405004,-0.26585146236515267
2765,qmof-7bf003d,-1.7018524839891132,-3.07104479884967
2766,qmof-bbd536a,-0.16637498266711684,-3.354743471264738
2769,qmof-b5a7a2e,1.8123162688744021,3.3521527951897956
2774,qmof-bc391bc,1.4628440340807953,-0.5977485137416635
2784,qmof-c8854ce,4.256615728457331,2.2498827940846615
2785,qmof-c178c2f,4.224166465424788,2.2338871594507594
2786,qmof-4d25d4f,0.09267621688390779,0.8006448092214041
2787,qmof-b1e53d1,-0.43276913505922393,-2.034890159551169
2788,qmof-862da56,0.3443123300544569,0.0017952267188603363
2789,qmof-3e925fc,2.1485868505601817,1.419212829460177
2792,qmof-803cdbb,4.157361508806606,-0.1605155524683405
2793,qmof-b4fc207,4.376435120079154,-0.23599760836833727
2794,qmof-444e62d,3.5773066344173365,-0.2640631710524336
2795,qmof-985a6f6,-2.095750211392063,-1.690896811459954
2797,qmof-c207cf7,-1.2936559590471635,0.25096044151365826
2798,qmof-46b501d,-1.432974963131632,0.5682866908090026
2802,qmof-a918c8a,0.00879460764754004,-0.19451962345114687
2803,qmof-7015fdd,-0.1864948588685601,-0.05082028953472402
2804,qmof-e0cb981,-0.09180502415313781,-0.26252981018359123
2808,qmof-815b847,-1.7441273437047597,2.907269841248281
2809,qmof-d7b29f8,1.2865023003717744,-1.4421232135549293
2818,qmof-7808950,-0.0822878919154524,3.6918762932501843
2823,qmof-bca829e,1.643130281159065,-1.5840907888604105
2827,qmof-2605824,2.3305044735665796,0.3258805369006641
2828,qmof-1b24ff0,2.0778880609806305,-2.24326147719452
2833,qmof-105dea1,-0.31407481230674694,0.12211962162897051
2842,qmof-3e5a59b,-0.10726054441810252,-0.36761196641851257
2843,qmof-29b2925,-0.07316361850686665,-0.2914268730669874
2844,qmof-6c1f31f,-0.6482019720375853,-0.3718078371049155
2845,qmof-fcfab15,-0.698382078798269,0.5202984466813222
2846,qmof-fc5343a,-0.3697124178921157,0.6494304647048876
2847,qmof-52b8268,-0.12268588336207237,0.9209713601282815
2849,qmof-ac415a0,0.16839020272672295,-0.24320251823868003
2850,qmof-547262c,0.2880280305076299,-0.11303899508343995
2851,qmof-459525d,0.001995976619775847,3.6901294128712356
2852,qmof-6c9cd43,2.908706110153975,-0.48480868449414005
2853,qmof-564a4e1,3.0069965631622306,-0.752851356919333
2862,qmof-76fe23e,0.3674532117519687,0.8770263510680039
2863,qmof-a5a3f01,0.2042532342808064,-0.187454797797357
2865,qmof-58e45ba,4.061411194795089,-0.2677082299817132
2871,qmof-361c645,-0.16947015987848338,-1.0117858485654652
2879,qmof-363055b,0.12517227208278303,-0.23028067401453187
2882,qmof-07d83a4,0.23862362212265473,-0.20315718254789455
2888,qmof-b6b6508,0.10664494453183865,0.7803034711020272
2889,qmof-6812d65,0.2540048433519541,-0.0731137943501119
2890,qmof-7245894,0.2085149904167988,-0.20367406005249822
2895,qmof-fbea80f,1.961787239140888,0.15930065061218218
2896,qmof-4624c90,1.3428020141005674,0.5367501408997865
2900,qmof-32f203f,1.9483741522242064,1.760516608835123
2901,qmof-652d6b7,1.9806142745250472,1.6824931054481744
2902,qmof-b12c68c,0.12474081953643583,-0.18126487817412712
2903,qmof-f88e6da,0.23088286792695747,-0.11317553118604229
2907,qmof-8e00017,-5.989013175698115,0.9747386127431757
2908,qmof-5613eb5,-0.39304672880728697,-1.9696940837615382
2909,qmof-4e1d408,-0.6474228092411629,-1.52977137294273
2910,qmof-0b68b0b,-0.538290348744,-1.9414961695648967
2911,qmof-885c941,-0.47137175623182864,-1.6665102208587281
2912,qmof-e8fab14,-0.5042851179009268,-1.4755293620428616
2913,qmof-af84707,-0.4103916983176835,-1.5820729191542982
2914,qmof-e4f16d1,-0.4265664842383899,-1.8282453675437993
2915,qmof-7875743,-0.8022003423362849,-1.3271775643112427
2917,qmof-dfef72a,-2.145150783006968,0.4981985518064977
2918,qmof-057afa8,-2.09489486282109,0.31997283869121995
2927,qmof-fd6ecf5,-1.6869698001452584,-3.821518704014655
2929,qmof-26b963b,-1.27736312289855,-1.961810165059886
2931,qmof-db59352,-2.958121503042356,-2.8914279604439344
2932,qmof-0571636,-0.024439972616314594,0.08504774624811948
2937,qmof-0f6b856,-0.5084367673470793,-0.5699517828533427
2939,qmof-9524655,4.328778130744667,2.2913421884308667
2941,qmof-f258d2d,-6.54623667255909,1.0541874205237065
2942,qmof-7ee523e,1.7849626019028513,-0.9957988432651672
2951,qmof-807839f,0.24989496672066744,0.40336418150038
2952,qmof-749fa2f,-2.6832649146185013,2.47436388821227
2953,qmof-9702053,0.16525268707983873,-0.09679832825985175
2958,qmof-6f65d13,-1.5758584221804086,0.6231620873580416
2959,qmof-5b89e7e,-1.7916469514994366,-0.6194565881404412
2965,qmof-5508e61,2.341541461371954,-1.4219399756428661
2966,qmof-5cbefb9,-6.5091400221282045,1.0914397375295892
2967,qmof-bff8c89,-0.1816692985125458,0.9257927583192005
2969,qmof-9564d97,0.9435766624109216,1.1781008133443964
2979,qmof-abc5fbe,0.7337156499988151,1.3267976345945334
2981,qmof-968365c,-1.9051461564398737,-1.3562783585702887
2986,qmof-63a633f,-0.905541672974404,-0.3316855820399095
2990,qmof-dca107d,3.718908912403762,-1.5753803505136765
2992,qmof-c660d46,-1.8488772155805087,-3.0723530414096
2993,qmof-cc96959,-1.6361575988339851,-3.0602306571265387
2999,qmof-e17ecdb,-0.2636117107926735,-0.9333018892185402
3003,qmof-bdc19f7,-0.2554151220305513,3.7009400041998495
3010,qmof-9bc797a,0.20811522378707525,0.39768843361946904
3012,qmof-60562ae,2.452178708904151,0.4515675631060652
3017,qmof-9963630,2.3940744310128874,0.5177349102788174
3018,qmof-6ddef79,-3.7997563988076677,-1.5809576777041927
3019,qmof-0f8fad1,-1.9494303889493754,-0.013051557325005835
3021,qmof-583fba3,-0.37605013225870515,0.34360626651207765
3022,qmof-933e26a,0.39305119217602186,-0.465133181122858
3026,qmof-bcf3e10,4.28311331288668,2.273467117110759
3031,qmof-bf84f9f,-1.1755445790494012,1.7261154982998306
3032,qmof-54f3ddb,-1.8509354628652552,0.8987600537202947
3037,qmof-b9817b1,1.626411161675992,1.1437218116107715
3038,qmof-ac38828,0.47409703508556317,-0.4028026987535626
3039,qmof-214cb7e,-0.007012969607964465,-0.2498561031160188
3042,qmof-fc70d86,0.7283710955043482,-1.8468349610514083
3047,qmof-dd67326,-1.5425387711001677,-1.1835224144015026
3050,qmof-a5309c0,-2.171336553763833,-1.2193118960324008
3051,qmof-8d40aab,0.4951645147000942,0.8817944513263876
3052,qmof-b8ef003,0.8108371314443295,-0.7797713078695514
3055,qmof-6e98dc7,0.5734552002863533,0.41295142889548014
3058,qmof-da7f6d0,1.1090719901680923,0.043239952033225296
3059,qmof-9168a42,0.21004042426229247,-0.19752977178686992
3064,qmof-82e3584,-2.1621152762450766,0.49818882426616296
3066,qmof-bae1677,-2.004349354657788,-3.2090259687082927
3076,qmof-1d91052,0.14011562287689466,-0.3696580412487523
3089,qmof-25e44c3,0.5173607067307171,-0.6497077472142161
3090,qmof-2c46e16,0.6092685376322738,-0.5132047620379484
3091,qmof-0df8088,0.5051013698985937,-0.5427492127713244
3097,qmof-9d64cd2,-2.0320836390404993,0.4931816166178068
3098,qmof-87793bf,-2.01185756267919,0.39747668380072754
3099,qmof-d484021,0.36882295597670156,-0.4356708891105125
3101,qmof-ea58ba0,1.4915486040600585,2.257478189130627
3102,qmof-a383305,-0.10596247083782798,-0.1460856224865749
3104,qmof-0111861,-0.24756947134743332,0.5717184194548304
3110,qmof-755582e,-0.6847034279259233,1.4379613583569806
3118,qmof-606fada,-1.689862221156735,-1.3721118206304412
3120,qmof-71354f1,-0.0016249972930445656,-0.303768084888754
3124,qmof-608a1d6,0.8286709242553861,-0.14398535603922147
3126,qmof-ca9f242,0.48258751643115116,0.46279372413376224
3134,qmof-adc0e78,0.12903555123424926,-0.15607248602699317
3136,qmof-a79fff3,0.05214748605819157,0.7306287748443339
3140,qmof-83d4ba2,0.3748440806813689,1.0919091672976167
3141,qmof-9d70000,0.38752488722597905,0.03059148084050816
3143,qmof-7d4acd6,0.007430759018343101,-0.1816283287004559
3146,qmof-ea9f3d3,0.26003964068815993,0.8334357774106429
3152,qmof-c9fe829,2.9606657448224634,1.1711008967433656
3153,qmof-7737967,0.24977350007806964,-0.32129717966964755
3157,qmof-b203da2,-1.485963680898865,-0.5890712729845712
3159,qmof-77701f4,1.4826171506902877,1.2813891706214235
3165,qmof-a0266d6,1.7797055820469911,-2.6358348059471317
3166,qmof-6b1e6f2,0.4482141339486938,0.1424100374644641
3171,qmof-fa3dfd9,0.6354412678454358,-2.7855607370028195
3172,qmof-585e841,0.8100311319662766,-0.10725878181554002
3175,qmof-2ae3ea9,2.942958830013572,2.125313318876114
3179,qmof-ef49c96,0.48726631653416336,0.2887601281097736
3180,qmof-80be73f,1.520147248687371,-2.4400733354479427
3181,qmof-5c97ebc,1.543382300631739,-2.295939146317312
3184,qmof-d172d44,-1.8099519237582917,0.2233634826142377
3202,qmof-5e8c015,0.26555501558905203,0.4138454318775774
3205,qmof-e32c58a,0.5508784372286214,0.8747052244220535
3206,qmof-5da988a,0.18530796213174522,-0.140771395877909
3207,qmof-fc9b6fb,-0.6628467084172893,-3.909225123479072
3212,qmof-837df85,-1.2324194172559737,-0.5697319845124649
3218,qmof-ed830ef,-0.022157836508253117,-0.5065285883148555
3219,qmof-20fc58e,0.4407181815980717,0.14411674786402967
3236,qmof-90bd8c0,-1.8497388481194064,-1.5044693001644003
3237,qmof-5c2c834,-0.4923360075889634,0.16998358203262265
3238,qmof-d4b9216,0.3159805797226971,-0.2225580518965457
3245,qmof-14d27f9,0.10380589192508784,0.06585593675046623
3248,qmof-a8ae4f0,0.43378084505651904,-0.023725536451942485
3251,qmof-aa5070e,2.5347263609325976,0.3411886563646498
3271,qmof-f0dd762,-0.017092883600680963,3.7159337074897083
3277,qmof-cbb978c,0.38483288229408863,1.13069761190276
3290,qmof-beae772,-1.301585333441127,0.42125290906753343
3291,qmof-204daad,-1.1636183694538142,0.5679944239509781
3295,qmof-ccf3afe,2.4348711668037435,1.0696409555776414
3298,qmof-39aa242,2.962219355481867,-1.7783271650975077
3303,qmof-2520893,0.11961615906316202,-0.14661535538124612
3317,qmof-dcc9417,3.345849140055869,-1.75772836002204
3320,qmof-e4693f8,1.0748348498131906,-0.13085994431651585
3321,qmof-ec69c82,2.4017482826086916,0.4146535143958265
3325,qmof-8a43e5d,1.0346665688110854,1.0819044899786403
3326,qmof-59b6c49,-1.9999300249291634,-3.285967780057967
3337,qmof-8ee832a,0.9636384973160497,-1.5492393948859688
3341,qmof-64386ed,1.732032655109569,3.6482292293861494
3343,qmof-62cf3da,-0.03984039663432619,-0.5531955680090008
3345,qmof-39d42bd,0.3839492026853182,-0.3868162956449292
3346,qmof-f995bd9,-1.460396752842634,0.7575453516666906
3347,qmof-be02dba,-6.603294311492312,1.130624218151012
3351,qmof-7a701d8,0.218428568582299,-0.17452207145245577
3352,qmof-5d4580f,0.09869057780727943,-0.22694411527329555
3353,qmof-1bef540,0.2587199081192846,-0.151231456775041
3357,qmof-1b058a2,1.3322489625060379,-1.3584699832205929
3360,qmof-dcb9192,1.0750137487480287,-0.23532212103119332
3362,qmof-53839d7,2.549101220572768,0.3898343406671478
3363,qmof-9b35a57,0.5273999015500611,0.48468406312508955
3364,qmof-95ac571,-0.2453576896083857,1.346552771362549
3365,qmof-efa5596,-0.21899386843267485,1.1783689342083976
3371,qmof-a3753d9,0.35803759370782795,0.80212934270429
3377,qmof-d4b95e5,0.29518252625620744,0.44201452229648536
3379,qmof-b01b0cf,0.36117990220149354,-0.4365341459183781
3385,qmof-5019d12,-1.9293706252196066,-2.74274142351384
3388,qmof-392794c,-1.8933068907788302,-2.747380459953463
3389,qmof-961130e,-1.9145976895490142,-2.6565837787057114
3396,qmof-1464054,-3.614548059267104,-1.4189359618293416
3401,qmof-310622b,-0.08959156556228343,0.9848559725873841
3402,qmof-92f548c,-1.8373165178182864,-2.831998781441647
3403,qmof-f26e77f,-1.9171334957213708,2.893562819126237
3420,qmof-dc4d4b4,2.1788824002354104,-1.9114781569819725
3421,qmof-c493de2,1.2845224478664603,-2.294385659168806
3422,qmof-c16efca,1.6228760410430383,-2.357414557951878
3423,qmof-7baabe7,2.6155025158330867,-1.0495410625586274
3429,qmof-d3d7d3d,2.4170403846644453,-1.357347847572401
3430,qmof-722b6f4,-0.3292688603215296,-3.7025791835742097
3433,qmof-b934547,1.1021938825071258,1.2178408165046037
3439,qmof-3cf8e56,0.2698782274381682,-3.3995899780042715
3442,qmof-42326c3,0.18420074561131297,0.6843126606856609
3450,qmof-26f482f,2.5240855040836143,2.102319385836602
3453,qmof-badd34a,0.9811893673151842,1.0729563243891207
3457,qmof-efcd220,1.1958212527956422,-2.725308912163012
3458,qmof-36bc27d,1.4345994319835398,-2.574018684945748
3465,qmof-974b2cb,0.3544899492462041,3.757656601106845
3469,qmof-4e88a03,-0.7042386061579772,-2.0962636182894
3471,qmof-dca4eee,0.17082941341608965,-0.22881443542702984
3472,qmof-f6f5702,0.11466119620250605,0.8892328943989007
3485,qmof-55d44ac,0.21827668243598042,0.36144489340631414
3487,qmof-23e95ee,1.0757275537142783,-0.5311145088868807
3488,qmof-aef676f,-2.7646558782889574,-4.828511007552611
3496,qmof-50cc0b4,-3.0114169717501666,-1.263323271545821
3505,qmof-72acbf0,-0.014219891944687209,0.00880564245701138
3509,qmof-ae76967,-1.8772492177167663,-3.3413211946546477
3516,qmof-ace921d,2.7970513091387854,-1.3950176770387128
3529,qmof-3a4eae0,2.936324210936386,0.311405529061166
3530,qmof-05dca7c,2.883210604700806,0.3949786854055011
3531,qmof-374f54b,2.683759559775275,0.460627992855238
3535,qmof-5ed3f1f,1.6585427023918646,3.5028159165589576
3537,qmof-bcd71bd,0.16439516755631223,0.028184198566056445
3538,qmof-aabccf4,-2.5986317529391245,2.361138731252964
3539,qmof-83ae4f5,0.11924008653487271,-0.10434002429004506
3540,qmof-87bc560,0.13698367395648797,-0.04141337289362493
3542,qmof-ba6634e,-0.12866514442895374,-0.25464269497121556
3543,qmof-100c4f2,-0.12140434854793362,-0.243110807631246
3545,qmof-07498ac,-1.7302823641532425,0.8061436431389815
3546,qmof-57ca61b,-2.007449551708773,-2.856914989522819
3548,qmof-5b57e19,1.743892108252745,3.461966874580089
3549,qmof-e5a2fd9,-0.6572063992189373,-1.1058435391188086
3552,qmof-44f9a2e,-0.0033197137909562156,0.0218356642185412
3553,qmof-be46534,0.4792497432214058,0.6920613458956928
3554,qmof-d3fd7fc,0.030780670622316663,-0.17070614312452312
3555,qmof-a37c7c3,0.21559565310627535,1.021994827300235
3556,qmof-ca938fe,-2.9263634517053374,2.252101355762629
3559,qmof-21f2274,-0.1457661894767122,1.1034866455481056
3560,qmof-a98044e,-0.23197859144952984,1.128827289998107
3564,qmof-097389c,2.6378743938753795,-1.4879924342632505
3568,qmof-1f33604,-2.5362717630202813,-2.452189231130943
3569,qmof-6396d5e,-2.394151360879082,-2.704399501414864
3570,qmof-5098afc,-2.2606182764236973,-2.8096201470128426
3571,qmof-2dc97fa,-2.33166845545366,-2.7942805586880173
3572,qmof-b9f5dc2,2.5861946480126363,-1.2660153265583332
3573,qmof-88f5b79,2.6211845026754133,-1.2955155478424865
3575,qmof-ceeb95d,-0.4592027920204826,-0.18798654705926396
3576,qmof-6492d35,-0.3927500152104681,-0.1338442363539523
3584,qmof-98a73a2,1.8251279978932973,1.9818983707919053
3597,qmof-50a10db,-1.7973145606951457,0.9638232948535349
3607,qmof-7ff9d4f,-0.18728700185686104,0.3650769765377958
3608,qmof-0a59973,1.2301442348095482,0.509003754682005
3611,qmof-1a4d0df,0.47006799739523397,1.5946152099532611
3612,qmof-b6a032a,0.4076491065752872,1.5488188925666355
3614,qmof-85bf949,2.690847682821167,1.373139204868121
3617,qmof-dfd0917,-2.114395057370124,-1.5097676558883524
3618,qmof-26df13b,-2.181382769393611,-1.3578907851522917
3619,qmof-dc7e5a3,-2.3616285626400413,-1.4765922585598255
3620,qmof-ea9f3ea,-2.237633755003747,-1.3717391635157326
3621,qmof-ba345d3,-1.716137623168319,2.872538129145857
3626,qmof-bf9cc36,-1.4079909332996687,1.0552553531737319
3627,qmof-9f8865f,-1.5392184888236986,0.8951574834099117
3631,qmof-df1934c,-2.923022468285877,0.019716412865422576
3632,qmof-c3b4381,1.5008110980453981,-0.008792635879659297
3633,qmof-77d7928,1.7220896704191282,-0.07971301050764754
3639,qmof-106093e,0.19392964909042973,-0.14364085754277683
3640,qmof-67879cc,0.3552324337176246,-0.17949528342992188
3641,qmof-59cc2cc,0.036944196441465724,0.18123517643231687
3643,qmof-597759a,-6.63614613536349,0.9938133144152533
3649,qmof-1dc30c4,1.0956102809747557,1.0200233976312174
3652,qmof-ad50634,-3.3232699049538064,-0.33264592567282397
3653,qmof-85140dd,0.5637808588608896,0.41741810623790115
3654,qmof-fb21497,0.49079961997094024,0.4349330640800633
3661,qmof-8fef316,-2.665496212250415,-1.1334887445480777
3662,qmof-d01208e,0.05208142954795804,0.06462727701865632
3663,qmof-5a36ead,-0.0618889003757533,-0.18624143380868116
3664,qmof-e0d16c1,-0.167994703210439,-0.2589004274537815
3668,qmof-089940d,-2.936985692413201,2.0071080076704484
3676,qmof-470a8bb,0.6954297747826663,3.3153991693273253
3677,qmof-aff01a8,0.41549128888171,0.18747104187157448
3678,qmof-3672a79,0.11965734343776208,-0.15627513637334473
3679,qmof-9a528f1,-1.5551285937620676,-1.4916312484252565
3682,qmof-ee96c92,0.04576761363289916,-0.36873006465525815
3685,qmof-0a13fbf,-1.1852608520827757,-2.047819206558999
3686,qmof-1a08aae,1.8423981086725012,-3.0311833164803823
3687,qmof-d8d2250,2.067729090987338,-3.087578117147563
3691,qmof-6891316,2.2839787869398407,0.49900293642676585
3692,qmof-2069140,0.08429733791049247,-0.05080482609252496
3693,qmof-0e5c999,0.10112592718560244,0.0240727233593288
3694,qmof-edf0a1b,0.03638385528348163,-0.13230524330662405
3695,qmof-c6174ca,0.07182208588726473,0.02192623212266047
3696,qmof-3de7905,0.14785056001642816,-0.030992463290513785
3697,qmof-cc8c19f,0.08592681970075892,0.0365170343995874
3698,qmof-faec029,0.14675204268844827,-0.059087638548438924
3699,qmof-194f61a,0.062205637661992746,-0.06548726349067142
3700,qmof-f28d7b0,0.183436606347832,0.020159576780415554
3709,qmof-d7035ae,0.2806149953305495,1.637336604568659
3713,qmof-32382ab,4.3103472019455795,2.287999959377766
3714,qmof-1637dfc,4.396633879505998,2.324877890510518
3722,qmof-9b2e1cd,-2.2417464742707542,0.5951226492553529
3723,qmof-8312100,0.5606915748749562,0.21502540086624225
3724,qmof-a7dad4f,0.513818253660185,0.30867774448163104
3725,qmof-8df56c1,0.07254841027100342,-0.1592069886861401
3727,qmof-17de1ea,-0.0434949311674676,-0.014516388502021117
3731,qmof-d450a60,3.3513327424332253,2.1643192431334524
3736,qmof-e073388,0.5595783325537826,3.2513574997079644
3737,qmof-a335887,-0.07005068574341852,-0.2688868025741389
3738,qmof-15a2fa5,-0.07960175743046284,-0.33655551716612575
3743,qmof-d499930,0.19951940805449156,0.3727600099765052
3744,qmof-a95989e,-1.9873048441839707,0.3723831537740207
3746,qmof-da71b94,-1.3158056661070323,1.922877986765987
3747,qmof-730d513,-1.3377241760959733,1.8282716498832552
3748,qmof-36aebf6,-1.4102892605943163,1.794066799233935
3749,qmof-cb3abbe,0.9310460063975268,-1.4097054928272874
3753,qmof-adde5e1,-1.9156502448344754,-1.162693613711192
3756,qmof-a0b71cf,0.018950169180911584,0.8471668841149556
3757,qmof-2de6209,-1.7695533000284158,0.9162857374469345
3761,qmof-2991840,0.2710466849582469,0.6573724469316031
3762,qmof-38716ea,0.027107490686073703,0.7115187261916264
3766,qmof-41fd55c,-1.734475040614459,2.885086253303012
3767,qmof-08ea2da,-6.253966863726285,0.8417583675014106
3775,qmof-b9e6452,0.3590920725675504,-0.2048067117434716
3783,qmof-473d2b6,0.13946707503812808,0.04301617403125799
3786,qmof-3fbd724,0.8307253942463253,-0.07724829451122492
3789,qmof-b8ca403,-2.274410048966067,-1.261998253575454
3790,qmof-bc26dea,0.3702720957511037,0.028940607176175866
3791,qmof-7fad017,0.274833122947164,0.15161281320307415
3795,qmof-527e32e,-2.003967517113587,2.7889408138011733
3800,qmof-32b45cc,0.7291424112774133,-0.22025345874693752
3802,qmof-82f44d0,-0.16515072783760604,-0.41025898672456834
3804,qmof-351499c,4.285490941491691,2.215332521404166
3806,qmof-feff9d6,-1.9361557892805201,-4.286926867035356
3809,qmof-47fda92,-1.8412887436361005,-1.3041454623897615
3813,qmof-d73a212,0.1519016856920574,-0.26752173796616135
3815,qmof-cf5e7be,0.8569222398968807,0.41268247769500627
3824,qmof-90ad635,0.36372305750998013,0.9557961465615151
3831,qmof-aec3728,-0.061168543497621214,0.8540103270217321
3832,qmof-bb87ad1,-0.23555290856664288,3.6670914113488804
3838,qmof-3a81f31,0.3003469149019523,0.9319640742375258
3839,qmof-b654313,0.04589219482908551,1.0043347261174072
3843,qmof-538ad34,-0.1394736959469714,0.19047560062406807
3844,qmof-5404d7b,-1.9933562123020554,-1.0921852495766784
3845,qmof-a3f3e94,4.321608148510253,2.291579574814345
3849,qmof-49e1de6,2.449864615814148,0.43625411483544657
3853,qmof-7fbccc7,0.1547373190066669,-0.1620778265688981
3862,qmof-52782af,0.020777265427793803,-0.4319506864728267
3868,qmof-1967cf1,1.4636517037132157,4.845401908480053
3869,qmof-cd8d6d2,-0.03936379473978288,-0.3082768722752619
3870,qmof-42129bc,-0.01661587843394892,0.22987706503774605
3874,qmof-c80cf5d,-0.03735573112161887,-0.1718948165465586
3882,qmof-f90a6ed,-1.898577156307114,-1.4074752389944232
3884,qmof-fff4e91,-1.3478804545262355,-1.6595627134779876
3896,qmof-212a59c,0.2274548489223536,-0.2093385686758417
3897,qmof-25be31d,3.1678080863950964,1.9174390218783903
3899,qmof-81231aa,-2.5365642257558045,0.9235252169673711
3900,qmof-26b69bc,-2.353778450501697,0.9334338995017663
3901,qmof-7570f80,-2.0691128344718606,0.8900719065233441
3911,qmof-04a6cff,-6.4400689767814265,1.2595668844372323
3915,qmof-4978721,-0.07040269287488023,0.24527451884572155
3916,qmof-44e870d,0.23072984410112105,0.8553351269718278
3917,qmof-ad64f0d,0.14490629352315948,0.8227030249865559
3918,qmof-96dbdd3,0.18260370715688792,0.7307679068095425
3922,qmof-0d1d4bd,-0.3812826249516127,1.4186862504938693
3929,qmof-4c64da3,2.332965684049521,-1.0912353280067826
3930,qmof-4a7bb80,-0.05329533869404632,-0.09365785806094216
3931,qmof-22cc2ed,0.5060451417717835,-0.38110635333982645
3932,qmof-a2d700a,0.6007579499190856,-0.4208629095012679
3933,qmof-54602db,0.4587199469275119,-0.37975398916251124
3934,qmof-132ce90,0.32318572021498865,-0.5094675054491137
3935,qmof-ca4d273,0.5181762144461988,-0.8338719670753165
3951,qmof-6da46e0,0.13412314696809083,-0.07792100588252555
3964,qmof-b326b48,0.4142019976921169,-0.20294356167798772
3965,qmof-5e9d023,0.09668781108581495,-0.35534379998922555
3973,qmof-4e2f215,0.9405909095695819,1.6914328778456786
3974,qmof-a5390e1,0.7785757432361514,1.7107765557484298
3979,qmof-d7fa9b6,-1.8007055301358175,1.256169638983782
3980,qmof-278bbd2,-1.6787540547978872,1.4328762674624709
3983,qmof-0e3bec5,-0.16368036942872644,-0.1795864662216054
3984,qmof-bc8db61,-0.1399252046599233,0.5265607283587328
3985,qmof-acb9f64,1.4137911345583085,-3.906346183804389
3986,qmof-3bb252f,1.3604894886631076,-3.984225222890198
3987,qmof-4534e74,-1.9394461526938231,1.2221569126036937
3988,qmof-c753207,1.4804797086571777,1.2653998831242952
3994,qmof-feeca2a,-4.338890851584202,-2.1444643483893566
3995,qmof-600e097,-4.311744020722388,-2.1455196400680037
3996,qmof-5feac13,-4.282827376286428,-2.1140936209377323
3997,qmof-be41de7,-4.54997740601809,-2.030075688132803
3998,qmof-3df82ff,-4.282795098746234,-2.1134146969380163
4003,qmof-885c8fc,-1.9536848045051618,-2.434511210252495
4006,qmof-8b9c6cf,-0.33711483024326894,-2.0497530975324794
4007,qmof-d798ea0,-0.22626086912210042,-2.2475819306312266
4008,qmof-0455cd5,-1.0879888119519865,-1.657851679496961
4011,qmof-55e124e,-2.7330868036445555,-0.9737891127819688
4022,qmof-8615dad,1.323257209133154,1.4794223233837618
4023,qmof-84e2164,1.7425752656344862,0.9516038596997868
4024,qmof-6797aee,1.6317191248937388,1.1902053596564799
4025,qmof-4176e77,1.2511170747162836,1.4984773796788258
4026,qmof-6eddd11,-1.718591552420806,1.226313440870324
4027,qmof-4fb8d06,-1.9144392361953293,1.4662034184703128
4028,qmof-4b509da,-2.004030540423667,1.268359649374524
4029,qmof-df18093,-1.9406130925238891,1.1676171797260866
4030,qmof-e89276b,-1.980480948969763,1.2365704092553782
4031,qmof-2102fc6,-2.018167134416701,-1.3321845126506193
4032,qmof-b115514,-1.3892723860491247,0.2658881684386426
4034,qmof-85cd36a,-1.7902466293727846,2.774821408485111
4038,qmof-2f29597,0.42442926904102435,0.053058675761269124
4039,qmof-311f3ba,0.46578305795498853,0.1599704336830952
4040,qmof-274118b,0.5536187763199457,0.19563048176852885
4041,qmof-6332593,-2.0075307691175057,-2.640893821453257
4042,qmof-76ad7d9,0.2788329208946019,-0.22220094594023204
4043,qmof-0984968,-1.6586454411349993,3.0688901354904004
4044,qmof-8b5797b,-1.6968859168964188,2.9182344081533826
4045,qmof-953f377,1.5612849572784129,0.06487618277905739
4046,qmof-e7ef967,0.5868732838753671,0.5174673944651903
4048,qmof-c96d53b,0.030860818379369874,0.0007229192793303651
4049,qmof-849e68b,-0.9504344469649028,0.7678587657506124
4061,qmof-b28c140,0.10925324812438275,-0.17529312563574895
4070,qmof-ba5af2f,0.09044770317241783,-1.4390554276903738
4073,qmof-1cc7f79,-0.075086970836847,3.6388087779476144
4074,qmof-cfb0f9e,-0.2170162977584548,0.06627382015698492
4075,qmof-ad87731,-1.7190909917047519,0.801565528436998
4091,qmof-4e41fb5,0.2032701192355927,-0.02683689124908822
4092,qmof-ab2218a,-0.10963330428374272,0.18704936990459228
4093,qmof-0d15be0,0.6074199568392377,-4.088974716136014
4094,qmof-0c12dcf,0.49897718542832253,-2.807288692832816
4095,qmof-3d7f145,-1.6996658483649802,1.0042317930722042
4096,qmof-477477e,-1.7072994505994499,0.7119972603387761
4097,qmof-d53409f,0.07057243441234667,-0.36518990223745096
4098,qmof-dcfb961,-3.0017599250066067,-3.343249245035387
4100,qmof-debef81,4.318279116329403,2.292853637217118
4105,qmof-75317e2,-0.37709994527075946,0.9162590958615099
4109,qmof-16ba929,-0.019080483616251007,-0.1268406336890416
4110,qmof-00aefa9,-0.22976907624219864,0.021223847853236714
4111,qmof-3bf519f,0.7270865612323936,3.5526918753855377
4115,qmof-8ca775a,-1.911756255704324,-2.729743988816215
4119,qmof-78cdf5d,0.09376846016221552,-0.12178264899060713
4121,qmof-ffe2d1c,0.00446971631134678,-3.0144461903081607
4127,qmof-f5e3913,0.5220813054351489,0.5549099579835339
4133,qmof-5195997,4.229061478138969,2.2360498727893106
4134,qmof-5dbcf37,-2.541960219032845,-3.273017082081778
4135,qmof-6a6c7b4,-2.216623506475838,-2.8971699749847386
4136,qmof-7b2dc36,0.7101047193713759,0.6045153344886653
4137,qmof-dfad244,0.7827036128552969,0.552321787260599
4138,qmof-8d35173,0.8184034850257306,0.49450750657129616
4145,qmof-e88d26e,-2.6462474969544605,-1.2473329550939574
4146,qmof-c9439fc,-1.4511023822597835,-2.878654666855661
4158,qmof-f7b6ddc,-6.534086817897254,1.0831356574172002
4161,qmof-600a290,-6.395311676738423,1.0585499351155698
4178,qmof-728d8c0,-2.0887749993391305,2.7297932954959383
4179,qmof-f23061e,-2.193005069347853,2.86734795270768
4180,qmof-d3f640f,-0.22853427235523668,1.2988514342527786
4181,qmof-4fbebc6,-6.312831519642341,0.9161471390382268
4182,qmof-6b33db5,-2.235971796742555,-1.3450543187435067
4183,qmof-229d67d,-2.3399883176880327,-1.1706912716987534
4184,qmof-b4f1709,0.10028423739998338,-0.014243959704998683
4188,qmof-59df15e,0.05792349243328444,0.00965704058121625
4191,qmof-c330eaf,0.1456519558666935,-0.07687983882777905
4196,qmof-a2d95c3,0.1329668653841553,-0.2654375655976688
4198,qmof-4c4d6c3,-0.5760344239693551,-0.42197830788395646
4201,qmof-ba7bac6,1.6225430489906678,0.6398998746490504
4202,qmof-26670ca,3.2929148153285586,1.554846010463514
4208,qmof-c6fb628,-2.1050674226893826,-3.0085370052621783
4211,qmof-165fbc5,0.03737667469541347,-0.01318769817506703
4212,qmof-51e54c4,0.09581996487632767,-0.135228744299698
4213,qmof-a46669a,-0.5417227099845658,3.4772533232415985
4223,qmof-d3530bc,3.324551239837054,1.266887783194256
4228,qmof-1013282,0.42583843738181015,0.9096552528666494
4231,qmof-56a07fd,-1.6859358427772098,2.9756159945937948
4232,qmof-fb04ded,1.3593958230286196,-1.1996397947220447
4234,qmof-eed4bda,-0.052534033731136076,-0.02512044880322358
4235,qmof-2001b2e,2.4405372977166495,-1.1911763834911853
4236,qmof-bfb991a,2.4075339695616162,0.3432752028774083
4238,qmof-98535c0,-0.3219868581438956,-0.3688968554779953
4239,qmof-2384a20,-0.39852296322687947,-0.14521080460815872
4243,qmof-1f08cd7,-2.1886054969550988,-2.381188158696118
4249,qmof-27acf12,-0.04380034929224042,-0.32264068168045845
4250,qmof-98871d7,-0.20048668374408243,-1.2955816404260199
4268,qmof-75cf53c,-3.240117263698518,2.3076621207256918
4284,qmof-4a6e2c5,0.4675453575421391,0.2945430987867245
4285,qmof-4453ec1,-0.4369310525271808,0.7590478733708825
4286,qmof-ac615b9,-1.7059355162504668,2.715746810090671
4288,qmof-4b38c0b,1.7512752593599243,0.05270358747821882
4289,qmof-bda2f7d,0.3451170746094803,-2.3115862160556175
4290,qmof-fb69c56,-3.105190181999719,2.148483922943009
4291,qmof-4f9fefd,1.0503811821063462,-2.1232048428678914
4292,qmof-77df350,0.49930707362848287,1.8672526905046636
4294,qmof-cb3237c,-1.3931394725042583,-1.6349337371915647
4298,qmof-b233d71,0.08346628074858768,-0.05900449272726691
4304,qmof-08e86ed,-2.3238951024401135,-2.4098502658993075
4305,qmof-919c532,-0.1763368152932469,-0.1648993247957293
4306,qmof-d8fda74,-0.06613488543414313,-0.2727787551989676
4318,qmof-dee93f5,-0.18240128594102198,-1.4142305949446383
4321,qmof-59cc8f1,-2.7079770147768865,-0.8136813599656982
4322,qmof-f5b20ce,3.274255445478885,-1.5493760562868617
4325,qmof-956de34,-0.7442175932848971,-1.9652368886925167
4326,qmof-79d5925,0.5131131734875568,-0.24115027077572962
4330,qmof-847d3d6,2.6253798437387887,-1.1453291732592252
4331,qmof-90cd704,0.04454069220770777,-2.359802818946654
4333,qmof-271c0b2,-1.2267662657812826,0.6993508816087706
4337,qmof-3480067,1.517006610590311,-0.33119046241811184
4342,qmof-93add93,-0.20291614173440245,-3.4683778604438418
4343,qmof-cac4d89,1.0623858228006944,0.69545627452095
4344,qmof-c406647,-0.224788012789197,-1.7048867442096842
4347,qmof-3c1d573,-1.5506991217937591,2.7644178551356307
4348,qmof-f287d1e,0.7895788522035961,0.8160999043730667
4351,qmof-7662f0b,-0.9070284545248716,0.40307350996763686
4353,qmof-1242490,-2.4788294266112385,-1.6338693366820196
4356,qmof-4203cdb,0.1750676176852726,-0.4222350128980625
4357,qmof-30641d6,0.8199634588572677,0.5391328977264127
4359,qmof-835565b,0.4202860735094379,-0.3057949875061459
4360,qmof-9342989,-0.08565744048912471,0.9878091025090976
4361,qmof-e0d492d,-1.4784640707004315,-1.5594105460355927
4362,qmof-0ee4bf6,-1.2523467712577137,-1.6291324681878145
4363,qmof-0c04920,0.2218987062638638,0.1244873188015281
4366,qmof-b7a3995,-1.9669513205297722,-1.5075929260917484
4367,qmof-11a42ea,0.405318606516742,0.7140711687360451
4370,qmof-1d8ceca,0.20232608288838558,0.6879468922978029
4376,qmof-5de5775,1.3587728047884002,1.930407942787071
4377,qmof-3646488,0.813648064505695,-0.8248589383256254
4380,qmof-aa922ec,-2.323944389867439,-1.4158004205258217
4381,qmof-bf53c51,-1.440471985525253,0.4905196479394754
4384,qmof-111a832,0.43972962847293134,1.5671783678748645
4385,qmof-9883216,0.18966195880496112,-0.2237627908065021
4387,qmof-39429bc,4.543392126811069,2.336967960826516
4388,qmof-1a8e535,0.9667472989485519,1.1059741573459048
4390,qmof-22ca4f8,2.567449663535492,-1.3019687802847888
4392,qmof-cae2bc1,3.663496406767718,-1.7092886175036006
4393,qmof-3b01793,-1.5644380377074838,0.5379992639215593
4397,qmof-1b5f81b,-1.0631982909176505,1.1620425056286803
4398,qmof-9a5badd,0.3345073147279212,0.93863046245892
4399,qmof-a1de810,0.9472572230660714,-0.7494766186672899
4408,qmof-cb220a3,-4.15987704069315,0.7201586217779296
4409,qmof-01a27aa,-4.167449364446324,0.9218792875941477
4412,qmof-0c64ba3,-0.236649067800236,-0.05867150896496924
4418,qmof-5ea8960,0.5628261094701171,0.43902816173678083
4420,qmof-97f8d81,0.46814187051662054,0.7530340997583299
4424,qmof-af0b1e5,0.9467077066860233,-0.01938799731982885
4425,qmof-ec7b9ee,0.9447524133139314,-0.12387701867709469
4428,qmof-6581895,1.3946900254411625,2.74709009922373
4436,qmof-aff929b,-3.9418867444473085,-0.6151292673103604
4437,qmof-5bedea2,-4.162243572268162,-0.6343295609284583
4443,qmof-a7f9c95,-1.7739998305496074,-1.2770688687344496
4444,qmof-c00f8d0,-1.925662326363297,-1.6256849860844858
4447,qmof-2fb75c8,0.49503368662940056,0.17328767549341284
4449,qmof-8bc7424,-0.4821232683600949,-1.2516487579229747
4450,qmof-430b4c6,-1.9341806285861278,-1.477064408331782
4451,qmof-fe2b16d,0.133038476582573,-0.050577400702763495
4452,qmof-ca0f1bb,-2.1524844727817602,-3.309091636611583
4453,qmof-b07ce39,-2.0061031979038657,-3.0055822695237073
4454,qmof-bad0c1f,-2.160840402880019,-3.27755476104613
4456,qmof-26b83f7,0.05733984792716045,-0.042869196600135225
4458,qmof-19a5867,-1.6393771599821703,-2.5469692559561294
4464,qmof-b70466d,-1.7969669032907694,3.3151128460061194
4465,qmof-83bf23c,-1.6599431323193006,3.0720103506534264
4466,qmof-b71cc86,-1.5044263080656193,3.197725951247912
4467,qmof-3a1f7d3,-1.672434175040734,3.5040878706387506
4471,qmof-1b62c0a,-2.108502206111756,0.49625282973254176
4472,qmof-073a0d6,-2.8660813984408677,-3.2349111053066473
4473,qmof-c5f786c,-2.9809675210580258,-2.9521339884196456
4480,qmof-091c04b,-1.9217607905702605,-1.3803273557100522
4481,qmof-3862c80,1.083748438533086,2.7361820266790726
4487,qmof-77855e7,1.7449860001724085,-1.1970558985380702
4489,qmof-a1bc243,0.21437684500220688,-0.5075248034164578
4490,qmof-e6bb80c,0.33417147461213054,-0.4939342623069794
4492,qmof-dd0e039,1.346633238177276,0.8795794153949289
4493,qmof-46bffd8,1.5455561673143121,0.9331048055605881
4502,qmof-f174ce4,1.1406925422777847,-1.383294433053878
4508,qmof-4f2bf7e,-0.3598341153335762,-1.9778233163461159
4512,qmof-964299d,-1.923743069545748,2.454908317894729
4513,qmof-9d735a6,-2.016129011448016,2.7572275146939043
4514,qmof-067d9ef,-1.4657443950990487,-2.5922551946076573
4519,qmof-dbee9b2,0.19418492298285384,-1.6410168578696183
4522,qmof-ab3cb93,0.4854396571788469,-0.3205756781059563
4526,qmof-fbd4fed,0.47571066770665227,0.1907465218865741
4527,qmof-2b0af1b,-1.9280913017258168,-0.5202428108980617
4529,qmof-ebfa7c9,2.1966426690174634,-0.2191863283780308
4530,qmof-addc8ec,1.3957760766812328,-0.3603940237185131
4537,qmof-1cc7dc7,0.5705416733986859,-0.21744991946741513
4538,qmof-0efcdca,0.31862764173822633,0.37400154781854145
4539,qmof-6690796,-0.1147085451712356,0.4640989123670217
4542,qmof-df44cd7,0.02604332414048114,0.006948172254020418
4543,qmof-f103f24,0.9545588529057635,0.4909467567559958
4553,qmof-2f1cd7a,-2.5242099797654682,0.6500637790452595
4556,qmof-dfc0e67,0.2055292150424487,0.7474621457271524
4561,qmof-91daed1,-1.7915969591105445,2.9474894603281454
4562,qmof-82af598,-1.7564806806388114,2.854013612234496
4563,qmof-18c2abc,-1.6026729060664953,3.014399819756493
4564,qmof-f51bd53,-1.892454455722652,2.7760020533581313
4565,qmof-ebb8ba1,-1.6956406331348857,2.9449609280718283
4566,qmof-923d007,-1.8611055602692577,2.7638034203359667
4567,qmof-dcb6b1b,-1.747433252262236,3.1159682322891826
4568,qmof-d8a055c,-1.6809092144792497,2.974771167231901
4577,qmof-3e9bb7b,3.352181118696809,-1.6328001059992823
4582,qmof-b396375,-2.338501284446597,-1.4090738006914918
4583,qmof-59219a7,0.21657958217554873,0.831867492048808
4588,qmof-fa0c5a7,-2.46674181408731,-2.4716492762472626
4592,qmof-6ba3702,-2.343994987219163,-2.470436839085676
4594,qmof-02c648a,0.48495374344307796,0.7910608883515942
4595,qmof-6353b9a,0.25995228706486434,-0.1642116296773044
4596,qmof-b8acaeb,0.08861932925874273,-0.10190165016790678
4597,qmof-3dab219,-0.16583267243935737,3.6419090544379924
4603,qmof-b697d31,-2.3315762403193556,-2.590520097358744
4604,qmof-c9c2b82,-0.34843526756025356,-1.017123324277518
4605,qmof-54be6c9,-3.6954429402866302,-1.0694227632228543
4606,qmof-2a3337e,-3.6486032219833877,-0.8255547054753447
4607,qmof-1e90576,0.08837161744289015,1.017218546741131
4624,qmof-4dbc000,0.11673969516267825,0.014523867168286197
4625,qmof-ab731b1,-1.4665457417521892,1.6826985771859184
4637,qmof-47b17d9,-3.5703286713361333,-3.7267954203210887
4638,qmof-4f44bf1,-0.4092952139719046,-0.454021316974774
4639,qmof-7b4dbbf,-6.702750024293816,1.0286589606452077
4641,qmof-63c7101,1.67442231052528,4.792029711460774
4643,qmof-c4e8360,1.9456553678525856,3.402376818110329
4644,qmof-4ad12c3,1.4212691846626249,4.634886827793845
4645,qmof-0a59800,3.2605892376619643,1.8996174151390948
4646,qmof-e7e20c9,3.0706577536692676,1.7374000000937866
4650,qmof-6005a80,3.444666843953719,-1.7190931790577508
4652,qmof-10dd4ae,-1.9078507820188348,-1.3873004472729618
4656,qmof-299e646,0.15045454177026746,0.7223164776964679
4657,qmof-37c9629,0.025125734501883955,0.8128046500847986
4658,qmof-baa1785,0.006233476051369987,0.7162208283062219
4661,qmof-4b8c2e3,-4.287634326769772,1.0582330986720552
4663,qmof-29b54a6,2.3577214337937256,0.38722100993822056
4665,qmof-d86c15e,-0.30521707770400447,1.226988324118556
4666,qmof-12d4741,-0.10222281557676634,-0.30457995056980336
4676,qmof-de728cd,-2.5401286691172587,-1.3068541729683343
4677,qmof-28f0c4f,-2.642935152454912,-1.38095195968367
4680,qmof-d812e1d,-0.1549613479250166,-3.3257558312290794
4696,qmof-1088b38,-0.13165898617424707,-0.08472498992664859
4697,qmof-da6d484,-0.455206996686657,-0.07745362342309048
4699,qmof-2369672,3.105554300784278,1.2108144470523263
4702,qmof-2ee608c,0.09078303423326844,0.012300008837118405
4703,qmof-a2a041a,-0.32531852486776397,1.4763022940339874
4715,qmof-9c14bbf,-1.951093426441104,-3.193843882411336
4725,qmof-e4993a6,1.5040996359621759,1.3430397967684102
4726,qmof-31ee9e5,1.5224466444243576,1.2976593488513004
4727,qmof-90e2627,1.4532313373603725,1.3886061909487193
4728,qmof-67b74c4,1.4826257570248027,1.2186748919713009
4729,qmof-412f4b0,1.4748842685953003,1.3466978967156547
4730,qmof-2adaa41,1.579931969464178,1.2014102064906198
4736,qmof-1c6930e,-0.12946754306244404,-3.4768560850265002
4745,qmof-09e46be,0.539040296649868,0.4697310265108639
4751,qmof-0ad11a9,0.1661225524854361,-0.18190309138412658
4755,qmof-172319f,0.8861499541851416,3.2569407472612473
4756,qmof-f689494,1.151058755777089,1.7065130644782631
4760,qmof-d1216ba,4.2015848350796565,2.217970211161459
4761,qmof-396c838,-3.1119024157293054,-1.5592144917778252
4762,qmof-6bd302b,0.5036180492915633,0.2253629007684819
4764,qmof-1179e61,0.18791191631574203,0.3653546202315919
4765,qmof-3b20031,1.1686134150360412,-1.5933839402072423
4770,qmof-0c68249,0.016179933102669283,-0.02836047746223062
4775,qmof-5e3d4b5,-1.196968774608802,-1.0037911815291294
4777,qmof-1678991,-1.8085975277973811,-0.34029772135451103
4778,qmof-0e0cf73,-0.10912858395700754,3.7070131380971567
4781,qmof-ff7658b,0.1538705035098828,0.8544709134696963
4782,qmof-5169fc5,-1.8898977548852218,-1.07594641750884
4794,qmof-803f80f,-2.2222080915806735,-1.3014689186193906
4796,qmof-e098d8f,0.387537070598666,0.11368174252661514
4802,qmof-64b5161,0.9265085193229637,-0.1759594491354343
4803,qmof-52e8f8a,-0.4514674698577961,0.5853826334277207
4804,qmof-cee3a9c,0.1498714769913666,0.9302452528449615
4806,qmof-775dcac,2.742568302493745,0.8828087733760718
4808,qmof-624638b,-1.9619600514225402,-2.9193446062252866
4809,qmof-c8b2cfa,-2.045041633058944,-3.0168964635917606
4813,qmof-bb13a23,-6.486491581077557,1.0691115996777512
4814,qmof-befef5a,-6.6555955490758585,1.0355080909376073
4815,qmof-1a63b73,-6.463938857755729,1.0845351296846593
4820,qmof-313a3a9,0.04125905593694365,-0.3323125121439472
4825,qmof-3ff5349,-0.24868677178455006,-3.3665009594904918
4829,qmof-f34829b,-1.696256019708725,0.16132299865476613
4831,qmof-2e97340,-0.45654075259054583,-3.2537943044899396
4833,qmof-4f99ccc,-1.3821530731860547,0.3953547590645946
4839,qmof-9f56ed6,-1.6129933882029424,0.20907193990794695
4842,qmof-0ae2a1b,-2.9297863380944116,-0.2756165258211853
4845,qmof-6e1b2a5,-0.04562331795331791,0.9667831732453565
4846,qmof-7907034,-3.3291181189539034,0.9950761146989072
4847,qmof-54d770c,-2.6959812302015416,0.685307778074607
4849,qmof-af04ce5,0.34390460859927163,0.1383259088123836
4851,qmof-e63da3b,1.5288046310043215,1.4077389630943136
4855,qmof-721171e,0.4645308888806749,-0.26329180681231135
4860,qmof-0fbfb10,0.0418223114032627,-2.038310364821334
4861,qmof-621f980,-0.11755462939159987,-1.7470145891950708
4867,qmof-580d3d5,-1.934932609309013,-1.0010719414437919
4868,qmof-ea27d90,3.467428210303929,1.547999225080105
4869,qmof-9b21ed3,0.3734520802664529,-0.5198371831280042
4882,qmof-a6c6942,2.7785248102794666,0.5609176811353136
4883,qmof-0006638,-1.671023500612391,0.27168361045861056
4885,qmof-4c2c9ee,4.33648786938647,2.293399814219608
4886,qmof-6a6ccde,0.22231629915787196,0.722858895384701
4888,qmof-8e251f4,-0.43066791067274157,0.26541338743844056
4893,qmof-43f82df,-2.0485473358061608,-1.2694830766032459
4894,qmof-2851cc5,-2.02910237178362,0.5690985640512909
4897,qmof-81e22a4,-0.18868773227345187,1.0176288428627216
4898,qmof-f284c0f,-0.08828975136958839,0.9103708648065078
4899,qmof-2bce3f1,-0.9432393692973835,-3.434044454971137
4908,qmof-240ebea,-1.2357391156184097,0.2524732371057107
4909,qmof-eee1f70,-1.3044875536485823,0.18929951181673366
4914,qmof-d03a775,0.3504594800175093,-0.5289500173920789
4920,qmof-c8756ec,-0.11433276516323142,3.7189058205081067
4921,qmof-8bc47d5,-1.7798645403568276,-2.492689212948623
4923,qmof-b53096c,-0.20902322857655672,3.6013106233766865
4924,qmof-0e73e01,2.207848672235507,-2.1346112104368142
4925,qmof-b50d054,2.7342323584060972,-2.4445073420958225
4936,qmof-26c54ef,-1.4253920176616037,0.39828613610002006
4940,qmof-01f6512,-0.24996242055889342,-0.9832435149495603
4941,qmof-92f0814,0.18802787550916228,-0.2335497383537032
4949,qmof-845e57e,0.800338653138162,-0.04508744133733708
4950,qmof-e218f10,0.8664546102517212,-0.08105098985925346
4965,qmof-e3283fb,-0.06186684876144533,0.6880610549277675
4970,qmof-77116df,-0.26874435055404905,-0.15069390082719616
4974,qmof-f17bfa5,-2.976753016133692,0.8941718044912146
4993,qmof-862ede4,0.5043660521090537,0.580501355199116
4994,qmof-2235ac6,0.6743601334553988,0.3382221440496037
4995,qmof-3cdcf5f,-2.042051054163701,-2.8289750649375205
4996,qmof-6eb7a12,-1.6972036218788449,-1.5077525009302775
4997,qmof-18c41a2,-1.2860662944845809,-0.9896839739872382
4998,qmof-cf3daa8,-1.488202577503582,1.8352304377687072
5012,qmof-f9e6ec3,0.5126876721343263,0.24069353893880938
5016,qmof-e6dada5,3.2806362591761076,-1.521847139556531
5023,qmof-d83a3a6,-0.2555674063763515,3.655025979583906
5031,qmof-2cf2d31,-0.19194833583106835,-0.13432991175309764
5032,qmof-33d69c8,1.4360277826701058,-1.4100495740828307
5033,qmof-3fdc76b,1.4900624376714424,-1.2417129223564098
5034,qmof-d280801,0.017774359040105908,0.8427344238703047
5035,qmof-202a1af,0.4829013335006084,0.537350913065828
5036,qmof-7cefc8c,0.636925501150489,-3.737278570560554
5037,qmof-c988bec,1.0805840789974006,-1.394850329723898
5038,qmof-00052d0,3.8952102033794014,-1.6957582684343773
5046,qmof-cf16545,2.665465469619173,-1.7067336669634774
5050,qmof-6fe5a19,-0.12161217694753632,0.3762112892393002
5052,qmof-3d83673,1.3311844098550127,-1.5804264721615404
5053,qmof-a1aff6a,0.15737493186797252,-0.23848768068922344
5054,qmof-438ca23,-0.12730617648139136,-1.0266621336202228
5055,qmof-b9c921d,3.5928865583385585,-1.590758475504702
5066,qmof-d75d8da,-1.7204037952730153,-1.2662077970317023
5067,qmof-641e42c,2.540889980395735,-1.1909933046929237
5070,qmof-142b7e4,0.2228787130843279,-0.1830453941200564
5072,qmof-3ba2386,-1.9601526127774378,0.394839084039233
5074,qmof-daddfb7,-0.952619529434027,0.3674869016875256
5080,qmof-bf55af2,2.419567360168776,-1.1603510652208224
5081,qmof-877d368,2.4335409330630937,-1.2030915400528146
5082,qmof-5d155f8,-0.05418995755723425,-0.04181595328290617
5084,qmof-b0fd440,-0.008479370728932864,-0.06406265347246856
5094,qmof-6238cac,0.36488451430956836,0.8765721739629216
5095,qmof-a9b0ac2,0.5664170817412548,0.4733616975337683
5098,qmof-208d642,4.337737767875139,2.362700646861533
5108,qmof-8958149,0.37106933937210174,-0.24724262487293053
5109,qmof-7bc3564,-0.24750803704988647,1.401379276827593
5112,qmof-69d7c75,-1.5444624225870458,1.0119078696327175
5113,qmof-57e2359,0.253326974449027,-0.17139919931369516
5114,qmof-13c119c,0.3205458160802234,0.1916099747491022
5133,qmof-872f192,3.6115501369274554,-1.6820891325815779
5137,qmof-51990f7,-0.2531334228020146,-0.24548114114210431
5140,qmof-c92d2ff,-2.481514036660997,-0.7710817839280338
5141,qmof-d9d6cca,-2.5026575429274467,-0.7773515066051758
5145,qmof-a7ea515,2.011643894020431,-0.08775855532797695
5152,qmof-c937650,-2.0908033438448554,-1.9371529747645355
5154,qmof-b6c8dda,0.08869192906797066,0.056907621017937296
5155,qmof-b4192d1,1.2672719212716104,-0.36445951439895646
5156,qmof-864cbd5,0.4389980203026769,-0.23477955029846256
5157,qmof-f61d5ce,0.3533392449669077,0.6349479178272606
5162,qmof-baa8c3c,-1.342737945143765,0.7230887017970523
5163,qmof-5d05c82,3.177209793364742,0.22629663403475794
5164,qmof-74d6dbe,3.0203827073589378,-0.031048007814067774
5165,qmof-6bd0d59,2.4415108729959694,0.3458231819802297
5167,qmof-1faa948,1.3737639427275383,0.24870950889577997
5168,qmof-9cb58fb,1.3461842439125755,0.21571509880073325
5169,qmof-4f1b040,0.212601589219517,0.3832364714269975
5171,qmof-8d7f856,2.2306456016899543,0.25343011393828657
5173,qmof-ec7bd74,0.8004562674688617,-0.940668601351797
5176,qmof-53872ef,3.1737402019962615,-1.1376755895304194
5177,qmof-a5171a8,2.4617175040038863,2.379847863058472
5180,qmof-8e0c999,-3.6580166933056404,-0.7497518626575197
5182,qmof-0bf120c,1.0085356552802691,0.31061047333337827
5183,qmof-1938adc,0.056147933568907606,-0.3652813377037368
5184,qmof-63c5997,-0.15007082976321995,-0.28723812541985244
5187,qmof-fd5d0f6,-0.18158773471329134,0.8856517291680255
5188,qmof-d08b9c2,0.3896706206465669,0.5910293553469266
5191,qmof-e029d32,2.4467266924323607,0.4941764235086868
5193,qmof-bae3569,0.13572311844198032,-0.17093246125710895
5196,qmof-10fca95,0.24835827692932813,0.4041363669151065
5197,qmof-dbb4b69,2.7261789558272667,-1.3624386419766985
5200,qmof-e54494c,0.4195562938794298,0.7143632851293649
5201,qmof-01429b0,-3.460649333151728,-3.5996273741218143
5204,qmof-70dc434,0.3077327999267738,0.989267979180261
5205,qmof-6546640,0.09110382616664853,0.7317648573644213
5206,qmof-0d53aed,0.4580113702723037,0.892987511153454
5220,qmof-3788637,-2.7629359083992946,-1.02351070863664
5224,qmof-599e3b3,1.232892657354852,-1.3840696806974533
5229,qmof-4a54aa8,-2.2308484414095298,-1.1329649004885527
5230,qmof-00dfd91,2.4259112161756637,0.3481866922193687
5232,qmof-ac1272b,0.5487037200278346,0.16059091630508854
5233,qmof-1d6527e,0.30393978127603344,0.17984140989260244
5234,qmof-38d84a5,0.5102880023296199,0.15620925338885547
5237,qmof-6798637,0.10571615806999372,-0.12828665225343222
5238,qmof-3d43b5a,-1.8280589606251074,-1.279121939829568
5248,qmof-918c8d1,0.1900028252141438,0.96703393036809
5252,qmof-7fe879e,0.042779534499656616,-0.2925064462044041
5254,qmof-a3d0c86,-2.147151059229028,0.4833016970941604
5264,qmof-dffa3d8,-1.9670004910102508,2.7482234366571805
5265,qmof-52da6bd,-1.624512108955377,2.7811245776767257
5279,qmof-4a1e114,-0.03930860679583766,-0.2528185722870555
5281,qmof-9b8ff46,0.15785640872058893,-0.21395136753087485
5284,qmof-74b7695,0.5665869869076336,3.2063795394049914
5285,qmof-19d834d,-0.08850033896785559,-3.7521960412376143
5294,qmof-fd2113b,-1.0384700141193959,-1.8577609667768844
5296,qmof-298c1b2,0.25781893078708884,-0.16133102604150984
5301,qmof-5d52dfb,2.462894684106624,0.18464518310451764
5302,qmof-02a8243,-6.7463781317937395,1.3869292057862268
5304,qmof-d044302,-1.9474744723958892,-1.3335749785205255
5305,qmof-c992d6c,1.1047075034896003,1.1633240736343087
5316,qmof-0a4dcba,2.8452888894050177,1.8353869968336733
5319,qmof-c2c8e5e,1.6176819600159222,-1.5718155633842605
5320,qmof-94cba77,1.8668188788141602,-1.617559396582906
5321,qmof-233c525,1.3304169281867158,-1.3658551103849315
5324,qmof-6fcc064,1.0177006839956995,-0.4381344847546378
5325,qmof-4216ae0,-0.03157189580106495,1.7864154897308362
5326,qmof-ff588b7,0.9263667068288343,0.4180988363131154
5329,qmof-4aa2b93,-2.3061726782777376,0.48833873198404054
5330,qmof-408afd7,-2.501542506687236,0.47446303771638665
5335,qmof-d8d9479,0.8002289682869492,1.2987856640115667
5336,qmof-43264a9,0.822394376527099,1.2117566691174315
5337,qmof-b76c0ba,0.7015487980931044,1.3322746873415192
5340,qmof-894b99a,-1.8868351597458448,-2.677951170599561
5343,qmof-55ca6c9,0.3742929746285197,3.3706151937722693
5345,qmof-2aae36a,0.10457408304227464,-1.8389485607135267
5349,qmof-956904d,1.6262858981829256,1.876344690650146
5350,qmof-970159e,0.18707477963717212,-0.2160495759276942
5351,qmof-b4dc0ec,0.14074582893667076,-0.3088739565582664
5352,qmof-b544b11,0.23057857091001116,-0.13871622816500748
5355,qmof-3a22fad,0.04611038494146215,-0.10530330213554559
5359,qmof-c2258bb,-2.447992242814726,0.7796272619474901
5360,qmof-3471e82,-2.2805445100250767,0.6106624005816746
5361,qmof-051ebe1,-6.534979151633384,1.0867986215043504
5368,qmof-0b15fc2,-1.9599492857388505,-2.5857247054018115
5372,qmof-4d599e9,-0.27745550185961326,-0.04639118362757836
5374,qmof-aa5700f,-1.0554303641967555,-1.665320819979434
5384,qmof-5eee5ab,-1.9498297984974782,1.1251893241332496
5385,qmof-f22f6f8,0.249400379929182,-0.11033437369253722
5387,qmof-cfb9f4b,-1.9719849374816185,-2.8721810988868746
5388,qmof-be3b6cf,0.4618306062446354,0.02976064758134672
5392,qmof-204bfd2,-1.9322386427303337,-2.4768579349956035
5393,qmof-c659bd8,1.2529601785632631,2.119545551651955
5401,qmof-8362ce9,0.06464350618782404,-0.4720752742998628
5407,qmof-a6e0d05,1.3066140124859624,0.018684994099576278
5408,qmof-9e620c1,1.3148774775929972,-0.12059423663162644
5413,qmof-b95f9af,3.6854509933095523,1.9064701672670283
5415,qmof-4159cf9,0.12304418282480926,0.6842468081020645
5423,qmof-e6dcf60,-2.756008741827644,-2.1889378710359972
5441,qmof-2f4fd06,4.422399278645325,2.097809899965693
5444,qmof-74b98ef,0.7755408156833964,-4.2611683731617065
5447,qmof-5f85fca,0.13610007694208953,0.7620066195525534
5449,qmof-12789b6,-1.5773597525582785,2.7975631907794285
5450,qmof-1dccb88,-2.7261268656517665,-2.800272624504194
5451,qmof-165aee3,0.3324334015709879,0.8351264028326086
5453,qmof-17dd299,2.5593531706095747,0.29416060872590283
5455,qmof-8b24d73,4.310831044618285,2.285623807506501
5457,qmof-3eeeed6,-0.37922486780532694,-0.34354261766621014
5466,qmof-1ff90d0,0.3359258313921481,-0.5191708966256998
5467,qmof-e5e5d05,0.5132406951216588,-0.46544680460835963
5468,qmof-a2e4f06,-2.352376027525076,-1.6483796225467082
5469,qmof-54a5576,-1.1484462471420822,0.30082440635261626
5472,qmof-fa4200e,-1.4369290575618188,-2.2943580373962327
5473,qmof-09611e2,0.1961029335877322,-1.8058514572551445
5477,qmof-2d9f3da,0.14163282555268975,-0.18740242358194753
5481,qmof-49ca3f7,-0.051787773144114715,-0.2523895591001661
5488,qmof-13acee7,0.09376745103042024,0.7687583291972627
5489,qmof-ad070be,1.2163716434829348,-3.333902415082072
5490,qmof-019b84f,0.7730546178968457,0.44878074001315443
5491,qmof-f4da9da,-1.3185691521243257,-2.0055593876539315
5496,qmof-dbc27ec,-0.15387136599666115,-0.20401032879408829
5505,qmof-e4ea8a1,0.06290663978374549,-0.07648728176703552
5506,qmof-807e547,0.16287637610547753,0.010720173631039148
5512,qmof-ff08ff7,-0.0552015453557309,-0.0327152242827078
5514,qmof-0303a06,0.1921024779613115,-0.15722514512656396
5518,qmof-40ec03b,2.3864034407197705,0.47366761974969573
5519,qmof-31b43f4,-1.8339368320604401,-2.7787360620130612
5530,qmof-f7be768,-0.19758380868827455,3.598455060051089
5536,qmof-b769691,-2.4454198933285722,0.14117781141385521
5537,qmof-6aa9860,0.1581175076921912,-0.11602369960118131
5541,qmof-9d372e0,0.8016785085939189,0.3162422203619219
5543,qmof-173ac53,-1.6784937027408056,0.6227986436798615
5544,qmof-4956d5d,0.25375223491093596,0.8772073692552107
5546,qmof-d08dcb5,-2.1536512995101225,-0.7018097500032078
5547,qmof-b03607d,-2.553405742495845,-0.2471799857904868
5549,qmof-84c5c07,1.0024635288889983,1.4661427658742117
5555,qmof-5cd94b8,0.18586932833412265,-0.2728008489429797
5556,qmof-a7663ca,4.461960298968804,2.3780550904346454
5561,qmof-6864a0e,0.5222331396703559,0.37970344841915826
5562,qmof-faf06b8,0.15517210574118045,0.8142349077152542
5566,qmof-4eb7b40,-1.5372363444428625,1.683729471699531
5567,qmof-f158543,-1.2058299544176905,2.215390762197958
5573,qmof-abca3a8,3.018329478035203,1.3965660767753985
5580,qmof-8bec27b,-0.34181176451549267,3.4664821694663392
5581,qmof-7ef70ec,3.592204181510415,-1.7901359853132572
5587,qmof-044adae,-0.21397357246365264,0.05732030657129711
5590,qmof-effdd4d,0.24166078045872233,-0.17748235854477534
5591,qmof-9002232,-0.4339882462047495,1.393205458272346
5607,qmof-e48c38e,-0.24181243341288483,3.264742278138539
5621,qmof-b62ac2d,-6.219161425061862,1.1725631986868277
5626,qmof-a5e961a,0.1872810099195733,-0.2520565959661103
5627,qmof-d99607b,-2.364809631213535,-0.7527376284589905
5628,qmof-d850c92,3.2027238159285907,1.721933841287252
5633,qmof-d9b6f83,-0.07178238246169145,-1.7738821488615233
5634,qmof-b0edd58,0.041915425884235157,1.3628412584112186
5636,qmof-937b244,-0.6693302685722341,-1.8288061285297572
5640,qmof-5a415c6,-1.4498120482052408,-2.2871362631517487
5643,qmof-0d9fb99,1.8291123440591879,-3.7669635220343225
5648,qmof-897ea77,1.7651034962482681,-0.4317318992113475
5650,qmof-ea01fb0,0.08998516677670312,0.7997621377258409
5653,qmof-3326c2a,-2.3411303912507853,0.35615431227745775
5657,qmof-411ae6c,4.135342954795542,2.1712786698547872
5658,qmof-05dc5b6,0.46489497236364385,-0.4590777341482859
5663,qmof-2285864,-2.3542728726387603,0.423825656616155
5675,qmof-5960b86,0.9787501227729692,0.24364099810853312
5684,qmof-4badd07,0.3974240926394526,-0.40664999263069285
5685,qmof-22a80df,0.38083487491835033,-0.35582622698804794
5716,qmof-9f315fd,3.2542764692683512,2.02770761794316
5719,qmof-706b6c0,0.32484891012018724,-0.37110125601131116
5721,qmof-53ad432,1.025155773974325,1.1208240321170333
5726,qmof-b8022fd,0.37224825896759206,1.7017749060613678
5727,qmof-7d79016,0.56093582434283,1.7175084594595107
5730,qmof-5ca2d92,-1.9217202417261332,-2.638678780340451
5733,qmof-c5df9f7,-2.3202167512060305,-3.3172479816878107
5737,qmof-1b6e4f0,-1.4744715421398902,-1.5422927866995924
5740,qmof-b76118a,0.7365233369137898,-1.5143717760174191
5744,qmof-47607dd,-1.9525052027317198,-4.316819618919839
5749,qmof-0f263d7,2.791026182813184,-1.3239079728350747
5750,qmof-a7bbb67,-2.087499598435006,-4.102455597731837
5753,qmof-0952061,1.3573774385719173,-1.1860561160564895
5754,qmof-24f3901,1.2840933577002691,-1.2586388450372747
5755,qmof-9bef09e,0.5358520976972078,1.9740723670673608
5758,qmof-c9f98ce,-1.9820705286280296,0.5645137453380155
5759,qmof-4126c5a,-0.2985951659320154,0.9609398524952665
5760,qmof-d9678a4,-0.14129045011052607,1.031455098406039
5765,qmof-257b072,0.20081513144096153,-0.2112911449727248
5774,qmof-74432dc,-0.292188034978277,1.4305981524623517
5776,qmof-d5accd9,-0.011387111973759665,-0.04874587566300537
5778,qmof-41c61b0,0.4679799311444269,0.17429415670490614
5782,qmof-3b46920,-1.6687275355082112,2.7411592588428855
5783,qmof-4d684e3,0.297393385628554,-0.12248313289889262
5784,qmof-9e38c97,-1.580828392275868,-0.5482042351119072
5787,qmof-5ff6ae2,-2.275837360456658,-2.3957886121946386
5788,qmof-2a8957f,-1.2463976827245633,-1.6114481799281877
5789,qmof-d49d224,1.404808222228771,2.06569271848872
5794,qmof-58cb521,-2.3898183443789707,-2.0268132399955276
5796,qmof-7e2925e,0.27268830882916867,0.8275139827763102
5804,qmof-d06df45,-0.07210993786426408,-0.3327128988582147
5807,qmof-f38562c,-3.190620721393631,-2.7609083820284135
5808,qmof-a3a95de,0.2172432478807869,-0.1495372144962513
5815,qmof-ba3fcc0,-1.440112787945374,0.6518595856638909
5816,qmof-ab10508,-0.15241332969696586,1.066210260337361
5819,qmof-0aec438,1.1006045201308492,-0.37418625696299096
5820,qmof-9b4c654,4.238592062489105,2.2535292327735554
5828,qmof-137c759,0.06121957712583043,-0.09788736722253641
5833,qmof-fe81804,-1.5767957242366668,1.099937763865626
5834,qmof-b727e60,-1.634531724142347,0.95274734664736
5839,qmof-5220fc5,0.13956152282370962,-2.1704625996856652
5840,qmof-0ce9c14,0.07364794769948371,-2.159839896123747
5841,qmof-b2cebad,-2.251944473527906,-1.4552377504667795
5842,qmof-a9606d5,-1.9935833024190188,-2.939616010164314
5843,qmof-182d6dc,-1.7114087414159154,2.952695722476793
5845,qmof-132bbae,-1.7136784680789345,2.8174760318155245
5848,qmof-e607de3,-0.2108982948137495,-0.31366639776580096
5850,qmof-c3750eb,-6.473103514228782,1.0894723089952254
5851,qmof-8c9e787,-6.4752072636353635,1.1081528971801362
5852,qmof-a17a1a7,-6.232735465565112,1.1556651509730216
5856,qmof-c530710,-2.0476711035095647,-1.0304134946856516
5857,qmof-76bef6e,-2.2742260306274,-0.7885667397897748
5858,qmof-8b935c8,-2.0977991050754254,-1.3356511978639916
5862,qmof-7b83861,-1.8294666308378313,-0.24329129726874804
5863,qmof-6805b55,0.35298462309059525,0.9089153436193613
5890,qmof-df97c94,0.6384761480570659,-1.8190470769268001
5894,qmof-298ff1b,-0.036856583139575,3.5148938778583028
5895,qmof-98d5ff0,-2.0109696733271223,-3.0555304121847837
5896,qmof-277d806,-0.17485803321501692,3.0070235640902223
5904,qmof-0c4972e,-3.35336191102837,-1.0859950446172384
5905,qmof-b1ca8d1,-3.2887951473859642,-1.095894449556243
5906,qmof-6b82733,-3.203612748662294,-0.966398764431596
5907,qmof-859b832,-3.3570770928535643,-1.0524950976796055
5908,qmof-402d188,-0.4500479066979314,-0.5651122479961327
5918,qmof-f755f31,0.6420664597555849,0.3369621819431095
5919,qmof-e387857,0.15634662515690126,-0.13620517806177906
5921,qmof-6601f16,-0.25293353899727095,-3.7612523661217763
5923,qmof-a5c3c82,-2.1538172169715564,-2.6119040444540618
5930,qmof-457d039,-2.3677671599342123,-2.8901865543767054
5934,qmof-028a08c,-1.2448921608822057,2.0774089375367257
5944,qmof-1eaffd2,-1.9663830511867373,-2.634700885008671
5951,qmof-edd4ef0,0.1599587097095881,-0.24358176513708282
5952,qmof-f72ed6d,0.2776292659691428,-0.050289316708208354
5953,qmof-7212ecd,0.3178866074622372,-0.12789052178680052
5954,qmof-fc0028f,0.17308372583950804,-0.1713462566459807
5955,qmof-8a6a41f,0.21070411743168493,-0.20141394852622763
5958,qmof-26a3b14,0.11382093440877084,-0.1491658185581831
5960,qmof-ac5170e,1.5299003083221319,-3.1952165764854064
5971,qmof-fccf4ef,1.9193902000429872,-1.7430751044615835
5972,qmof-ddcb09f,0.3128609710801651,0.6388112636532441
5975,qmof-1139516,3.3989381036540216,-1.6488319048726476
5981,qmof-831f088,0.2828373754170608,0.3940083839223832
5988,qmof-534e40b,0.4865637120214078,-0.028119957853616533
5992,qmof-c2bd3f5,-1.9277404502426305,-1.3215965287583595
6007,qmof-94d2396,-6.672482784757108,1.1630965549143506
6016,qmof-866d433,0.07017749184204959,-0.004289742386214979
6028,qmof-cb55880,0.026598935320903697,0.008043205155116143
6030,qmof-a02ab20,-0.2785995244734143,-0.2936492174654736
6031,qmof-00da3cc,2.5598584287020705,-0.599456412016785
6058,qmof-0ea4b27,2.577964167638746,0.4111121100018562
6059,qmof-80be546,4.3756717223917,0.18578103945899505
6065,qmof-b935c43,1.6878736217701826,-1.3833593954017225
6066,qmof-3d36cba,0.18877209656146093,-0.19274704046123264
6070,qmof-3a2fafd,0.7416211962433674,0.7200321631052226
6071,qmof-668b422,0.2820023800826005,-0.9570072325641455
6079,qmof-906d76c,-0.5069848763653043,-1.9824490870435036
6081,qmof-2414ba5,0.291229369665292,-1.857342485941987
6082,qmof-44bc136,-0.07483379301281239,-0.358080861455908
6099,qmof-b0f3adb,0.2695520981154669,-0.39978499704687076
6100,qmof-2a004e6,-0.05997994142972067,-0.11095472081497393
6101,qmof-cdc4d50,-6.75156382613598,1.245127203356445
6104,qmof-186abaa,0.220631873028629,0.8601302359706725
6120,qmof-2853543,1.8172040518706387,1.0594260094270798
6125,qmof-8bf1ad2,-3.479841503769658,-1.8628134277690747
6129,qmof-9d4eb95,-6.47960265864868,1.0190882514819404
6131,qmof-dd9e8cd,-0.7663080952837862,-4.156271556762379
6133,qmof-dd5a2f4,0.3528141212384949,-0.24682473113052947
6134,qmof-8d5842f,1.5088648654738372,2.0851431130308153
6136,qmof-e4f98a0,-3.8955714711161784,-1.8414500937881482
6143,qmof-a6861cd,0.3557679596035092,0.697510805397153
6146,qmof-3b6a809,0.6167486217259434,1.8604250339914328
6147,qmof-b1dd1e9,1.1989577143738113,2.5252472624592017
6150,qmof-aed9055,0.8036776671469618,-0.8018152980865093
6151,qmof-fd023ea,0.5044346063160421,0.3235722422129418
6160,qmof-24c9b47,-0.07376882115581772,0.9772510938663151
6171,qmof-fc3f091,-3.78618276294185,-1.9345635428269208
6172,qmof-a357037,-2.2381136542426217,-3.5169152280740565
6175,qmof-3ba6efd,1.8242066280850782,-3.4059569259045364
6179,qmof-8192480,-1.0400684022502695,-0.29350494673558575
6180,qmof-29a38ad,2.006783442534495,0.1845439661075804
6193,qmof-083aea0,0.49106629295736465,0.5765612588266653
6194,qmof-fcdc951,0.6676351787181722,1.622293626328186
6204,qmof-d0a4557,0.007886516106460234,-0.49795525865084944
6205,qmof-11b8fff,-0.0556848028968326,-0.6297749314669282
6210,qmof-ce794b1,-1.9602415548970213,-2.583665204617606
6211,qmof-5361c4e,0.5890909463862745,0.3895828505559761
6212,qmof-a998e68,0.2751807395075708,-0.11690568150465498
6213,qmof-dc3d8ce,-0.0903638419765043,-0.39579249176825365
6214,qmof-41eae12,-2.370829877085988,-0.2918151320267998
6215,qmof-3dbdebd,-1.9775441322021323,-0.5070411472831403
6216,qmof-a2a9bf5,-2.42238168768933,-0.5408605686240895
6217,qmof-bfe77e8,-2.110539986127598,-0.08985089976071264
6218,qmof-38d1f8c,-0.22723204185064533,1.0046906117294212
6219,qmof-e71626c,0.5294039122060649,0.9302802996001517
6220,qmof-73cfd5c,-2.129681630593717,0.49393168548610245
6221,qmof-fc15503,0.19987460271565713,-0.20170338541285285
6224,qmof-7b06c57,-2.0387393647283423,-1.3608258229186145
6230,qmof-300cfb8,-0.4430100088483221,0.12085832524760645
6231,qmof-cd2b932,0.29933177962920454,0.5619057643282912
6233,qmof-a5c1558,-1.91811239597476,3.214295294213781
6235,qmof-f6baf18,0.5186908708346587,-0.22777461684626027
6237,qmof-808d81c,2.595377874895125,0.44847656013909437
6238,qmof-f098a67,0.27855920936342465,-0.5018345630575993
6239,qmof-2438f1c,1.6404417446156996,-0.7435231504375116
6242,qmof-659ba72,1.4299045078874322,-0.928623686873857
6246,qmof-da144a7,0.059340259986306654,-0.42693774701450943
6247,qmof-9bbd35b,-0.19946503336753169,1.2463917661568729
6249,qmof-8e256bb,0.5037378330131387,-0.25632573718088275
6250,qmof-4cdc447,3.652909927655398,1.2995574934149001
6255,qmof-ca94f00,-0.2746266987790376,-3.757176040869006
6256,qmof-b298211,-0.19482263861572532,-3.6963959911308697
6257,qmof-89be353,-2.168364500917807,-1.357550335488367
6258,qmof-22d24da,-2.134040860063446,-1.3524073863695414
6259,qmof-32dc85c,-2.2104392924939713,-1.22214674470309
6262,qmof-bbb156a,-2.351076669817801,-2.5333228051150574
6265,qmof-73ded45,-2.2822773836080867,-1.425665723841463
6270,qmof-11f5df1,2.7780774831104544,-0.29259319666349387
6274,qmof-f803fa6,0.11376916439452721,-0.006484571495294449
6277,qmof-89ff3ab,-0.17313690209708868,0.26221002578131913
6279,qmof-21270fb,0.5317396073905657,0.08835539786648373
6288,qmof-8ce2f86,3.771215053452604,0.8887759542550038
6297,qmof-15bc1db,0.7784988166458611,-2.7489910506442015
6305,qmof-5bd7e70,1.0030168577652685,1.0801188043415388
6307,qmof-f0c8c79,1.2610044378781995,-3.7082641659779942
6308,qmof-5f86bf9,1.351572255630688,-3.71591292454458
6309,qmof-0d3a2c8,0.9084288927335912,-3.843637485527551
6313,qmof-558431c,0.7819882812233712,3.290005083552461
6314,qmof-03319a1,0.44309773898951604,0.8721241030078271
6316,qmof-b32c7d2,0.23591801236870746,-0.17862943136527534
6317,qmof-3458460,0.023900946852647553,-0.06967376663835356
6323,qmof-77bb187,-1.7019179671079625,2.872451947411449
6324,qmof-16d455e,-1.5492496368136772,2.967288130035174
6336,qmof-631fbdf,-1.774701879079716,-1.4285829450739844
6338,qmof-e106856,0.3224025717930185,-1.6449541805836212
6339,qmof-32f6fbe,-1.449382174201685,0.6679144030673095
6340,qmof-57c12cc,-6.49348070098248,1.0987636597363981
6341,qmof-e88a753,-6.511202442510646,1.1098884216208955
6348,qmof-2b351d2,-0.4580411513731138,3.6211496459087558
6350,qmof-30ee940,-3.932097225378937,-1.5894574908282189
6353,qmof-aeff75b,-1.8534175563447515,-2.7206618110835343
6354,qmof-1bd2541,2.353202634604891,-1.485303437956703
6355,qmof-ed1424d,0.16928441503742686,0.3321408766290816
6356,qmof-d0835c2,0.3162039513464432,0.16469831204170307
6357,qmof-1565c63,0.3365113101262829,0.13203863755925824
6361,qmof-58c25d6,0.4872673083338146,0.5353965772609413
6366,qmof-a468f15,1.366248044437448,0.1821204218825973
6367,qmof-3d70d00,1.3868624798673248,0.25759014415171166
6372,qmof-969433e,-0.48336388667127156,-1.6477825379863766
6373,qmof-a7669d5,-0.2923740051431693,-1.7303754827544164
6374,qmof-cf6cab8,0.9393523913565658,3.3536065329301135
6375,qmof-a372b4b,1.8936957381235122,-0.48192868646768666
6378,qmof-1895b57,3.0161310780917656,1.784944274774453
6380,qmof-52b722a,0.2398923296730433,-1.9271136449717297
6385,qmof-605077f,1.2676885102980826,1.2423846030151873
6386,qmof-c2746f0,1.5049517724307058,1.1700665585634051
6401,qmof-f4aa4ea,1.9309458172706189,-0.6171685686274412
6404,qmof-cfe6420,-3.9009813057702654,-0.6149680612867838
6413,qmof-51ac6e2,-1.6014065677371634,0.7100304075395512
6417,qmof-14731b5,-0.4492899928035222,-0.2260948634193345
6419,qmof-d4d92f8,-0.4229434840226311,-4.66784989570681
6422,qmof-aca9816,2.076935628150106,-2.895333286737146
6425,qmof-ca6a000,-1.7008705160043622,-1.2722854402281805
6430,qmof-dfc1692,0.6573660486588431,0.6219272236193107
6431,qmof-e6fa2a2,0.40749039588664593,1.02747475273549
6434,qmof-713e069,-1.4750059457450908,2.1445027332514948
6435,qmof-3c64d87,-1.0980473589399862,2.101348161525785
6443,qmof-9df1bb0,0.18521630077922047,-0.27898781409401247
6444,qmof-dc0e96c,2.0093088078062395,1.8333134923393828
6445,qmof-07dcfa3,0.4149326196330691,2.099453470672279
6450,qmof-79fbfe6,1.3982538999809293,-0.7327724694452105
6453,qmof-f6d23ff,0.19856244979952692,-0.13451285773283614
6454,qmof-96b13a0,0.3019310655694838,0.777042202847557
6456,qmof-6721074,-2.1544053634153824,-1.3116960755376899
6460,qmof-cc15248,0.11780991017162384,-0.03666975859429898
6461,qmof-0f322ba,0.1522491362186954,0.030735853667372685
6462,qmof-01ddc61,0.11017548241809112,-0.07385010741315176
6463,qmof-2eee4d9,3.655393655651741,-1.9134379493806928
6464,qmof-54296f8,-1.0730865413210187,2.904111047714584
6472,qmof-6fbdeae,-0.28403476669992384,3.801989890183527
6474,qmof-62d743e,-1.695946278141655,0.9449140633380417
6476,qmof-24a3cea,4.016092689015835,0.13189724992346388
6481,qmof-88a7d5a,-2.6930385046911782,0.3690676868601184
6483,qmof-c67450f,-2.8880874144807267,2.514584106303992
6485,qmof-7960965,0.6842426657636191,-1.555025263621387
6487,qmof-a0b0c6b,-0.1784484544285242,1.09881503544987
6488,qmof-2aa55ae,-6.420902413205367,1.0613228088139708
6489,qmof-73dbd00,-6.226458177657317,1.0182967581872402
6495,qmof-3cd6c37,0.43239439400063484,0.537620646685512
6496,qmof-3a4af0d,0.38061178587478134,0.5738990075880752
6502,qmof-35607b2,-0.12856615814431085,-0.2204798844347766
6503,qmof-8f9b4a4,-0.3981072793824467,3.724025460748913
6504,qmof-15c71e3,-0.22715930578951235,3.6754205270853535
6506,qmof-89f0067,-2.597190070225739,-3.1501898617476978
6508,qmof-1c4f970,-0.5636182978372051,-2.0298553522427896
6509,qmof-6494c32,-0.2896481333225311,-0.7238444944471467
6520,qmof-cd664ad,2.6086785665531718,0.48900739484071476
6533,qmof-87ee196,0.24328442789382568,0.6616381599108515
6534,qmof-0feb730,-6.739025011928678,1.0065007104675605
6535,qmof-2f4eb2a,-6.557173419988885,1.0663850334357785
6536,qmof-7e7dcc4,-6.472606805421869,0.9478734628673493
6537,qmof-66df166,-6.5276919346699795,1.0803422615471405
6539,qmof-a0b0371,0.11109991364986337,0.26614561882403914
6540,qmof-926904e,-6.42405452204206,1.0735064148709916
6546,qmof-20e559b,-0.47233370980186906,1.5078097555524295
6556,qmof-6d0ce1c,-0.309794039854568,-3.7387931713442653
6558,qmof-26d0da3,0.6025974692734888,-0.42912949242572546
6559,qmof-38f04c2,-0.05856634045486038,-0.1951550842433506
6562,qmof-9444e9b,-1.8755658733181804,2.99252405641944
6568,qmof-750036a,0.21226617831287878,-0.37856665963673974
6570,qmof-25162af,-3.4676934669157675,-1.5959781017551888
6580,qmof-d5145e0,-1.9446635464779742,-1.1759185920908115
6583,qmof-a0a3af5,0.29756108058972236,0.9067225918533067
6585,qmof-d94e243,-0.17951528013130083,0.04554184643492622
6587,qmof-9aad35b,0.4876461670720925,0.18949563214137088
6597,qmof-b52b28a,-1.9225388711206248,0.7496581519787231
6601,qmof-5191c64,0.2662140471881805,-0.1406065159880609
6614,qmof-84391bd,0.2574343037733457,-3.228644892155898
6615,qmof-c4b25d6,0.44460106801948684,-3.317274774342945
6616,qmof-c6615e4,0.16350932920489833,-3.3197585891301378
6619,qmof-54bab96,0.34762630262783945,-0.38484915799073566
6620,qmof-2c2efe3,-6.734521628218603,1.6651487769973223
6624,qmof-42c9a8e,0.4959326732412412,0.08238339958234686
6627,qmof-22a065a,-0.10722765298414513,1.0783957847447558
6630,qmof-e553694,0.24834504148963255,0.4104203734740513
6632,qmof-30870a6,0.1873406387749459,0.01081313468898963
6639,qmof-3b5f49c,0.4667720803518114,0.1659752503192826
6641,qmof-fd4f897,-1.6629311063813677,-1.4089786274728797
6642,qmof-0948bf5,0.16398659497007542,-0.4570333497550214
6643,qmof-834ccb4,0.38751594934913364,-0.19873920555928254
6644,qmof-b7fb8de,0.41091537447766857,-0.5837253934999235
6645,qmof-cb1c2d5,2.227575170204716,0.06639377060099419
6646,qmof-25628aa,2.236206979646726,-0.1401856396262101
6647,qmof-30e47a5,2.157500165362905,0.31654688286249943
6648,qmof-2e69ac2,2.208444020763349,0.07929210195209944
6649,qmof-fafc586,2.0219047925147957,-0.040825345209235094
6650,qmof-63f5b1c,2.232445846879963,0.3582665232427582
6659,qmof-5d392be,0.8189517281393256,3.3095695573348882
6660,qmof-cb06477,2.6390147284588332,-1.577584801615152
6662,qmof-7c7fd1a,-0.311289409595756,-0.8047517105715241
6669,qmof-d8f57b6,-4.457453131576968,-2.3387713355560034
6670,qmof-28cec93,-4.3319397762600484,-2.195010249024523
6671,qmof-4d89bb9,-4.2828244478794,-2.114014314560054
6672,qmof-f6a19fa,-4.399967722141153,-2.0089327927157203
6677,qmof-85e55eb,-0.22837714223496575,3.5919654708132853
6679,qmof-6270723,1.010957256230746,1.9527647954925171
6688,qmof-7d4712b,0.2254386479131488,0.3950753654357493
6694,qmof-8aa82f9,-1.9453107914837553,-3.0698212125958566
6702,qmof-a412d83,0.6237683929088528,0.5382096759475015
6705,qmof-6903ec5,-2.021700954664379,-1.3637043495873293
6706,qmof-8637eeb,-1.655324394213332,0.9467134101916593
6717,qmof-cc5bcaa,0.39980792765631656,-0.4774299668233651
6738,qmof-cef46c3,-0.01008584109972899,-0.10775047181518249
6739,qmof-b85094e,0.08269495818060056,-0.44086664536520553
6740,qmof-75a2dcd,0.5324337843048234,0.7426449073890645
6741,qmof-20d767e,0.4168058505087737,0.6128900706775428
6742,qmof-17ed363,-0.01515927511395973,0.7683404544475995
6747,qmof-265801c,-1.5792254566647097,2.787379700609977
6749,qmof-56c641d,-2.049116427945709,0.39054600662384026
6750,qmof-387bd70,1.9380152523270746,0.1098616320740566
6751,qmof-befacb1,0.3561530979634339,0.8517831498441129
6754,qmof-c376a8c,1.450328398340863,3.2392151433151968
6757,qmof-e07df46,0.37989044579923886,-0.6232493970662385
6760,qmof-79acb3e,1.4181150758127514,4.612592791829658
6763,qmof-0f66924,0.14852857080751256,0.13742235555785867
6764,qmof-5ae8b7a,-0.11957027957281592,-0.47126497166585674
6767,qmof-3bc2493,-3.577800475303678,0.8525131507525304
6768,qmof-ca14cc9,-0.7893176211416192,-4.444754930602464
6769,qmof-f5240e6,-1.960895103608393,-1.3566014513939446
6770,qmof-e118da8,-1.9214592147186582,-1.4398548205872979
6776,qmof-4b7ec93,-1.9914836252811605,-2.573504115518158
6777,qmof-417cefc,-1.9409064494141075,-2.5608219690907195
6778,qmof-e5b4e33,-0.7111532422273601,0.8199208313240012
6779,qmof-12c8a37,-0.9421468098149899,0.337181929385979
6780,qmof-0bc3629,-1.1160814515361888,1.2170488756572087
6781,qmof-c8edfaa,-1.0830576706688118,1.2287720973599774
6782,qmof-c77937a,-0.9509329470336614,1.3258234782620488
6783,qmof-2e54a3e,-0.8685465510347876,1.2104938075291816
6784,qmof-a20a60f,-1.1371379156564068,1.2251737451034155
6788,qmof-f27e4c8,-0.31154583266580577,0.9987058774482572
6797,qmof-2ec307c,0.02521552927579198,-0.5485252774272643
6798,qmof-cfae3f4,-0.13016837889396243,-0.38903620784987664
6799,qmof-0f390c1,-0.05446633977584502,-0.36227145522303894
6806,qmof-aa0100a,-0.3791065258356331,-2.0316678729531548
6807,qmof-1afa76c,-0.09968177449076882,-2.218226173189556
6808,qmof-a2a082e,0.283737069049217,-2.1063792341095713
6809,qmof-72c4b23,-0.10969170096478899,-2.141143563915421
6811,qmof-c1c5c57,0.17356371728486242,-0.25841962034225613
6812,qmof-06b3283,3.2801928255434216,-0.32951592757691806
6813,qmof-810dc2c,0.29008529082316603,-0.44039206207146175
6815,qmof-d08e59b,-1.943825428560389,-1.3617550429334364
6816,qmof-939c713,-1.9116859210369834,-1.3141900974181158
6821,qmof-009b656,0.40446571589025165,0.261500570947182
6822,qmof-2826077,0.16708007083990425,0.9278057726350388
6828,qmof-04c8310,1.5605838183529088,1.3798146730980678
6833,qmof-87eb0e6,-2.1595541647473384,-1.9657253595319015
6834,qmof-d210d1a,-2.14657930215333,-1.9759521475599842
6836,qmof-fdf90e2,0.18661613301150176,-0.7309287994379896
6839,qmof-8794151,0.3076659498457004,0.6179349046076308
6844,qmof-554fc14,-1.689946779482136,-0.6525814393332089
6847,qmof-ae3974c,0.22054009122658855,0.38537239844866056
6853,qmof-8802a19,0.29316163050786614,-0.057306517804037574
6854,qmof-1475835,0.029551511413397586,0.030297008396033852
6857,qmof-bf6a861,0.284471962600635,0.8171467690701607
6864,qmof-85fef0a,-0.09228477894977163,1.1284462884511577
6865,qmof-6e4f021,-0.10955786438788277,-0.2379381938600095
6870,qmof-6f8a3fc,0.007499351101733641,-0.38240230308628453
6871,qmof-2522081,-0.11950495660179002,0.09811850931084744
6873,qmof-292f4be,-1.3373491077053754,2.122820863332816
6875,qmof-e12e14d,-1.0631850059545382,-2.891311180028908
6877,qmof-3a344c4,1.5414354017677072,1.8865640166197761
6878,qmof-3f3a532,1.30336555655422,2.1287701620018358
6886,qmof-ef06895,-0.17122869704887936,-0.1201280761421129
6887,qmof-b638230,-1.741180573504204,-1.5179545015656326
6888,qmof-e027183,-1.6090995647961301,-1.3780724547123089
6890,qmof-2ff6bbd,0.4405975177400128,-0.20305203935875255
6895,qmof-db46c4e,0.5815479200394006,3.4897969249984837
6896,qmof-e029861,0.7474402030548156,3.5260907801924763
6897,qmof-389345a,0.6256903626211833,3.306692082143102
6902,qmof-c7d5cdb,-1.9816082507869541,-2.9575971238164
6906,qmof-3769d75,3.26099602356659,-1.5435444566561776
6907,qmof-191c415,0.04004454120809897,2.6248425377605957
6908,qmof-3adcede,-1.8875028892441312,-1.372628058546637
6911,qmof-700d2d4,0.15262746668282387,-0.046401964278210285
6912,qmof-40c7632,-2.080107450975602,-0.9972170730802472
6916,qmof-3f2647a,-0.557685321953576,0.14569611603266772
6917,qmof-d3eba84,0.9474597663475635,2.8031705455127005
6920,qmof-8713184,-1.772129636975995,-1.1872223182978405
6924,qmof-e34b785,3.5849131605898,0.4100268749654077
6925,qmof-0cd4232,1.1281598409419695,0.009896512194430593
6927,qmof-c47a25a,-2.1889554683137997,-1.2795931339896085
6928,qmof-c429dbc,-2.21306686158598,-1.5278949031893563
6931,qmof-844af13,0.4037923140135793,-0.04476461397486139
6937,qmof-8ef3f6d,0.12497035551472446,-0.11327397014541847
6939,qmof-b5e016a,1.9905513655760874,-1.6620584772313984
6954,qmof-7bc0eec,4.341345215558452,2.5105683414336672
6960,qmof-b77a192,0.37744027484092413,-0.40628634279886644
6962,qmof-465f60f,-1.1327085944245567,-1.5702657818713126
6964,qmof-f05b03d,0.935373272276465,-1.4717951354682284
6972,qmof-c00d6a1,0.40091661093401393,-2.0867019066496755
6977,qmof-a46901a,-0.1559435385876881,1.2286488867368117
6978,qmof-e135c8c,-0.24161113460775055,1.2061977286832488
6979,qmof-a683fa0,-0.22765330458519512,1.1121106860286847
6981,qmof-fc46360,0.883615667019504,2.2157205073962207
6984,qmof-e682639,0.20722485756664094,-0.1378616733929696
6986,qmof-20e5849,-1.7033897262412705,-0.5077581965331194
6990,qmof-42a3e7f,-0.22023299410476332,3.5943859211434233
6994,qmof-bb9d22a,0.2460999271270328,-0.091407351021009
6995,qmof-2869025,-0.09897334008931173,1.1982483404971396
7008,qmof-580676b,2.484733155179005,-1.2204004502697194
7010,qmof-711b199,0.8041173704183665,1.1228102695520021
7011,qmof-78a11f4,1.1377459022663698,1.0889320732612302
7012,qmof-1745a73,0.9563409121242369,1.2766279614249674
7019,qmof-5c4a211,-1.8865449607498577,1.1540441382937243
7021,qmof-998cb07,0.444611273143467,0.03800536749579238
7023,qmof-38bb2e6,-4.483781130780999,-2.070199473528741
7025,qmof-8c5f14e,4.0902830629170985,2.2505355433077523
7026,qmof-a822e67,-0.06770435028093297,-0.27341649345908836
7030,qmof-cb7fcfc,0.14138140614160927,-0.2542821965573642
7031,qmof-16abc05,0.14260469828421793,-3.113916771448227
7032,qmof-ebb5bae,-0.4975842970777804,-3.767891975621215
7035,qmof-5b6c8de,1.7497179655674318,1.1582713217437823
7036,qmof-efc274d,-1.729491908328194,2.6904476525587557
7037,qmof-7b1303e,-2.204474978952459,-1.3450682810525445
7041,qmof-3465f36,-2.912649602272386,1.1457505317444203
7046,qmof-3b45248,0.47721944983110504,-0.238534640273289
7048,qmof-7c3b12f,-0.03166503233553203,0.07654785012400238
7054,qmof-c4a4198,-1.9011279295897805,-2.525417961637205
7055,qmof-bc63522,1.3231610827974651,-1.3257021911269165
7056,qmof-8159bc1,1.3695643353852065,-1.4298777811468129
7057,qmof-9e0da10,-3.8078314984422015,-1.7067949027237173
7062,qmof-f6b2332,0.10495051018436742,1.8380592400250115
7063,qmof-ec1edf9,-2.2296326712763355,-2.582172732128839
7064,qmof-b9b2e89,-0.06892460934534346,0.17193800755170288
7066,qmof-d56234f,0.5142861443030838,2.140126386526926
7067,qmof-8333f8b,0.27279996571834925,-0.2641904598980958
7069,qmof-5057bcc,-0.02059776363579461,0.7034811855232765
7071,qmof-5486f8c,1.3570222601331767,-1.4250416951742075
7072,qmof-0507e96,1.1512757928214294,-1.4182657273113373
7073,qmof-5200ba4,1.227436556540097,-1.5893527441760698
7074,qmof-f3ce9b5,0.3577280250983603,3.367596984164175
7075,qmof-64eca6f,4.201426161576296,0.23809197598835544
7076,qmof-f7fe4be,-2.4238738835408373,0.07010327377794758
7084,qmof-58ff33e,1.313611975432915,-1.5737202444860812
7088,qmof-8ec9f3b,0.35994947611673844,-0.2355732517472027
7089,qmof-67dc5d7,-0.19314008832839094,-1.7864393487869805
7095,qmof-482a38c,-4.253091769583814,0.6941033441605625
7099,qmof-904fd21,4.00348460472346,0.10133120833472109
7100,qmof-21af6bf,-3.086506126118886,2.0837390993290588
7102,qmof-1be410a,-1.6690447026310773,-3.1568981669902834
7113,qmof-e08f21e,-3.1707028346885457,-1.0450743482893585
7123,qmof-e2b9aa4,1.6650293714311577,-1.1467646121885784
7133,qmof-2799dff,1.8496729820561668,3.73272160478894
7146,qmof-a46e53c,0.6927196822382045,-1.2468969025516379
7152,qmof-4986c94,0.5020074084998907,0.2697574947767807
7161,qmof-f53594c,0.1699581742055378,0.9251004358366701
7162,qmof-d049b42,-0.44200576161811345,-0.23498561982024133
7164,qmof-8c21d01,-0.3035827840296132,3.6195204705681165
7165,qmof-93ccf76,-2.3811524509336937,0.22971845240382277
7166,qmof-34417cf,0.16786396650469582,-0.11712274451357384
7167,qmof-6a3f73b,0.13139787843733142,-0.1880800512710575
7178,qmof-0f4c4fd,-1.6765191400431387,1.0442883424055798
7180,qmof-db2fad9,1.363948477115625,-2.767750252371251
7186,qmof-9ebe8cd,-1.5069515510205598,0.3448347016944851
7188,qmof-2e4202b,-2.274970696072042,0.8081510530530931
7189,qmof-6d2b4bc,-0.0970332456403156,-0.14530031777439278
7192,qmof-b9a0bc9,-0.5375772105279429,-2.6252607337423766
7193,qmof-d65a0ec,-2.0788208327116955,-1.494858305236822
7198,qmof-28fe175,-1.5840945368974135,0.35938382424789933
7199,qmof-45a6307,-1.892027553689135,-1.3306167644104892
7201,qmof-63c5aad,0.4680068953623387,2.378085743308133
7202,qmof-f69721b,-0.19408495955056068,0.49902530924335037
7208,qmof-7d04430,-2.057891411461068,-2.6360936097500303
7210,qmof-c5651be,2.498131839263761,0.44324440650685554
7211,qmof-fa0b4a5,0.07713306759242072,0.08712458669044065
7216,qmof-8771d16,0.5067965979585395,0.1830298250442199
7218,qmof-f0b79f0,-6.299506823706425,0.8981698406575607
7221,qmof-8a28a78,-3.076491010534142,2.39882380284493
7223,qmof-a3d9f1e,2.2747951474444568,0.5158129822449916
7228,qmof-e9aa117,-2.063019018199532,0.9987565422369262
7229,qmof-cc610f8,0.06174539440688269,0.6646159514106785
7238,qmof-4ddf58e,-0.027679053357530677,-1.1223041833015763
7243,qmof-d8336ab,-2.1890438539027453,-1.4002662873096194
7244,qmof-1e81b2d,-2.1694308903827704,-1.350425855741601
7247,qmof-3400eb7,-2.5927955620528813,0.4699002614657031
7248,qmof-58711c7,-1.4318946800508054,0.6206536506841489
7249,qmof-b65a2da,0.47420166667982333,1.9333813687917316
7250,qmof-ad40882,-0.27609668812686766,-1.1300325904437731
7257,qmof-939017e,2.3944996964400276,0.3612318922650724
7259,qmof-879a6d6,0.4083188479301776,-0.18185391943375467
7271,qmof-ac134b6,-2.330348583668626,-1.3455139968622252
7274,qmof-d5bb0a6,1.5554608094934665,1.3003434296313476
7275,qmof-4ac688c,1.7775673238477632,0.847543814543553
7288,qmof-0b092d4,-0.5228590363085778,0.13262865264531834
7293,qmof-3f4a719,-2.282926025053107,-1.3167989467447607
7294,qmof-a49b7c7,-2.199592354285657,-1.1711084180628397
7295,qmof-cc8d7ae,-2.355727210116326,-1.3433442447884067
7296,qmof-8e86693,-6.576382751029141,1.2410125530716525
7298,qmof-3f035fa,1.6931989239713297,-0.8895111409102477
7299,qmof-ac814d2,-0.2896241966229101,-0.9567167194743098
7305,qmof-e874e0c,0.44207147869295593,0.07189403471209496
7309,qmof-229a18d,0.1296808732656487,-0.0005614540783578214
7310,qmof-a5364ad,-0.4161715580289409,0.5395590261024452
7312,qmof-57618be,4.510797594294801,2.3933963664419817
7316,qmof-d7500c7,0.21973393292960397,-0.19241051067426004
7322,qmof-a299c07,0.31365300821855446,0.06512809463043151
7325,qmof-6da60e8,-3.03253579494061,1.9287609126121525
7327,qmof-7e8b44a,-6.227314923689288,1.0248253757220933
7328,qmof-0334ecb,3.0704541956022027,1.8425154395668881
7331,qmof-f8b6fb6,1.901121121362377,-0.7367079631969213
7334,qmof-76880c0,1.1133302195502297,-1.4249065622971946
7339,qmof-a1dfcbf,-2.1285488616803465,0.4745663628378915
7340,qmof-fb7e6ef,-2.160836074042128,0.48889789319689525
7343,qmof-5a4605f,0.43476670867919215,0.1181340917981854
7350,qmof-69adfc8,1.2758348353402402,-2.9131299174233436
7356,qmof-0bbe81c,0.5416747761849281,0.21379478077267422
7357,qmof-249932b,-2.1778637545010873,-1.3022845254491997
7358,qmof-09a2292,-2.253046195120215,0.9456615134317071
7359,qmof-85aeb56,-2.2125444072678593,0.5685103371855208
7361,qmof-0d3e46d,-2.2371091069458555,0.2861524815511954
7362,qmof-fbc8a6c,-2.3132479835732545,0.576630182355908
7363,qmof-782ea07,-2.0317435368217382,0.5931400891634443
7368,qmof-9d5b9ef,-2.044590844954935,-2.6296959847448385
7373,qmof-fcd5c86,3.3617785877935895,2.048566715043929
7374,qmof-2bd5e0f,1.2450003654309592,-0.34743594371865855
7375,qmof-6cf1500,-0.5053341809644065,-1.8541054431353952
7379,qmof-d4b9a86,3.5877298077621296,-0.06826320959018177
7389,qmof-e4a5ede,-1.9697339342605447,-2.8470064087544857
7390,qmof-4d66a69,-1.8875265681983238,-2.749777211717318
7393,qmof-4702167,-1.6320596357887107,0.6312501546722367
7395,qmof-60464fc,0.141449680204062,0.03786716598510948
7396,qmof-9619575,0.13526989852085075,-0.17701052253053148
7407,qmof-583b75f,-3.253406607343802,-3.6520404857318898
7409,qmof-b711bf6,0.10587984715012565,-0.14637536017992522
7411,qmof-f199346,-0.8203137027415913,1.3666017673587372
7412,qmof-db62327,-0.898644780511676,1.341465206290036
7413,qmof-a487143,-0.8782230529177976,1.3330039500786206
7414,qmof-fa2e3de,2.007053482672969,-0.029677614711069417
7415,qmof-001ef83,-1.0666595492233377,2.8675294851886273
7418,qmof-cf14ce7,1.2306437981267133,-2.2493388070148925
7419,qmof-fc5594c,1.0251871083696396,-2.2097585926908647
7432,qmof-a7ffaa5,-6.557779896526511,1.0674419014300487
7439,qmof-d419baa,0.46986548044386,-0.9001302116656821
7440,qmof-da3b4fb,0.36722773424476296,-0.47047000323317734
7441,qmof-4975eb9,-1.9211708512682026,-3.2426703461245747
7442,qmof-2f63607,0.2722366720583847,-0.5563478829438031
7452,qmof-4c69dae,1.2993165443306522,-0.07473395054642915
7453,qmof-61893a6,-0.3362052277547552,-3.2203663090523187
7454,qmof-fcd2fa6,2.3142099636090356,-0.1652167343090595
7457,qmof-c650078,-1.7807900848375149,-3.64729382122092
7458,qmof-bfea88e,-1.7563918319247425,-3.717007697214621
7461,qmof-31bf571,0.6688150959325346,0.0484513721475432
7462,qmof-1f4857d,0.7275389716492228,-0.1183077625114799
7473,qmof-d65fd56,-1.7107207912545206,-0.7554080299743423
7479,qmof-4df7a22,-1.6232501675737878,1.0327072870239045
7481,qmof-e8b1a76,0.1615216344264521,-0.1801368358987108
7482,qmof-7a72222,-1.7042005156955191,2.8814738693005144
7483,qmof-1195366,-1.7974490187665488,-2.6016968319702403
7490,qmof-9694e67,-1.930359225244213,-1.3648590086299215
7493,qmof-3cf9abb,-0.09584643960234716,0.12223286349349807
7504,qmof-098de98,4.192963953710983,2.4749579364378436
7505,qmof-4c82229,2.787110183454374,0.8351872026058195
7506,qmof-3e43357,-0.15634239981696488,1.196197307038352
7511,qmof-d7908a1,0.7368537143230369,-1.5251298359302174
7513,qmof-af041e2,0.061022330769591564,-1.468711051762089
7514,qmof-4508efb,2.2384364119243627,-0.4170819547049936
7515,qmof-0ee131b,2.141087026020823,-0.5820108988697267
7518,qmof-ff3b25a,-1.9452561632279746,-1.3906305896118991
7519,qmof-4fe6fe2,0.0969879255693624,-0.23868347527331943
7520,qmof-4cbb664,1.5879950493410164,-0.41438963787347577
7521,qmof-a6a5732,1.3001911433057356,-0.8491590907269632
7522,qmof-eab35b3,-0.007208978015050659,-0.2668445687534696
7525,qmof-e651072,-0.3376186572712254,1.0967021842144777
7526,qmof-f5a6ccc,-0.23494827884820707,1.2591852481046555
7528,qmof-2e63a4b,-0.5885423100067549,-0.2237808873817388
7539,qmof-938bb0c,0.4629880563080134,0.518773088281612
7543,qmof-688a1df,-2.042026496397749,-2.8413964000222878
7545,qmof-b88a8fa,1.1377783764907412,0.8475405315958561
7547,qmof-ff5ca2c,0.01758212822734405,-0.18538842849839296
7548,qmof-26056e4,0.20404480900973507,-0.2472214703843317
7549,qmof-8aafb2a,1.5873642215711636,-1.6540096086151592
7553,qmof-f3f140d,0.19801578936749184,0.024937096056774702
7560,qmof-38415c5,-0.14273763503467973,0.22404292012253202
7561,qmof-97d9d01,-1.2494234690566457,-0.19632673882265547
7563,qmof-83a2b21,-0.34462113600961536,1.2517852427037268
7564,qmof-de6e290,-0.13254415253530835,1.1560271108389346
7567,qmof-44bd001,-0.17665274415746973,1.169777470910871
7570,qmof-3c9f875,0.6686981041126369,-0.6497723764388936
7572,qmof-e0a1a1a,0.5567783248131232,-0.6947652567164323
7573,qmof-d9f5423,0.5419040728830152,-0.7809168155607425
7574,qmof-9c173b5,0.7058913179974898,-0.6764365704372237
7575,qmof-6524f20,0.4834762611221838,-0.6955245020100369
7581,qmof-260d7d1,1.9324654028230015,-1.526485088860791
7585,qmof-67c55da,-3.2508578226169873,2.3292893328131723
7586,qmof-553120e,-3.745365115847935,-1.4633765755046049
7591,qmof-da6d7b3,0.7438583387763785,-1.4520837499718742
7594,qmof-3bfaa7a,4.346105468403123,2.3038639651277886
7595,qmof-75d666e,-1.8236031451262182,0.6559812073941735
7599,qmof-8214361,-0.13961165622048524,3.6365828672767577
7603,qmof-5414b76,-1.8166181752684902,0.3145844981936416
7607,qmof-0c2c714,0.45958495763088886,-0.2794030098462471
7608,qmof-284b001,0.41862406030450283,-0.31461651150633485
7611,qmof-eb03a86,0.24928434410134429,0.3542231857007851
7613,qmof-94de1ca,-2.142792582402194,0.6058008549973276
7614,qmof-06caa98,0.24686312047464049,0.5890939535954807
7616,qmof-4cb5efd,0.0718996922951303,-1.7651087215087395
7618,qmof-458e0ea,-1.2752342270635266,0.5376461398908613
7623,qmof-02b20ba,-1.1140241723703843,-0.09129817633943328
7625,qmof-638a2cb,-1.6615274692875972,0.6779619732794068
7629,qmof-e823200,-3.2211064242649394,2.029538944281455
7630,qmof-85ef65d,0.732999892080474,0.8954288676816591
7631,qmof-b7dda1b,0.4905575107212028,0.9044746243881219
7632,qmof-e2cdb03,0.7121139071035419,0.9560764928714697
7634,qmof-0d3e953,-2.4863757064026486,-0.233232847601241
7636,qmof-8af78c6,-2.3608699810729634,-1.288371040406628
7638,qmof-0d42aa5,1.6347118718192075,1.549874912787815
7645,qmof-d520b05,3.3263539955389563,1.1056247943616682
7646,qmof-c027270,-0.7812938939670707,-0.32254089041184536
7647,qmof-57458e8,-0.5025622242763681,1.162202705601245
7653,qmof-27089ba,1.8516508403913385,-0.5476329654641213
7655,qmof-66cc35f,-2.2155784479887317,-2.286778397373795
7659,qmof-d1f990a,0.014838797030552964,0.03820311551632007
7660,qmof-92555ed,-0.20628323118692848,-3.734962117748317
7661,qmof-3173783,-1.8435421093720679,2.713392533334665
7666,qmof-9cb2899,-0.20706337522279392,-1.8742296219079067
7674,qmof-e62ff7c,0.642207376072693,-0.6608777580866863
7678,qmof-6ab2c9d,0.17356617246041925,-0.14703502942583432
7680,qmof-19a8d62,0.2913303205658723,0.4317451010858248
7681,qmof-1275871,-1.930458663225815,-1.4494355384843576
7682,qmof-3a6ceb0,-0.43036367072559534,-1.7275877460354998
7683,qmof-1ee372e,0.03839129628516864,-1.6207574773983644
7684,qmof-0db3229,0.5226552939120571,1.3518815070012922
7688,qmof-f1d156e,1.6572814183392939,1.1940212901546738
7692,qmof-80b8de3,-0.36574825868218547,-0.391491305096424
7693,qmof-a6cc8b6,-0.6081487132966961,-0.30723980258693306
7694,qmof-3576bff,3.7741125685066987,0.21215896884255311
7696,qmof-d184693,-1.7854552396886891,-0.20211995367034102
7698,qmof-f4eeaf7,-1.8897013892468923,-4.1930240096924
7702,qmof-da66f66,0.3879881551404488,-0.1304846593420379
7706,qmof-f87c9d1,-0.14784190448228948,3.3537788672563247
7710,qmof-ec0d951,0.23987920734994678,-0.20324746581485464
7712,qmof-3f13ba6,-1.603285398123365,2.7706431109333103
7724,qmof-8e887a1,0.3357790827625322,-2.560100678340175
7727,qmof-f361ef2,0.2812547857279489,1.823496856182701
7728,qmof-b8cc0aa,0.03349478878266996,0.017995044992620807
7730,qmof-45da32e,3.710954836610315,-1.6444850066781882
7735,qmof-976e1ff,-0.6026376873950258,-0.4108304216350831
7736,qmof-362845f,-0.7245408589227412,0.13027939076689218
7737,qmof-90a5ed0,-0.5827178976436141,-0.13325564240148627
7738,qmof-6b5da26,-0.6424827437747915,-0.27601327144711807
7742,qmof-c22a135,-0.23661261115824447,-0.008302100713406644
7746,qmof-13e3f36,1.3841106606505433,-0.5337853148601471
7749,qmof-f850962,0.11087413998265551,0.6416262360616021
7753,qmof-da36c6b,1.59111443709237,-1.2583948675550005
7754,qmof-3b8de98,-0.054099884947025945,-0.3499595487387681
7757,qmof-b28f911,1.9129349892317877,1.7459017170277715
7759,qmof-8f9ddb5,1.4370330708219066,-0.6442034151950427
7764,qmof-521f649,0.2753152324983493,-0.203258548555669
7765,qmof-e13f864,-1.865141182030302,1.0545942061137374
7766,qmof-eb6f49c,1.5670629550011586,0.9793200387571037
7767,qmof-45b64b9,0.41925234330323097,0.5718109173107481
7768,qmof-39fec9e,1.2267856686762617,-0.027067093769968468
7771,qmof-1454598,1.8924032728372668,-1.5226485290358127
7772,qmof-746261e,1.8297353628836206,-1.4125623841894912
7773,qmof-03b9788,1.763988883172602,-1.4920986026978467
7774,qmof-c441e76,-0.35556109179395334,-0.01760866210992853
7777,qmof-4b4a465,0.20067476993999084,-0.3741112486364772
7783,qmof-8b8a7da,-0.29794295113496844,-3.811425776297993
7784,qmof-2ba170a,-0.36933145452607774,-3.8246238951623197
7785,qmof-4b8c0f7,-0.27924563986733797,-3.763150214845723
7789,qmof-7338e21,0.27400362916894516,0.4236516569923907
7790,qmof-a0704ae,-0.3717265905920074,-1.2415940639531042
7791,qmof-eed5626,-0.823624193332033,-0.9368782904808418
7792,qmof-90e1089,-0.7236047933766849,-1.1198986681529597
7793,qmof-4405a01,-0.7417286887659182,-0.8907695724865502
7794,qmof-393eb6b,-0.4589443671816093,-1.018604299871897
7795,qmof-f91dbb9,0.5139510205148049,-3.1552685812285346
7796,qmof-6e5e86e,1.5113645620876912,-0.9425953007744873
7801,qmof-e5ce578,-1.1471364728082698,0.4790013043484101
7802,qmof-578f815,-3.5705403742984987,-1.9465728391623522
7806,qmof-bd899c1,0.39671537358216075,-0.2291079860330647
7807,qmof-42b6d9f,-2.2830182576110483,-1.3848907207500172
7808,qmof-c71ff49,-2.4470490714421644,-1.2635304473646451
7809,qmof-95aa0a6,-2.3507806757776026,-1.359970761720384
7810,qmof-fb9d854,-2.239066893316063,-1.471001700652446
7811,qmof-2f3b6d6,-2.119589543302809,-1.5461259539550216
7812,qmof-1cd4692,-2.3856633139755385,-1.316542949101012
7813,qmof-31183ec,-2.1995716112286363,-1.358306732042183
7814,qmof-8411c83,-2.280204452775541,-1.6180274095145042
7816,qmof-4107527,1.5702001495240443,-0.013879501754686729
7817,qmof-55c83e8,1.7104765214516253,0.06603181912655261
7818,qmof-191c12e,2.0763463633999413,-0.5931843098483995
7819,qmof-f80342c,0.21767318437540256,-0.27059198660240713
7821,qmof-6fc44b7,-1.5332166093241606,-0.48211248287999725
7826,qmof-3fb24cf,0.22783723803985056,-0.1274739053784603
7844,qmof-0993e19,-0.1410328006874334,0.32439693853280155
7845,qmof-f8203a5,-0.5570990930855455,1.6681939862549364
7854,qmof-20529db,0.8154964293693656,-2.2269322959090525
7858,qmof-ca29387,-0.9313552136976485,-1.9456000360454582
7861,qmof-82276a2,-3.228907145067276,1.6294145940683211
7870,qmof-2c46c8a,-1.167331889250735,-2.8691291604818323
7873,qmof-5a37225,0.8692683857491583,-2.3836896166374006
7875,qmof-349a9a4,0.5695623615258186,-3.046011971534664
7876,qmof-5af4c97,-0.1028291511271871,-2.621085319003832
7877,qmof-650d8e2,0.8165925655700751,-2.991938000949416
7878,qmof-50f5652,-2.337898320370066,-1.645506194813663
7880,qmof-43553c8,-0.2324123529937416,-2.682133961308235
7881,qmof-2223d2b,0.5052266768542569,-0.2798809646030227
7890,qmof-53b6a0f,-0.06866694408067271,0.8542738764901252
7891,qmof-68f408d,1.8927494999558923,0.8560184005196326
7892,qmof-665d5d4,2.084000019811809,0.785726387980884
7893,qmof-d1aa449,-0.03901305715497025,-0.09995846996195468
7895,qmof-9783d02,0.338079651160297,0.14045256783927007
7898,qmof-917b7ee,-3.169440910038317,-3.4475901105848954
7899,qmof-aa98191,-0.06320977271434701,-4.236850540441423
7901,qmof-bae163d,-0.20939705683167517,3.8357358955312106
7902,qmof-3966050,-0.31971345830611203,3.6521037338168383
7903,qmof-bd9f797,-1.5770643883695457,-0.33805430490459837
7904,qmof-1452981,1.167978424855518,0.9698521984096358
7905,qmof-20abef6,0.4805989072631248,-0.05193714843742963
7906,qmof-bb1d395,-3.079393881249668,2.3502996595649694
7907,qmof-ae3c48b,0.14547026418221137,-0.11310330165105316
7909,qmof-9ae450b,0.49555910254896435,0.13737866381473446
7910,qmof-f9d75da,0.5521029218533885,0.13596264313995923
7911,qmof-4495a8b,0.5273881365204363,0.20547214064460026
7914,qmof-1f21a3f,0.846241602356933,-0.2553019149424411
7915,qmof-85110e8,1.2261038194965344,-0.49121382040395645
7916,qmof-49849ba,-0.8623188451713348,-1.03436884746862
7924,qmof-54cce9f,1.0942814035254795,0.762664789132592
7927,qmof-107287b,0.31771625820838123,-0.6159808601091873
7928,qmof-61f9572,-2.1661020149625427,-1.225296112252196
7930,qmof-70814dd,-1.857510678291456,-0.20301956815596028
7931,qmof-08dfcd6,0.4298675917090459,0.39290337777641465
7932,qmof-59f5198,1.6879813874407958,1.2929728862585088
7933,qmof-a12f9c6,-0.5775166225860746,0.37304473203174243
7934,qmof-8aafa02,0.6261617201797169,-0.5940938004018922
7938,qmof-df82873,0.20185101033402192,-0.15266827232261362
7939,qmof-ab1b823,1.7701039468681543,1.3130071737395028
7942,qmof-8625e5f,0.858530414122176,-1.6640093400693505
7943,qmof-e7b2d45,-1.4104820273708165,-0.314730793202984
7945,qmof-fb15c25,0.8418159999566209,0.520904541859049
7947,qmof-0de3389,0.15109964750797764,-0.06503881395997026
7948,qmof-33a1180,0.18981036176051502,-0.13515620877588777
7949,qmof-b219fe4,-0.043219012360291756,0.6392858348153627
7950,qmof-8bcc15f,0.5324629856559745,-0.13843008952426508
7954,qmof-ca12032,0.4532617919519272,-0.31401424440577747
7955,qmof-a86da74,-2.6678580808266865,2.944752689861653
7956,qmof-d1cceaa,-0.34805913955597895,0.19847735901880909
7958,qmof-fddda69,0.21356811670055897,-0.2630284192693633
7959,qmof-2c06bb8,-0.1502894880775269,-0.3246412882519184
7962,qmof-a67dee3,-0.017857668419274435,-0.3750769670553788
7964,qmof-106adc0,0.188055200813376,0.38282875868100813
7965,qmof-b7ce8aa,3.5125278527552015,-2.6694216337548546
7966,qmof-6fc3e2b,0.2628963400508225,-0.20682844499563677
7967,qmof-a24f2aa,2.1682618287375224,-2.5024081928188338
7968,qmof-4402ce6,0.026354164614812662,-0.4506961470807646
7969,qmof-fd5026b,0.4322706169919078,0.5905019603864877
7970,qmof-db13ee3,0.2774261567186168,0.597455284793586
7971,qmof-9525030,0.5535409688200589,-0.2620361693191848
7972,qmof-f0d2335,0.6351850922724698,-1.2480370495352668
7973,qmof-5f6a50d,0.44795248280785305,0.5438011820203292
7974,qmof-64fe339,-0.8538723834703009,-1.8521218411152005
7975,qmof-33bbe86,1.1841318971398047,1.7833039087664602
7976,qmof-504370a,0.12148495357495116,-0.07035572960692174
7977,qmof-ce13302,0.5292833318061829,0.45334278281817225
7979,qmof-85f5cdd,0.27431723265884933,0.6042742451402469
7980,qmof-c5776f5,1.0489665119461988,-0.9402071381278977
7981,qmof-0b70aa6,0.6440350949949243,-1.2457878553528443
7983,qmof-2b54192,0.872646789968034,-0.37356872014550174
7984,qmof-c223d4f,-0.3243809138184962,0.19851714525855974
7986,qmof-902290d,1.3474414867608209,1.950806761692598
7987,qmof-7c62c84,2.5995665911425974,0.639713700565516
7989,qmof-67f153a,2.4370613132308034,-2.892838400067851
7991,qmof-46137d9,0.2670813815137505,0.2349367397815463
7992,qmof-dbb3d5e,0.3405446964500284,-0.41038196550057604
7993,qmof-4c74de4,-1.0619556555421052,-0.4404338108730086
7994,qmof-8f48272,-0.039332462330132226,0.939752285837683
7998,qmof-863fb61,0.6586686108592951,-0.8691790487917707
7999,qmof-7da92ed,1.0580196164110123,1.0400348889158963
8000,qmof-c20a6d8,0.14557844295682182,-0.1796301934775356
8002,qmof-38b18d7,-1.9668728574534327,-1.3330788784205176
8003,qmof-de28178,0.4437996796438042,0.5402591789422239
8004,qmof-a4d16f2,0.785006018940359,-1.0145345422067928
8006,qmof-39c9aa4,1.9757149166951153,1.6491179561117835
8007,qmof-1c14d74,0.21883624347572553,0.37964410380293695
8008,qmof-290f2ce,1.3516901151916234,-0.6729830028669376
8009,qmof-bf91379,0.4715235454430531,-0.30219283074829945
8010,qmof-53df169,0.9477909085867952,-0.6139695802681244
8011,qmof-84773bf,0.19314914181921344,-0.20132617724172608
8014,qmof-37ff53b,-0.26257796850234655,-0.08045240994950645
8015,qmof-3ef4448,-1.605886589049971,-0.5020262597679475
8017,qmof-26ea622,-0.045908770038282934,0.6469941256173352
8018,qmof-40eecfd,-2.690017653220661,-2.0199099558053324
8019,qmof-37419af,1.3813985525109873,-1.0952961990801957
8020,qmof-28cf744,0.2766682254033677,0.32175303101105873
8021,qmof-cc249f5,0.39075044639108264,-0.253040730331093
8022,qmof-f212589,-0.014297320928104502,-0.008818352177712093
8026,qmof-1f95408,1.5185562502610175,-2.7899750240117456
8027,qmof-b6f7af6,2.709564636612982,-1.137236453805257
8029,qmof-fad389d,-2.6639795738432155,2.44907432486622
8035,qmof-98f4038,-0.5620034326706248,0.18620834619144105
8036,qmof-388d9d9,1.1994205037830805,-0.04153494967099416
8037,qmof-438ba3e,0.6740999537082946,0.8179239694346128
8043,qmof-99b2b18,-0.22353538301977643,-3.7334178853452493
8045,qmof-c17855f,-0.09807015927155793,-0.5695553472800972
8046,qmof-fe78703,0.2761710191652627,0.6844951197596718
8047,qmof-b2f2b6c,0.2486216216007305,-0.48309780254535145
8048,qmof-184721f,1.4100257238012293,-1.2632806509337238
8050,qmof-920fac3,-2.599521845787048,-0.6687080171770609
8051,qmof-0a6d01c,-0.21336387512828783,-0.0194642916494347
8053,qmof-d4cfb65,2.6131325405298322,-2.6793350898191397
8054,qmof-06447b5,2.486195088408205,-2.4863419653137138
8056,qmof-94a3110,-1.395139618223046,-0.6327969704138282
8060,qmof-2a10237,2.4605430833002413,0.40495858093792414
8066,qmof-38e0c3c,1.3086867526958994,0.008728218248579604
8070,qmof-f832a93,0.12964969195890783,-0.06132053225991039
8073,qmof-c0f3800,0.5124680335629508,-0.23281316480857953
8074,qmof-8b50b3f,0.6449971870779686,1.1484367876172485
8075,qmof-0e57266,-0.18915023599966815,-0.15886492601652671
8077,qmof-6b0ce52,0.16772877138776923,-0.011564674299635948
8078,qmof-a6bbcbb,0.27319227569813853,-0.1740224054245223
8079,qmof-646eff5,-2.134939191383028,2.701706921824124
8080,qmof-a4d563a,-2.7846819385384722,0.27557899659405855
8081,qmof-2e932db,2.3313002384974477,0.481649576019755
8082,qmof-3d7169c,0.17612935010675979,-0.2247964438545617
8086,qmof-fe7dfda,0.22557513189971004,0.36863147652724837
8088,qmof-a7d01cd,-2.2539261309425207,-2.507881007102688
8089,qmof-e0aad2e,-1.2771173979755903,-0.3359728574214236
8090,qmof-7dda0f8,2.3246364459332143,0.49019728959906117
8091,qmof-83a307d,0.3146974349339105,-0.1298257622943509
8094,qmof-14345c5,1.4367842779762776,1.2538639731544512
8097,qmof-3a01552,0.1163866003678687,-0.48627251851032893
8098,qmof-d26af77,-0.1864145614486063,-3.3687238564125708
8100,qmof-c9316bd,-0.6305944501228447,-1.0300869476300245
8101,qmof-97ab01d,0.18027831873646363,-0.4385883392861665
8102,qmof-969a9d8,0.22099332333053595,0.8327866997327338
8103,qmof-d73c071,-1.9160091470170224,-1.2917224704027197
8107,qmof-8618499,2.5239440971814524,-2.3728485911671253
8109,qmof-531f3cc,-1.4268258699580416,0.745244705841355
8115,qmof-5dcd85d,0.08608419652979422,-0.48519400511667815
8116,qmof-50150b4,3.671812190904662,1.8948150557969845
8124,qmof-04b3122,0.34177403809590473,-0.27318210135427384
8125,qmof-31585f8,-0.18624627686415204,-3.19072065865661
8127,qmof-5f546dd,-1.969053384526209,-1.4838092066513933
8128,qmof-e93b912,-2.2394774460754863,-3.00957968689988
8129,qmof-e4196d0,-2.175698009961863,-3.270075850617194
8131,qmof-9e2ec4d,0.5949104538577236,-0.41089958717166875
8132,qmof-c1612c6,0.46124432387313413,-0.37046334477777765
8136,qmof-52e7267,-0.2674882769740292,0.001714387447873939
8139,qmof-3a743a9,0.1689138478384648,-0.11124936647598936
8140,qmof-a2ebc30,0.4108721417598069,-0.44017813442159587
8141,qmof-6807fed,-0.27282580488391434,3.7248823553329404
8143,qmof-01622b3,-1.7300389407886057,2.906443609820244
8144,qmof-534ec49,2.745587138834496,-1.581407702128695
8145,qmof-0d4a8eb,0.013143413083495809,-1.8726863362708184
8146,qmof-c12d610,0.1456065811222907,-0.47046420073911965
8148,qmof-5091dcd,-1.6198827677993073,-0.5143437953553589
8149,qmof-5d1e419,-1.7180014250900777,-0.45783808571218076
8150,qmof-f7d0925,-1.5135652354988522,-0.19428198180619113
8151,qmof-fd84d96,0.018924767405266267,-0.47802977816407455
8152,qmof-86777db,0.15810034266496076,-0.1242018038818121
8153,qmof-97c430f,0.2400654268878119,-0.13622469854713273
8154,qmof-134a580,0.15534311334552323,-0.2406121514886932
8157,qmof-b53448c,1.388698547162993,1.0881312477076412
8160,qmof-257e499,3.416321368575083,-0.14621425629876972
8161,qmof-bef4d15,2.1928967121689182,-0.3936091199470535
8163,qmof-d571bd8,0.3024837566151468,-0.37337611763117007
8165,qmof-9b6e28a,0.0018334313605875615,0.7997176516686502
8166,qmof-230775a,-0.0011652360202472362,0.016706160960897273
8167,qmof-1f6550a,-2.257329706715115,0.2654911163556929
8170,qmof-549999a,-1.5054033372001394,1.7779790930344581
8172,qmof-3eee18d,0.29919115437471705,-0.5180843425510342
8173,qmof-4295040,-2.6119126923854052,0.27423158085283594
8175,qmof-edbe407,0.3327232134544503,-0.45949244516089593
8176,qmof-0e1dfe7,1.1196361617174901,-1.6171587827044442
8178,qmof-ef5f30c,0.9787892942163082,-0.228504644024161
8181,qmof-78cf847,0.5265042814626231,-0.2173162039568926
8182,qmof-cc7bad5,0.7980611449149773,-1.1923341855376577
8184,qmof-ab5e0e2,1.134493857118452,0.9530796900947369
8186,qmof-9dedff2,1.1124452629656565,1.7738188630902547
8189,qmof-ea5c37d,-1.8897462508944636,-1.740516284000503
8192,qmof-f911a4f,1.1365440444595805,-0.9280041355169211
8195,qmof-afae87d,-0.7139592516406685,1.2222973052352923
8199,qmof-b90158f,0.38379269857718173,-0.2518690483844072
8200,qmof-948e0af,0.2708364715067379,-0.10365516089624886
8202,qmof-2063599,0.20737189678335638,0.38536560346606713
8205,qmof-20103c4,-0.3511008380296007,-1.1993428890612334
8208,qmof-7833268,0.45030204840232013,-0.6666824274545551
8209,qmof-ca73b53,0.11591028568346004,-0.15848400654491626
8210,qmof-1205501,-0.02379657885407418,-0.3391413476963886
8212,qmof-d675ae6,0.6179258160134613,-0.33342469658291607
8216,qmof-492bc03,0.5532375917052296,-0.6583103236745127
8217,qmof-eed9b73,0.6661837489574541,-0.40534632256869546
8219,qmof-4eaed90,0.5525355484794015,-2.6411139321533263
8220,qmof-ddd91fd,0.7316897890812346,-2.761477220236431
8221,qmof-833e46c,0.6867417913605166,-2.532247120106914
8222,qmof-5af3aeb,0.46912456886773,-2.7096485391272602
8223,qmof-4d5a835,0.3591971580738621,-2.822342831317102
8224,qmof-334c891,-0.7520747498347721,-3.0181154647151307
8225,qmof-43894b8,-0.13879212732175109,-2.180573678123668
8226,qmof-f45cbc6,-0.8932833137363597,-2.0305544023267528
8227,qmof-6e77811,-0.006331574847637274,-1.9191527188448065
8228,qmof-7bed89e,0.010124445453727161,-2.1676492658926585
8229,qmof-7163ed4,-0.17547387475136608,-2.1421176081023052
8230,qmof-9a5440e,-1.1370911765641156,-1.9025748847519495
8231,qmof-72d1dd4,-0.783189167820543,-2.0116278529231124
8232,qmof-76cf28c,0.10760351312014599,-1.8729613541427301
8233,qmof-296785d,-0.5046528892030973,-2.7753043655145517
8234,qmof-350ecfc,-0.3096824576385377,-2.4915181480807345
8235,qmof-b66eff0,-1.6616134436449483,-1.3481232528141558
8236,qmof-e0a90af,0.040402362980087536,-2.619955045538624
8237,qmof-07042a4,0.7981400634449296,-2.3539721449406046
8238,qmof-0d568f0,0.039325530484416706,-2.902468589361769
8239,qmof-141ad7b,0.35740416322825175,-3.0526613686041206
8240,qmof-a1f0e89,0.0715987278794478,-2.8239862724600377
8241,qmof-8fd6676,0.8315222491477949,-2.1828753455604772
8242,qmof-c4157b5,0.8279987593538922,-2.282855643281365
8243,qmof-1f2bd91,0.5780274666756486,-2.1763014871004023
8244,qmof-51bc7ba,0.8304448219916015,-2.3594790340147274
8245,qmof-a2f938d,-0.0687095096868081,-3.086280821524652
8254,qmof-41c8b63,-2.269904229427897,1.2901130675593526
8255,qmof-85f4639,-2.921051865275325,0.7930428073283875
8256,qmof-533212c,-2.900494300314026,0.4629971935874338
8257,qmof-287b33e,-0.05692378804092436,-0.21801226105169355
8258,qmof-3ed2303,0.0002724995920061826,-2.1452190283445414
8259,qmof-2634ae7,0.5000397832807116,-0.25543475920393477
8260,qmof-12e6771,-0.006601863544934732,-2.956573434103485
8267,qmof-a5088d3,-2.0101739644323846,2.839052160902736
8268,qmof-4a03983,-2.874303975645223,0.8513405768225653
8269,qmof-4482e16,-2.9030371780980575,0.4253886032894486
8270,qmof-9e6c541,-2.861771657115777,-3.517848262527526
8271,qmof-4060ec8,-2.188492092285161,-2.275431653679744
8272,qmof-cfb40de,-3.0505502583611803,1.0040301787297115
8273,qmof-c8ee7d2,-2.9843033259358056,1.5377421987592097
8274,qmof-7698e93,0.3397285097155391,-0.2354926772731768
8275,qmof-b2a2ee0,1.0088382427740743,-3.5710684435907307
8276,qmof-801a6e7,-3.1907575015645993,2.1674744515791478
8277,qmof-aafcf3a,-0.8383440087448871,-2.7171696705363892
8278,qmof-ec0e783,-0.11621896960224777,-2.876867409533083
8279,qmof-42b6a5d,-0.04216899673657308,-0.33689977670991
8280,qmof-afbfd10,1.4336039488300623,-3.8643903284114596
8281,qmof-ef4a02d,-1.620980601681617,2.968043742320663
8282,qmof-ddf0ee0,-1.539467651882916,2.9829303465239785
8283,qmof-bf5d627,-0.35404466561022624,-2.95072104611169
8284,qmof-c07765b,-0.19557325762055405,-3.1798599205450855
8285,qmof-523a324,1.5544500447662981,-3.708394249220049
8287,qmof-b77ac31,-0.5471202934495492,-3.430775592750262
8288,qmof-51e588e,0.500449364682778,-0.3678387915040127
8289,qmof-25cd768,-1.4337486359575136,-4.034268977129533
8291,qmof-5bea56f,0.2820446683933831,-3.1456795858440674
8292,qmof-c74254c,0.3536720408390569,-0.3491345044519665
8294,qmof-2482f7f,-0.006509775181875012,-0.4375422735619666
8295,qmof-880a9d7,-3.140636221690492,1.7021314571755577
8296,qmof-f332558,1.6534830001613445,-3.4920579993224035
8297,qmof-1940038,0.05373135210550726,-0.1338975009624633
8298,qmof-449a0d1,1.4299251601810423,-3.9639940435712564
8299,qmof-c9d0c12,-2.952150686342492,2.3281991311781907
8300,qmof-fec62ce,0.12516904642565913,-2.984839440048599
8301,qmof-db4f7fe,0.3116624310212806,-0.3743881114984757
8302,qmof-52ef7e9,-0.03747693012356455,-0.3330552527214559
8305,qmof-0811e53,0.680043324002346,-2.571840626220104
8307,qmof-32894ad,-1.885521810338672,3.0272715957393
8308,qmof-ee71379,0.41608214027601637,-2.7852414187101346
8311,qmof-6851f8d,-0.07479448813503617,-3.2154041950054775
8312,qmof-8b89165,-0.11474442452546359,-4.81080268553192
8313,qmof-958509e,0.4610591014698798,-2.67615988577837
8315,qmof-fed4c19,0.6391105269557981,-2.597073420695748
8317,qmof-8516e22,-3.795500543781777,1.7094563972559371
8318,qmof-4e1928c,1.1589077366515657,-2.8863663423527814
8319,qmof-1c3833a,0.7161101556954771,-2.514824375199142
8321,qmof-70ee8af,-2.9504977672337973,2.379560298125555
8322,qmof-98865a0,0.30475208519908414,-2.6085266550945563
8324,qmof-9321947,-3.278181015872994,2.437070231072158
8325,qmof-917b27a,0.3816802805643217,-2.327635551331172
8326,qmof-7cd7343,0.46030562217300663,-0.30088744404475054
8327,qmof-7f7afd2,-3.3202066353882143,2.273155672885684
8328,qmof-99abeac,0.7816417772471089,-2.180782072389849
8329,qmof-d6bf3fd,1.1750786934993074,-3.722993456247931
8330,qmof-916c1c5,2.7791386981505797,-0.5591241526517553
8331,qmof-a2d8489,-3.0918940827825527,2.3612484203795114
8332,qmof-7d96cdc,-0.7231144848555247,-3.1308864752135235
8333,qmof-b461389,-0.12092236227908247,-2.633724280940677
8334,qmof-59052d3,2.1904057326737556,-0.598058376983286
8336,qmof-9650908,0.6882145351181762,-2.4207046666010807
8337,qmof-f3f8bc5,1.4875088223900361,-4.097405657163543
8338,qmof-5572326,2.9397673157548496,-0.27483761175320737
8339,qmof-f4d2cb4,-1.7653444313418991,2.819552060959381
8340,qmof-0c315e8,0.03339398768832958,-2.865258423384323
8341,qmof-b0a286a,0.608185796736963,-2.123805306736565
8342,qmof-c6ed6e6,1.5025778626767967,-3.86374844232217
8343,qmof-15bd34b,1.3696671242358418,-1.9684912213651031
8344,qmof-eca5ae4,3.0546231129915293,-0.7437990860206013
8346,qmof-bff657f,-0.5356164089347651,-3.3872191649001224
8347,qmof-90cd512,0.5292539563589014,-2.600780670132136
8348,qmof-23796ec,-1.1363960837560239,-4.046308827248295
8349,qmof-02e0fb2,-0.7655457871910999,-2.409599714185936
8351,qmof-ab953dd,1.024905890241871,-2.0031731119155602
8353,qmof-60eddc5,1.1652671313149499,-4.048893452575216
8354,qmof-9d25bea,2.077463972204024,0.162234927277654
8355,qmof-8d66f49,-3.7372716508454915,2.0456386705238825
8356,qmof-e09b473,1.3921890952107494,-3.6163652489805744
8357,qmof-65823ea,1.202664887652153,-2.726541895765914
8358,qmof-d5867c2,2.3289511282595283,-0.8149047794017137
8360,qmof-bedb824,-0.02704888665007657,-2.529207080064679
8361,qmof-589eb2a,0.8151366961508565,-2.1938451935225913
8362,qmof-25d399e,1.2056247891737673,-4.210164556324696
8363,qmof-7616b2d,4.425578045881275,2.343982933274601
8364,qmof-dbf7ed3,0.38643358400863254,-0.28736165685103615
8365,qmof-c2c0d1c,0.1034761952530785,-1.9678620694942122
8366,qmof-925a580,-0.676943421152829,-2.8630317630962345
8367,qmof-68d5d34,0.29411492506498527,-1.0205042498590164
8368,qmof-12e5fd9,1.8038517574374526,-2.8872869085168564
8369,qmof-1da7afa,-0.0770380064167448,-2.7664980177895453
8370,qmof-a373c39,-0.1765136446309017,-2.2684763822805403
8371,qmof-97acff8,-0.17797865923183864,-2.3532005763652495
8372,qmof-e6cf94f,-0.3417726204734183,-2.117491190270189
8373,qmof-de0a417,-0.8244180867522427,-1.9849192391200086
8374,qmof-5ec3d0d,0.04530828797233311,-2.4107362285275644
8375,qmof-d9b204d,-0.1964454796663695,-2.398318054806928
8377,qmof-f5056a0,-0.13262987498265782,0.45648075459974075
8396,qmof-07d29e9,-3.0938462486041796,-3.118290782455324
8398,qmof-6743746,-2.0262780617328557,2.843427582738227
8400,qmof-6f52c47,-2.635541952389509,2.700414061053071
8401,qmof-344ed8d,-1.0066725667363796,-3.828911952357322
8404,qmof-63a1c88,-2.5443079957062014,2.492819281996803
8407,qmof-038aa2d,-2.276592240843921,2.8958431360886205
8409,qmof-ba6af8e,-2.644593490189968,2.4539612515499662
8411,qmof-eeccd6b,-2.7302713144778807,2.6030358627451027
8412,qmof-5d89b9d,-1.3804617034569828,-3.5035701907162515
8414,qmof-a91d4fe,-2.1636632579146515,-2.4512953689081414
8415,qmof-0f39fa4,-0.09092677986524601,-0.1377197414013148
8416,qmof-88adb93,0.34666413761373605,-0.37357306931609935
8417,qmof-465ca4f,0.45330243681094123,-2.8580992032200334
8418,qmof-9f78012,1.6829260114173792,-3.95718763877629
8419,qmof-fbd219f,0.25712061934203023,-2.5833688178947836
8420,qmof-978268d,1.5835692899802436,-3.4307112452444657
8421,qmof-5c0d0b5,-0.290234097834327,-3.225200031047607
8422,qmof-1281756,-1.0061150162313222,-4.103482734269158
8423,qmof-02c07e3,0.3936951803719026,-2.9099995868615744
8425,qmof-09ca76c,1.3579419295220385,-3.1429678718873153
8426,qmof-48c47a7,1.6484930395809205,-3.644273788537266
8427,qmof-d5e3f1f,0.27136079066295166,-2.598108585787938
8428,qmof-df9f33a,0.21354104911826666,-2.7181140097546868
8429,qmof-9f581d4,1.4034247425826463,-3.862980743680849
8430,qmof-20fe6b8,0.26842334044341193,-2.4369358731330553
8431,qmof-826ca3c,0.07694387100179284,-2.6901547000877737
8432,qmof-ba6027c,-0.1385032764675601,-2.5604274537754135
8433,qmof-b7415d0,-0.3627575386821357,-3.098909257176516
8434,qmof-edeb34a,0.16209637472593078,-2.5664441189171567
8435,qmof-85b14f2,0.005374302397113357,-2.4848648014678507
8436,qmof-efedb54,-0.35268501910486433,-3.187582713066969
8437,qmof-3b54739,0.3722481838592677,-2.801490692239749
8438,qmof-bef4c02,1.3497560689646586,-3.229128878998774
8439,qmof-74552cd,0.3032013498128249,-2.457398370909538
8440,qmof-adb2c4d,1.4000527602973574,-3.908933647563452
8441,qmof-fbd20d4,0.423287875489676,-2.644456225853977
8442,qmof-38e57cf,1.1284713849008086,-3.7113693770387846
8443,qmof-c31827a,-0.01144800113412958,-2.592677543936343
8444,qmof-0894f45,-0.6508816803498204,-2.913839616266198
8445,qmof-11f7d05,0.4102952772667514,-0.3868639291857652
8446,qmof-b86e0e7,0.02476417697018676,-2.179618177268855
8447,qmof-049a1ce,-0.5574787148190823,-2.377106499740112
8448,qmof-62af439,0.4455345762557623,-2.5715240572950364
8449,qmof-9393f87,1.1847107795308809,-3.3911339309201485
8450,qmof-72b3537,-1.7617050185196639,2.443523274184912
8451,qmof-223436e,0.2586855526467392,-2.689320900201312
8452,qmof-0e9f38c,1.1101876828440638,-3.4827081429185127
8453,qmof-d54db96,-1.2941803158387355,-3.421074063112452
8454,qmof-8421750,0.5609788222238136,-2.627206513881384
8455,qmof-4687641,0.2909288022713967,-2.471021701372754
8457,qmof-72626ed,-3.574068773893079,2.1705506913761505
8458,qmof-92e7fb5,1.5408213725787336,-2.774543586350402
8459,qmof-b4f34b6,0.4519535020342019,-0.34930100030594247
8460,qmof-9e11bc9,0.15172726746009996,-2.6972630243623223
8461,qmof-dc18524,0.8135081059565028,-3.34474522076768
8462,qmof-b0b6587,0.7283919431020115,-3.6692541483249683
8463,qmof-ab26a1c,0.6291463882608683,-3.551186101134665
8464,qmof-164026e,0.10163312519558565,-2.434134088836492
8465,qmof-521e75d,0.8849754475100947,-3.2397924793162978
8466,qmof-e2bc1bc,-3.5440271550606175,2.220566853614755
8467,qmof-890bde1,0.28516182014315145,-2.6273587944824635
8468,qmof-a2ee661,1.1932271693849068,-3.5738513535486414
8469,qmof-19b2b95,-1.4831467313880957,2.7285562393773577
8470,qmof-0aa02b3,0.2309247733787901,-2.462574026072776
8471,qmof-7e2180f,0.9088713137750438,-3.367632920492054
8472,qmof-f8266a0,0.19049951396731535,-2.4927645136695724
8474,qmof-7afda5b,-0.7100190584272601,-2.6636072970255347
8476,qmof-c5b0b23,0.9437949807750003,-3.6933909593746233
8477,qmof-d9ca2be,-3.2276202696173866,2.0569259454580417
8478,qmof-379b14c,0.1334817637858919,-2.447828996367651
8479,qmof-c7e180e,0.8346247247612023,-3.086933758636831
8480,qmof-4ede352,-3.4402764124448844,2.0563513895377032
8481,qmof-6cf7eac,0.5307546209407131,-0.30855806431660954
8482,qmof-6ca03ae,1.2877443347498363,-0.8817461497745518
8483,qmof-2cc02cf,1.464580358022377,-0.41501210784854253
8484,qmof-2b10e5e,0.9922979278729719,-0.8586292497979094
8485,qmof-67247ca,1.2215667699977204,-0.38225660654160876
8486,qmof-4010ec2,1.0772018629920996,-0.835709750210578
8487,qmof-465da86,1.321555078513695,-0.6170149741028839
8488,qmof-99cef49,1.2597267248095698,-0.26357824052335027
8489,qmof-075218d,1.1902395984597183,-0.8151386224891197
8490,qmof-4b9877b,0.4260939837734192,-0.3190318677131575
8491,qmof-356051c,0.5205069403413937,-2.633786237887482
8492,qmof-d038f1b,-0.15228955461518917,-2.2524231133165964
8493,qmof-981716b,0.3130018131357294,-1.4727531120984867
8494,qmof-1fe2c67,-0.041773656793416644,-2.2242669839502343
8495,qmof-7ccc745,0.12752095155156595,-2.6141655001171986
8496,qmof-9e4a54b,0.5711051760928741,-1.3066592968517388
8497,qmof-f065623,0.36611536855646015,-2.216175382468297
8498,qmof-cd1371c,0.686522149434872,-1.4769430369787124
8499,qmof-14375bc,0.6403131977472163,-2.347643587205223
8500,qmof-06d4779,0.4672666996540889,-2.344277666330084
8501,qmof-a3be11a,-0.42845010013735835,-3.0360455268782887
8502,qmof-dbb3d3c,0.33071091519233864,-2.121670324293698
8503,qmof-656e696,-0.3278622182858164,-2.4295628747234077
8504,qmof-fb68eb8,0.29768471623996623,-2.6063357205629636
8505,qmof-7817ae0,0.3073898750694674,-0.9984932629497658
8506,qmof-8a5df04,0.3409621607271777,-2.32273510856765
8507,qmof-07c0f40,1.3288349068039893,-2.8643007268736795
8508,qmof-45ac749,0.8124932857484347,-2.1016861158532443
8509,qmof-8a03db4,1.5575902294312554,-2.422069905571945
8510,qmof-c7fd3ee,0.27707106109195295,-1.4390137100470148
8511,qmof-aed36d7,0.2119589578637359,-2.2589995035670962
8512,qmof-dd69f1d,0.29038769174688955,-1.9307929492050695
8513,qmof-2c42f2a,0.4603606145831742,-1.449260687075709
8514,qmof-6800a56,0.30463747139140546,-2.3632917527797983
8515,qmof-2fabd00,0.26288612765808267,-1.5366591470098705
8516,qmof-bd5b750,-0.10112427234724652,3.674441607564712
8543,qmof-6031bc0,-1.4415281786530136,-1.7790363917048204
8544,qmof-3c42ae2,-0.20144673735726623,-1.8087944596061194
8545,qmof-b6754fb,-0.4923601438349588,-1.7279996800468505
8546,qmof-deea64a,-1.9363025485708003,2.905193940062395
8547,qmof-53c7ebf,0.1028106201077046,-0.09412878602796608
8548,qmof-1de8e14,-0.4687468626633109,-1.828625414498748
8549,qmof-e695d7d,-0.3800680113179834,-1.7105274023561168
8550,qmof-f20fb04,-2.801664126454967,2.496905057554848
8551,qmof-ae7c007,-1.3950464742591506,-1.6847491298512836
8552,qmof-7ad6610,-2.771808815445981,2.438683318652131
8553,qmof-a559dcb,-1.7011009189867647,2.9145186200139364
8555,qmof-20874c7,0.07493400453496875,-2.5686860961335687
8557,qmof-d441ad0,-3.3766104481533077,1.9888084398344807
8558,qmof-c0b261d,0.4023891134767267,-0.22168122064569792
8559,qmof-244f5c8,-0.9003583819715397,-2.7882074680838387
8560,qmof-7644c77,-0.164540226802377,-2.471479728662307
8561,qmof-2ba6a09,-0.09778104160473554,0.43905347006805584
8562,qmof-65bb65d,2.0294997869090508,2.4790285489521007
8564,qmof-031e1d8,1.9013009668114627,1.7778634961014408
8570,qmof-37d4c1f,-0.10570195266315686,0.10203082742664388
8571,qmof-1e0b61c,0.9920150476827078,1.413908581375586
8572,qmof-d3fae93,-2.322150702709843,-1.499692880640081
8573,qmof-f848b6b,-0.4513315696094238,-3.6540930800138964
8574,qmof-605d233,1.0210481512994831,1.5493566287815181
8577,qmof-e300fed,-2.833162702287215,-3.2261549938519325
8579,qmof-2e1bdda,-2.804407140772651,0.06790894219426344
8581,qmof-42e7848,1.8004471933530604,-1.0664013239956547
8582,qmof-642a3e1,0.39284939795450186,1.21130755573472
8583,qmof-163a5ea,-0.8530989220142764,-4.141428522837534
8584,qmof-303620d,-2.736884144723222,2.2759659354303734
8586,qmof-a33f7c9,-1.7409571806247024,2.8995885189836743
8588,qmof-ca7a99c,-3.104117146419795,1.6309942289117025
8591,qmof-86d8f05,1.393977783212646,1.3735887682825039
8592,qmof-dbb18cc,2.517391889705633,0.5105548709767331
8594,qmof-63c5667,-1.7978474081943383,2.843185839239827
8596,qmof-52d7274,1.7718102698515303,1.081513669723212
8599,qmof-e5121a9,-0.15869257308361528,3.8489723791748043
8630,qmof-c4528f3,-2.428016047053808,-1.4207433302429195
8631,qmof-9f8e842,-2.466912731504033,-1.1517197777070967
8632,qmof-734131e,1.4091620526044684,-1.2490948171474923
8633,qmof-abbe204,1.3791072445019292,-0.49029703595480967
8634,qmof-ccc86cf,1.2321172254598287,-0.4479307115499834
8635,qmof-6e9bf4e,1.1864974278195057,-0.7920133015312258
8636,qmof-2f3c712,1.2385410526656373,-1.1465519555592083
8637,qmof-7fdc831,1.2176719623586163,-1.1715004728412453
8638,qmof-ce29e59,1.2726288139612356,-0.8831721360596552
8639,qmof-d3f04f5,1.1225693605914213,-0.7332311854682755
8640,qmof-3854d9a,1.670064168969183,-0.7426513671425806
8641,qmof-ee8825a,1.3748893830914977,-1.1401037857653205
8642,qmof-f204bbf,1.5397722018931643,-0.1925399085658439
8643,qmof-cf9e198,1.0032863212725804,-0.976322445787298
8645,qmof-3747ebf,1.2709611677364883,-0.7823908937683488
8646,qmof-f921012,1.729321911017424,-1.3404678085440882
8648,qmof-f3e6404,0.21482048554082528,-0.2257899563561452
8650,qmof-de538af,0.3888799846642775,-0.25119509553234215
8652,qmof-e2be686,-3.6544293929379092,0.382979857756436
8653,qmof-b923499,-3.729624779147079,0.4979904208948508
8656,qmof-0147aef,-3.6182818786085567,0.3149817979616433
8663,qmof-89882f7,-1.2131428603232999,-4.962480147918572
8664,qmof-bdefc5b,-1.0780086582466943,-4.000157830365561
8665,qmof-e300e0b,-3.5012326999063146,0.47003642592306594
8668,qmof-9db0389,-3.881190013583994,0.5366867458170401
8671,qmof-e2e4331,-3.86998845627071,0.49339641679652557
8673,qmof-75cdf73,0.4926097566578586,0.02099035306668916
8674,qmof-df6f7f2,-3.4403748784690293,0.3644981638144944
8676,qmof-7fc8f2f,-0.18029216713262514,-0.06113484214114767
8677,qmof-3aea4c9,0.36294314984507303,-0.17125936252342683
8678,qmof-a67842f,-2.7725381538763543,0.5071018475799577
8679,qmof-aa2679c,-3.5961645738691534,0.6578003212026745
8681,qmof-fa2b07a,-1.2868561460218981,-0.25950400905774845
8685,qmof-f62972b,-0.9848570379054628,-0.7224833971203181
8689,qmof-3736d07,0.7062884978831583,-0.29682726955432803
8690,qmof-31bac1a,-3.5437269759172914,0.4150738149492732
8691,qmof-c5ff6a1,-3.494283893021206,0.7616013157940363
8692,qmof-3bb58fe,0.5394700663789633,-0.27501042036070256
8693,qmof-ecbc6ec,-2.819181340005642,0.3858360722181732
8694,qmof-762f2c9,-3.564272630529716,0.5758633977615706
8695,qmof-60e0223,0.4769787400355665,-0.08007103408977774
8696,qmof-bc0f149,0.29382022162993043,-0.34921798717408403
