objective,budget_frac,method,seed,bb_recall,final_recall
O1,0.02,graph_social,0,0.0136986301369863,0.011494252873563218
O1,0.02,random,0,0.0136986301369863,0.011494252873563218
O1,0.02,greedy_walk,0,0.0,0.0
O1,0.02,gp_ei,0,0.2054794520547945,0.1724137931034483
O1,0.02,ensemble_ts,0,0.0821917808219178,0.08045977011494253
O1,0.02,de,0,0.1643835616438356,0.16091954022988506
O1,0.02,pso,0,0.0684931506849315,0.06896551724137931
O1,0.02,ga,0,0.0821917808219178,0.08045977011494253
O1,0.02,social_ws,0,0.0,0.0
O1,0.02,static_diverse,0,0.0410958904109589,0.034482758620689655
O1,0.02,cmaes,0,0.0958904109589041,0.08045977011494253
O1,0.02,graph_social,1,0.0547945205479452,0.04597701149425287
O1,0.02,random,1,0.0273972602739726,0.022988505747126436
O1,0.02,greedy_walk,1,0.0,0.0
O1,0.02,gp_ei,1,0.2191780821917808,0.1839080459770115
O1,0.02,ensemble_ts,1,0.2602739726027397,0.21839080459770116
O1,0.02,de,1,0.0273972602739726,0.022988505747126436
O1,0.02,pso,1,0.3013698630136986,0.2988505747126437
O1,0.02,ga,1,0.0684931506849315,0.05747126436781609
O1,0.02,social_ws,1,0.0,0.0
O1,0.02,static_diverse,1,0.0547945205479452,0.04597701149425287
O1,0.02,cmaes,1,0.0684931506849315,0.06896551724137931
O1,0.02,graph_social,2,0.0273972602739726,0.022988505747126436
O1,0.02,random,2,0.0273972602739726,0.022988505747126436
O1,0.02,greedy_walk,2,0.0,0.0
O1,0.02,gp_ei,2,0.2328767123287671,0.21839080459770116
O1,0.02,ensemble_ts,2,0.3287671232876712,0.2988505747126437
O1,0.02,de,2,0.2191780821917808,0.21839080459770116
O1,0.02,pso,2,0.1506849315068493,0.14942528735632185
O1,0.02,ga,2,0.0273972602739726,0.034482758620689655
O1,0.02,social_ws,2,0.0,0.0
O1,0.02,static_diverse,2,0.0273972602739726,0.022988505747126436
O1,0.02,cmaes,2,0.0136986301369863,0.011494252873563218
O1,0.02,graph_social,3,0.0273972602739726,0.022988505747126436
O1,0.02,random,3,0.0136986301369863,0.011494252873563218
O1,0.02,greedy_walk,3,0.0,0.0
O1,0.02,gp_ei,3,0.1232876712328767,0.10344827586206896
O1,0.02,ensemble_ts,3,0.2876712328767123,0.25287356321839083
O1,0.02,de,3,0.0410958904109589,0.034482758620689655
O1,0.02,pso,3,0.2328767123287671,0.2413793103448276
O1,0.02,ga,3,0.0,0.0
O1,0.02,social_ws,3,0.0,0.0
O1,0.02,static_diverse,3,0.0410958904109589,0.034482758620689655
O1,0.02,cmaes,3,0.1506849315068493,0.12643678160919541
O1,0.02,graph_social,4,0.0136986301369863,0.034482758620689655
O1,0.02,random,4,0.0273972602739726,0.022988505747126436
O1,0.02,greedy_walk,4,0.0,0.0
O1,0.02,gp_ei,4,0.0821917808219178,0.06896551724137931
O1,0.02,ensemble_ts,4,0.2465753424657534,0.20689655172413793
O1,0.02,de,4,0.0273972602739726,0.022988505747126436
O1,0.02,pso,4,0.3972602739726027,0.3448275862068966
O1,0.02,ga,4,0.0410958904109589,0.034482758620689655
O1,0.02,social_ws,4,0.0,0.0
O1,0.02,static_diverse,4,0.0410958904109589,0.034482758620689655
O1,0.02,cmaes,4,0.1506849315068493,0.13793103448275862
O1,0.02,graph_social,5,0.0410958904109589,0.05747126436781609
O1,0.02,random,5,0.0410958904109589,0.034482758620689655
O1,0.02,greedy_walk,5,0.0,0.0
O1,0.02,gp_ei,5,0.1780821917808219,0.16091954022988506
O1,0.02,ensemble_ts,5,0.3972602739726027,0.3563218390804598
O1,0.02,de,5,0.1780821917808219,0.1724137931034483
O1,0.02,pso,5,0.2054794520547945,0.20689655172413793
O1,0.02,ga,5,0.0136986301369863,0.034482758620689655
O1,0.02,social_ws,5,0.0136986301369863,0.034482758620689655
O1,0.02,static_diverse,5,0.0410958904109589,0.034482758620689655
O1,0.02,cmaes,5,0.1506849315068493,0.12643678160919541
O1,0.02,graph_social,6,0.0273972602739726,0.022988505747126436
O1,0.02,random,6,0.0,0.0
O1,0.02,greedy_walk,6,0.0136986301369863,0.011494252873563218
O1,0.02,gp_ei,6,0.0547945205479452,0.04597701149425287
O1,0.02,ensemble_ts,6,0.2465753424657534,0.20689655172413793
O1,0.02,de,6,0.0958904109589041,0.10344827586206896
O1,0.02,pso,6,0.2465753424657534,0.20689655172413793
O1,0.02,ga,6,0.1643835616438356,0.13793103448275862
O1,0.02,social_ws,6,0.0,0.0
O1,0.02,static_diverse,6,0.0410958904109589,0.034482758620689655
O1,0.02,cmaes,6,0.1095890410958904,0.09195402298850575
O1,0.02,graph_social,7,0.0136986301369863,0.011494252873563218
O1,0.02,random,7,0.0,0.0
O1,0.02,greedy_walk,7,0.0,0.0
O1,0.02,gp_ei,7,0.2191780821917808,0.1839080459770115
O1,0.02,ensemble_ts,7,0.0273972602739726,0.022988505747126436
O1,0.02,de,7,0.1095890410958904,0.11494252873563218
O1,0.02,pso,7,0.2191780821917808,0.1839080459770115
O1,0.02,ga,7,0.1917808219178082,0.19540229885057472
O1,0.02,social_ws,7,0.0,0.0
O1,0.02,static_diverse,7,0.0273972602739726,0.022988505747126436
O1,0.02,cmaes,7,0.1643835616438356,0.13793103448275862
O1,0.02,graph_social,8,0.0,0.0
O1,0.02,random,8,0.0136986301369863,0.011494252873563218
O1,0.02,greedy_walk,8,0.0,0.0
O1,0.02,gp_ei,8,0.1643835616438356,0.13793103448275862
O1,0.02,ensemble_ts,8,0.2328767123287671,0.19540229885057472
O1,0.02,de,8,0.2191780821917808,0.1839080459770115
O1,0.02,pso,8,0.2465753424657534,0.2413793103448276
O1,0.02,ga,8,0.1232876712328767,0.13793103448275862
O1,0.02,social_ws,8,0.1232876712328767,0.10344827586206896
O1,0.02,static_diverse,8,0.0410958904109589,0.034482758620689655
O1,0.02,cmaes,8,0.2465753424657534,0.20689655172413793
O1,0.02,graph_social,9,0.0136986301369863,0.034482758620689655
O1,0.02,random,9,0.0410958904109589,0.034482758620689655
O1,0.02,greedy_walk,9,0.0,0.0
O1,0.02,gp_ei,9,0.0273972602739726,0.022988505747126436
O1,0.02,ensemble_ts,9,0.1232876712328767,0.10344827586206896
O1,0.02,de,9,0.0136986301369863,0.034482758620689655
O1,0.02,pso,9,0.0136986301369863,0.034482758620689655
O1,0.02,ga,9,0.0136986301369863,0.034482758620689655
O1,0.02,social_ws,9,0.0136986301369863,0.034482758620689655
O1,0.02,static_diverse,9,0.0410958904109589,0.034482758620689655
O1,0.02,cmaes,9,0.0,0.0
O1,0.02,graph_social,10,0.0273972602739726,0.04597701149425287
O1,0.02,random,10,0.0,0.0
O1,0.02,greedy_walk,10,0.0136986301369863,0.022988505747126436
O1,0.02,gp_ei,10,0.1780821917808219,0.14942528735632185
O1,0.02,ensemble_ts,10,0.3972602739726027,0.3563218390804598
O1,0.02,de,10,0.2054794520547945,0.21839080459770116
O1,0.02,pso,10,0.0410958904109589,0.034482758620689655
O1,0.02,ga,10,0.0136986301369863,0.011494252873563218
O1,0.02,social_ws,10,0.0136986301369863,0.034482758620689655
O1,0.02,static_diverse,10,0.0273972602739726,0.022988505747126436
O1,0.02,cmaes,10,0.1232876712328767,0.10344827586206896
O1,0.02,graph_social,11,0.0684931506849315,0.05747126436781609
O1,0.02,random,11,0.0410958904109589,0.034482758620689655
O1,0.02,greedy_walk,11,0.0,0.0
O1,0.02,gp_ei,11,0.136986301369863,0.11494252873563218
O1,0.02,ensemble_ts,11,0.273972602739726,0.22988505747126436
O1,0.02,de,11,0.0410958904109589,0.034482758620689655
O1,0.02,pso,11,0.1643835616438356,0.1839080459770115
O1,0.02,ga,11,0.2054794520547945,0.20689655172413793
O1,0.02,social_ws,11,0.0273972602739726,0.022988505747126436
O1,0.02,static_diverse,11,0.0273972602739726,0.022988505747126436
O1,0.02,cmaes,11,0.0410958904109589,0.04597701149425287
O1,0.02,graph_social,12,0.0,0.0
O1,0.02,random,12,0.0136986301369863,0.011494252873563218
O1,0.02,greedy_walk,12,0.0,0.0
O1,0.02,gp_ei,12,0.1643835616438356,0.13793103448275862
O1,0.02,ensemble_ts,12,0.3013698630136986,0.25287356321839083
O1,0.02,de,12,0.0958904109589041,0.08045977011494253
O1,0.02,pso,12,0.0136986301369863,0.011494252873563218
O1,0.02,ga,12,0.0547945205479452,0.05747126436781609
O1,0.02,social_ws,12,0.0,0.0
O1,0.02,static_diverse,12,0.0410958904109589,0.034482758620689655
O1,0.02,cmaes,12,0.0,0.0
O1,0.02,graph_social,13,0.0136986301369863,0.011494252873563218
O1,0.02,random,13,0.0547945205479452,0.04597701149425287
O1,0.02,greedy_walk,13,0.0,0.0
O1,0.02,gp_ei,13,0.1917808219178082,0.16091954022988506
O1,0.02,ensemble_ts,13,0.2191780821917808,0.20689655172413793
O1,0.02,de,13,0.1506849315068493,0.1839080459770115
O1,0.02,pso,13,0.0273972602739726,0.06896551724137931
O1,0.02,ga,13,0.2465753424657534,0.25287356321839083
O1,0.02,social_ws,13,0.0,0.0
O1,0.02,static_diverse,13,0.0410958904109589,0.034482758620689655
O1,0.02,cmaes,13,0.0,0.0
O1,0.02,graph_social,14,0.0,0.0
O1,0.02,random,14,0.0410958904109589,0.034482758620689655
O1,0.02,greedy_walk,14,0.0,0.0
O1,0.02,gp_ei,14,0.2054794520547945,0.1724137931034483
O1,0.02,ensemble_ts,14,0.0821917808219178,0.06896551724137931
O1,0.02,de,14,0.0273972602739726,0.022988505747126436
O1,0.02,pso,14,0.0958904109589041,0.08045977011494253
O1,0.02,ga,14,0.0410958904109589,0.034482758620689655
O1,0.02,social_ws,14,0.0136986301369863,0.034482758620689655
O1,0.02,static_diverse,14,0.0273972602739726,0.022988505747126436
O1,0.02,cmaes,14,0.0,0.0
O1,0.02,graph_social,15,0.0136986301369863,0.011494252873563218
O1,0.02,random,15,0.0273972602739726,0.022988505747126436
O1,0.02,greedy_walk,15,0.0,0.0
O1,0.02,gp_ei,15,0.2328767123287671,0.19540229885057472
O1,0.02,ensemble_ts,15,0.3835616438356164,0.3448275862068966
O1,0.02,de,15,0.136986301369863,0.11494252873563218
O1,0.02,pso,15,0.2328767123287671,0.19540229885057472
O1,0.02,ga,15,0.1506849315068493,0.12643678160919541
O1,0.02,social_ws,15,0.1232876712328767,0.10344827586206896
O1,0.02,static_diverse,15,0.0410958904109589,0.034482758620689655
O1,0.02,cmaes,15,0.0,0.0
O1,0.02,graph_social,16,0.0136986301369863,0.034482758620689655
O1,0.02,random,16,0.0136986301369863,0.011494252873563218
O1,0.02,greedy_walk,16,0.0,0.0
O1,0.02,gp_ei,16,0.1095890410958904,0.09195402298850575
O1,0.02,ensemble_ts,16,0.2602739726027397,0.22988505747126436
O1,0.02,de,16,0.1232876712328767,0.12643678160919541
O1,0.02,pso,16,0.1917808219178082,0.19540229885057472
O1,0.02,ga,16,0.0410958904109589,0.034482758620689655
O1,0.02,social_ws,16,0.0136986301369863,0.034482758620689655
O1,0.02,static_diverse,16,0.0547945205479452,0.04597701149425287
O1,0.02,cmaes,16,0.0273972602739726,0.06896551724137931
O1,0.02,graph_social,17,0.0,0.0
O1,0.02,random,17,0.0547945205479452,0.04597701149425287
O1,0.02,greedy_walk,17,0.0,0.0
O1,0.02,gp_ei,17,0.2602739726027397,0.21839080459770116
O1,0.02,ensemble_ts,17,0.3561643835616438,0.3218390804597701
O1,0.02,de,17,0.1917808219178082,0.20689655172413793
O1,0.02,pso,17,0.0821917808219178,0.08045977011494253
O1,0.02,ga,17,0.0,0.0
O1,0.02,social_ws,17,0.0,0.0
O1,0.02,static_diverse,17,0.0273972602739726,0.022988505747126436
O1,0.02,cmaes,17,0.0684931506849315,0.05747126436781609
O1,0.02,graph_social,18,0.0410958904109589,0.034482758620689655
O1,0.02,random,18,0.0410958904109589,0.034482758620689655
O1,0.02,greedy_walk,18,0.0,0.0
O1,0.02,gp_ei,18,0.1917808219178082,0.16091954022988506
O1,0.02,ensemble_ts,18,0.3561643835616438,0.3218390804597701
O1,0.02,de,18,0.0,0.0
O1,0.02,pso,18,0.0410958904109589,0.034482758620689655
O1,0.02,ga,18,0.0,0.0
O1,0.02,social_ws,18,0.0410958904109589,0.034482758620689655
O1,0.02,static_diverse,18,0.0273972602739726,0.022988505747126436
O1,0.02,cmaes,18,0.0684931506849315,0.06896551724137931
O1,0.02,graph_social,19,0.0958904109589041,0.08045977011494253
O1,0.02,random,19,0.0136986301369863,0.011494252873563218
O1,0.02,greedy_walk,19,0.0410958904109589,0.04597701149425287
O1,0.02,gp_ei,19,0.273972602739726,0.22988505747126436
O1,0.02,ensemble_ts,19,0.3835616438356164,0.3563218390804598
O1,0.02,de,19,0.2328767123287671,0.22988505747126436
O1,0.02,pso,19,0.2191780821917808,0.21839080459770116
O1,0.02,ga,19,0.2054794520547945,0.20689655172413793
O1,0.02,social_ws,19,0.136986301369863,0.11494252873563218
O1,0.02,static_diverse,19,0.0410958904109589,0.034482758620689655
O1,0.02,cmaes,19,0.1917808219178082,0.16091954022988506
O1,0.02,graph_social,20,0.0410958904109589,0.034482758620689655
O1,0.02,random,20,0.0273972602739726,0.022988505747126436
O1,0.02,greedy_walk,20,0.0,0.0
O1,0.02,gp_ei,20,0.0821917808219178,0.06896551724137931
O1,0.02,ensemble_ts,20,0.2191780821917808,0.1839080459770115
O1,0.02,de,20,0.0273972602739726,0.034482758620689655
O1,0.02,pso,20,0.1917808219178082,0.21839080459770116
O1,0.02,ga,20,0.0,0.0
O1,0.02,social_ws,20,0.0,0.0
O1,0.02,static_diverse,20,0.0547945205479452,0.04597701149425287
O1,0.02,cmaes,20,0.2328767123287671,0.19540229885057472
O1,0.02,graph_social,21,0.0136986301369863,0.034482758620689655
O1,0.02,random,21,0.0,0.0
O1,0.02,greedy_walk,21,0.1643835616438356,0.13793103448275862
O1,0.02,gp_ei,21,0.2465753424657534,0.20689655172413793
O1,0.02,ensemble_ts,21,0.3835616438356164,0.3333333333333333
O1,0.02,de,21,0.2054794520547945,0.1724137931034483
O1,0.02,pso,21,0.136986301369863,0.12643678160919541
O1,0.02,ga,21,0.1232876712328767,0.10344827586206896
O1,0.02,social_ws,21,0.0,0.0
O1,0.02,static_diverse,21,0.0273972602739726,0.022988505747126436
O1,0.02,cmaes,21,0.1506849315068493,0.12643678160919541
O1,0.02,graph_social,22,0.0958904109589041,0.09195402298850575
O1,0.02,random,22,0.0547945205479452,0.04597701149425287
O1,0.02,greedy_walk,22,0.0,0.0
O1,0.02,gp_ei,22,0.2876712328767123,0.2413793103448276
O1,0.02,ensemble_ts,22,0.410958904109589,0.367816091954023
O1,0.02,de,22,0.0410958904109589,0.034482758620689655
O1,0.02,pso,22,0.2191780821917808,0.21839080459770116
O1,0.02,ga,22,0.2054794520547945,0.19540229885057472
O1,0.02,social_ws,22,0.0,0.0
O1,0.02,static_diverse,22,0.0410958904109589,0.034482758620689655
O1,0.02,cmaes,22,0.1643835616438356,0.13793103448275862
O1,0.02,graph_social,23,0.0136986301369863,0.011494252873563218
O1,0.02,random,23,0.0684931506849315,0.05747126436781609
O1,0.02,greedy_walk,23,0.0,0.0
O1,0.02,gp_ei,23,0.2054794520547945,0.1724137931034483
O1,0.02,ensemble_ts,23,0.2328767123287671,0.19540229885057472
O1,0.02,de,23,0.1095890410958904,0.09195402298850575
O1,0.02,pso,23,0.273972602739726,0.25287356321839083
O1,0.02,ga,23,0.1095890410958904,0.11494252873563218
O1,0.02,social_ws,23,0.0,0.0
O1,0.02,static_diverse,23,0.0410958904109589,0.034482758620689655
O1,0.02,cmaes,23,0.1780821917808219,0.16091954022988506
O1,0.02,graph_social,24,0.0,0.0
O1,0.02,random,24,0.0136986301369863,0.011494252873563218
O1,0.02,greedy_walk,24,0.0,0.0
O1,0.02,gp_ei,24,0.0,0.0
O1,0.02,ensemble_ts,24,0.2191780821917808,0.1839080459770115
O1,0.02,de,24,0.0684931506849315,0.08045977011494253
O1,0.02,pso,24,0.0136986301369863,0.034482758620689655
O1,0.02,ga,24,0.0410958904109589,0.05747126436781609
O1,0.02,social_ws,24,0.0,0.0
O1,0.02,static_diverse,24,0.0410958904109589,0.034482758620689655
O1,0.02,cmaes,24,0.0410958904109589,0.034482758620689655
O1,0.02,graph_social,25,0.0136986301369863,0.05747126436781609
O1,0.02,random,25,0.0136986301369863,0.011494252873563218
O1,0.02,greedy_walk,25,0.0,0.0
O1,0.02,gp_ei,25,0.1643835616438356,0.13793103448275862
O1,0.02,ensemble_ts,25,0.3835616438356164,0.3333333333333333
O1,0.02,de,25,0.0821917808219178,0.08045977011494253
O1,0.02,pso,25,0.2191780821917808,0.21839080459770116
O1,0.02,ga,25,0.0821917808219178,0.08045977011494253
O1,0.02,social_ws,25,0.0,0.0
O1,0.02,static_diverse,25,0.0273972602739726,0.022988505747126436
O1,0.02,cmaes,25,0.0273972602739726,0.022988505747126436
O1,0.02,graph_social,26,0.0273972602739726,0.022988505747126436
O1,0.02,random,26,0.0136986301369863,0.011494252873563218
O1,0.02,greedy_walk,26,0.1506849315068493,0.12643678160919541
O1,0.02,gp_ei,26,0.1780821917808219,0.14942528735632185
O1,0.02,ensemble_ts,26,0.4657534246575342,0.40229885057471265
O1,0.02,de,26,0.1917808219178082,0.16091954022988506
O1,0.02,pso,26,0.3835616438356164,0.3448275862068966
O1,0.02,ga,26,0.2602739726027397,0.26436781609195403
O1,0.02,social_ws,26,0.0684931506849315,0.05747126436781609
O1,0.02,static_diverse,26,0.0136986301369863,0.011494252873563218
O1,0.02,cmaes,26,0.0958904109589041,0.08045977011494253
O1,0.02,graph_social,27,0.0,0.0
O1,0.02,random,27,0.0136986301369863,0.011494252873563218
O1,0.02,greedy_walk,27,0.0,0.0
O1,0.02,gp_ei,27,0.2191780821917808,0.1839080459770115
O1,0.02,ensemble_ts,27,0.1506849315068493,0.16091954022988506
O1,0.02,de,27,0.0136986301369863,0.011494252873563218
O1,0.02,pso,27,0.0821917808219178,0.08045977011494253
O1,0.02,ga,27,0.0,0.0
O1,0.02,social_ws,27,0.0,0.0
O1,0.02,static_diverse,27,0.0547945205479452,0.04597701149425287
O1,0.02,cmaes,27,0.0684931506849315,0.05747126436781609
O1,0.02,graph_social,28,0.0410958904109589,0.034482758620689655
O1,0.02,random,28,0.0684931506849315,0.05747126436781609
O1,0.02,greedy_walk,28,0.0410958904109589,0.034482758620689655
O1,0.02,gp_ei,28,0.2602739726027397,0.21839080459770116
O1,0.02,ensemble_ts,28,0.4520547945205479,0.41379310344827586
O1,0.02,de,28,0.1506849315068493,0.19540229885057472
O1,0.02,pso,28,0.0410958904109589,0.034482758620689655
O1,0.02,ga,28,0.136986301369863,0.13793103448275862
O1,0.02,social_ws,28,0.0273972602739726,0.022988505747126436
O1,0.02,static_diverse,28,0.0547945205479452,0.04597701149425287
O1,0.02,cmaes,28,0.0273972602739726,0.022988505747126436
O1,0.02,graph_social,29,0.0,0.0
O1,0.02,random,29,0.0,0.0
O1,0.02,greedy_walk,29,0.0,0.0
O1,0.02,gp_ei,29,0.0684931506849315,0.05747126436781609
O1,0.02,ensemble_ts,29,0.3150684931506849,0.27586206896551724
O1,0.02,de,29,0.0136986301369863,0.011494252873563218
O1,0.02,pso,29,0.2328767123287671,0.2413793103448276
O1,0.02,ga,29,0.0,0.0
O1,0.02,social_ws,29,0.0,0.0
O1,0.02,static_diverse,29,0.0273972602739726,0.022988505747126436
O1,0.02,cmaes,29,0.1780821917808219,0.14942528735632185
O1,0.05,graph_social,0,0.0273972602739726,0.06896551724137931
O1,0.05,random,0,0.0410958904109589,0.034482758620689655
O1,0.05,greedy_walk,0,0.0,0.0
O1,0.05,gp_ei,0,0.5616438356164384,0.5057471264367817
O1,0.05,ensemble_ts,0,0.6575342465753424,0.6206896551724138
O1,0.05,de,0,0.3424657534246575,0.3448275862068966
O1,0.05,pso,0,0.3698630136986301,0.3218390804597701
O1,0.05,ga,0,0.1780821917808219,0.1724137931034483
O1,0.05,social_ws,0,0.0,0.0
O1,0.05,static_diverse,0,0.1095890410958904,0.09195402298850575
O1,0.05,cmaes,0,0.4246575342465753,0.3793103448275862
O1,0.05,graph_social,1,0.0958904109589041,0.08045977011494253
O1,0.05,random,1,0.0273972602739726,0.022988505747126436
O1,0.05,greedy_walk,1,0.0,0.0
O1,0.05,gp_ei,1,0.4246575342465753,0.367816091954023
O1,0.05,ensemble_ts,1,0.547945205479452,0.5057471264367817
O1,0.05,de,1,0.1780821917808219,0.1724137931034483
O1,0.05,pso,1,0.4246575342465753,0.41379310344827586
O1,0.05,ga,1,0.2328767123287671,0.19540229885057472
O1,0.05,social_ws,1,0.1506849315068493,0.12643678160919541
O1,0.05,static_diverse,1,0.0958904109589041,0.08045977011494253
O1,0.05,cmaes,1,0.0684931506849315,0.06896551724137931
O1,0.05,graph_social,2,0.0821917808219178,0.09195402298850575
O1,0.05,random,2,0.0684931506849315,0.05747126436781609
O1,0.05,greedy_walk,2,0.0,0.0
O1,0.05,gp_ei,2,0.6164383561643836,0.5632183908045977
O1,0.05,ensemble_ts,2,0.6438356164383562,0.5977011494252874
O1,0.05,de,2,0.547945205479452,0.5057471264367817
O1,0.05,pso,2,0.2602739726027397,0.2413793103448276
O1,0.05,ga,2,0.1232876712328767,0.12643678160919541
O1,0.05,social_ws,2,0.0,0.0
O1,0.05,static_diverse,2,0.0821917808219178,0.06896551724137931
O1,0.05,cmaes,2,0.0684931506849315,0.05747126436781609
O1,0.05,graph_social,3,0.0,0.0
O1,0.05,random,3,0.0684931506849315,0.05747126436781609
O1,0.05,greedy_walk,3,0.0,0.0
O1,0.05,gp_ei,3,0.4520547945205479,0.40229885057471265
O1,0.05,ensemble_ts,3,0.6575342465753424,0.6206896551724138
O1,0.05,de,3,0.3013698630136986,0.25287356321839083
O1,0.05,pso,3,0.3424657534246575,0.3448275862068966
O1,0.05,ga,3,0.0958904109589041,0.09195402298850575
O1,0.05,social_ws,3,0.0136986301369863,0.034482758620689655
O1,0.05,static_diverse,3,0.0684931506849315,0.05747126436781609
O1,0.05,cmaes,3,0.3835616438356164,0.3333333333333333
O1,0.05,graph_social,4,0.0136986301369863,0.034482758620689655
O1,0.05,random,4,0.0410958904109589,0.034482758620689655
O1,0.05,greedy_walk,4,0.0,0.0
O1,0.05,gp_ei,4,0.3561643835616438,0.3333333333333333
O1,0.05,ensemble_ts,4,0.5616438356164384,0.4942528735632184
O1,0.05,de,4,0.0958904109589041,0.09195402298850575
O1,0.05,pso,4,0.4931506849315068,0.45977011494252873
O1,0.05,ga,4,0.3835616438356164,0.3793103448275862
O1,0.05,social_ws,4,0.0410958904109589,0.034482758620689655
O1,0.05,static_diverse,4,0.0684931506849315,0.05747126436781609
O1,0.05,cmaes,4,0.4246575342465753,0.3793103448275862
O1,0.05,graph_social,5,0.1917808219178082,0.1839080459770115
O1,0.05,random,5,0.0547945205479452,0.04597701149425287
O1,0.05,greedy_walk,5,0.0,0.0
O1,0.05,gp_ei,5,0.5342465753424658,0.5172413793103449
O1,0.05,ensemble_ts,5,0.6986301369863014,0.6551724137931034
O1,0.05,de,5,0.3835616438356164,0.3793103448275862
O1,0.05,pso,5,0.3287671232876712,0.3333333333333333
O1,0.05,ga,5,0.0136986301369863,0.034482758620689655
O1,0.05,social_ws,5,0.0,0.0
O1,0.05,static_diverse,5,0.0958904109589041,0.08045977011494253
O1,0.05,cmaes,5,0.1917808219178082,0.16091954022988506
O1,0.05,graph_social,6,0.1643835616438356,0.14942528735632185
O1,0.05,random,6,0.0410958904109589,0.034482758620689655
O1,0.05,greedy_walk,6,0.0136986301369863,0.011494252873563218
O1,0.05,gp_ei,6,0.3698630136986301,0.3448275862068966
O1,0.05,ensemble_ts,6,0.6301369863013698,0.5862068965517241
O1,0.05,de,6,0.2876712328767123,0.27586206896551724
O1,0.05,pso,6,0.4383561643835616,0.367816091954023
O1,0.05,ga,6,0.273972602739726,0.22988505747126436
O1,0.05,social_ws,6,0.0,0.0
O1,0.05,static_diverse,6,0.0684931506849315,0.05747126436781609
O1,0.05,cmaes,6,0.1643835616438356,0.14942528735632185
O1,0.05,graph_social,7,0.0410958904109589,0.034482758620689655
O1,0.05,random,7,0.0273972602739726,0.022988505747126436
O1,0.05,greedy_walk,7,0.0,0.0
O1,0.05,gp_ei,7,0.4520547945205479,0.40229885057471265
O1,0.05,ensemble_ts,7,0.5753424657534246,0.5172413793103449
O1,0.05,de,7,0.273972602739726,0.27586206896551724
O1,0.05,pso,7,0.3424657534246575,0.28735632183908044
O1,0.05,ga,7,0.3561643835616438,0.3563218390804598
O1,0.05,social_ws,7,0.0,0.0
O1,0.05,static_diverse,7,0.0958904109589041,0.08045977011494253
O1,0.05,cmaes,7,0.4383561643835616,0.3793103448275862
O1,0.05,graph_social,8,0.1232876712328767,0.10344827586206896
O1,0.05,random,8,0.0684931506849315,0.06896551724137931
O1,0.05,greedy_walk,8,0.0,0.0
O1,0.05,gp_ei,8,0.5068493150684932,0.45977011494252873
O1,0.05,ensemble_ts,8,0.5616438356164384,0.5057471264367817
O1,0.05,de,8,0.4246575342465753,0.3793103448275862
O1,0.05,pso,8,0.3835616438356164,0.39080459770114945
O1,0.05,ga,8,0.1506849315068493,0.16091954022988506
O1,0.05,social_ws,8,0.0136986301369863,0.034482758620689655
O1,0.05,static_diverse,8,0.1095890410958904,0.09195402298850575
O1,0.05,cmaes,8,0.4520547945205479,0.41379310344827586
O1,0.05,graph_social,9,0.0273972602739726,0.06896551724137931
O1,0.05,random,9,0.0684931506849315,0.05747126436781609
O1,0.05,greedy_walk,9,0.0,0.0
O1,0.05,gp_ei,9,0.5068493150684932,0.4482758620689655
O1,0.05,ensemble_ts,9,0.589041095890411,0.5517241379310345
O1,0.05,de,9,0.4246575342465753,0.41379310344827586
O1,0.05,pso,9,0.0547945205479452,0.06896551724137931
O1,0.05,ga,9,0.0273972602739726,0.04597701149425287
O1,0.05,social_ws,9,0.0136986301369863,0.034482758620689655
O1,0.05,static_diverse,9,0.0958904109589041,0.08045977011494253
O1,0.05,cmaes,9,0.0136986301369863,0.034482758620689655
O1,0.05,graph_social,10,0.0410958904109589,0.05747126436781609
O1,0.05,random,10,0.0273972602739726,0.022988505747126436
O1,0.05,greedy_walk,10,0.0136986301369863,0.022988505747126436
O1,0.05,gp_ei,10,0.4246575342465753,0.39080459770114945
O1,0.05,ensemble_ts,10,0.6301369863013698,0.5862068965517241
O1,0.05,de,10,0.3698630136986301,0.367816091954023
O1,0.05,pso,10,0.3972602739726027,0.3333333333333333
O1,0.05,ga,10,0.136986301369863,0.11494252873563218
O1,0.05,social_ws,10,0.0,0.0
O1,0.05,static_diverse,10,0.1095890410958904,0.09195402298850575
O1,0.05,cmaes,10,0.1780821917808219,0.14942528735632185
O1,0.05,graph_social,11,0.136986301369863,0.11494252873563218
O1,0.05,random,11,0.0547945205479452,0.04597701149425287
O1,0.05,greedy_walk,11,0.0,0.0
O1,0.05,gp_ei,11,0.4794520547945205,0.45977011494252873
O1,0.05,ensemble_ts,11,0.6164383561643836,0.5747126436781609
O1,0.05,de,11,0.0821917808219178,0.06896551724137931
O1,0.05,pso,11,0.3561643835616438,0.3793103448275862
O1,0.05,ga,11,0.3013698630136986,0.3103448275862069
O1,0.05,social_ws,11,0.0,0.0
O1,0.05,static_diverse,11,0.0684931506849315,0.05747126436781609
O1,0.05,cmaes,11,0.0547945205479452,0.05747126436781609
O1,0.05,graph_social,12,0.1506849315068493,0.12643678160919541
O1,0.05,random,12,0.0684931506849315,0.05747126436781609
O1,0.05,greedy_walk,12,0.0,0.0
O1,0.05,gp_ei,12,0.6438356164383562,0.5747126436781609
O1,0.05,ensemble_ts,12,0.726027397260274,0.7126436781609196
O1,0.05,de,12,0.3835616438356164,0.3218390804597701
O1,0.05,pso,12,0.273972602739726,0.26436781609195403
O1,0.05,ga,12,0.136986301369863,0.13793103448275862
O1,0.05,social_ws,12,0.0410958904109589,0.034482758620689655
O1,0.05,static_diverse,12,0.0821917808219178,0.06896551724137931
O1,0.05,cmaes,12,0.0136986301369863,0.034482758620689655
O1,0.05,graph_social,13,0.1780821917808219,0.1724137931034483
O1,0.05,random,13,0.1095890410958904,0.09195402298850575
O1,0.05,greedy_walk,13,0.0,0.0
O1,0.05,gp_ei,13,0.4931506849315068,0.45977011494252873
O1,0.05,ensemble_ts,13,0.6301369863013698,0.5862068965517241
O1,0.05,de,13,0.3287671232876712,0.367816091954023
O1,0.05,pso,13,0.1232876712328767,0.1724137931034483
O1,0.05,ga,13,0.3835616438356164,0.39080459770114945
O1,0.05,social_ws,13,0.0410958904109589,0.034482758620689655
O1,0.05,static_diverse,13,0.0821917808219178,0.06896551724137931
O1,0.05,cmaes,13,0.0410958904109589,0.034482758620689655
O1,0.05,graph_social,14,0.1232876712328767,0.10344827586206896
O1,0.05,random,14,0.1232876712328767,0.10344827586206896
O1,0.05,greedy_walk,14,0.0,0.0
O1,0.05,gp_ei,14,0.6164383561643836,0.5632183908045977
O1,0.05,ensemble_ts,14,0.6575342465753424,0.5977011494252874
O1,0.05,de,14,0.136986301369863,0.11494252873563218
O1,0.05,pso,14,0.5342465753424658,0.4827586206896552
O1,0.05,ga,14,0.1095890410958904,0.09195402298850575
O1,0.05,social_ws,14,0.0136986301369863,0.034482758620689655
O1,0.05,static_diverse,14,0.0684931506849315,0.05747126436781609
O1,0.05,cmaes,14,0.0684931506849315,0.06896551724137931
O1,0.05,graph_social,15,0.0136986301369863,0.034482758620689655
O1,0.05,random,15,0.0684931506849315,0.05747126436781609
O1,0.05,greedy_walk,15,0.0,0.0
O1,0.05,gp_ei,15,0.547945205479452,0.4942528735632184
O1,0.05,ensemble_ts,15,0.6575342465753424,0.6091954022988506
O1,0.05,de,15,0.3424657534246575,0.28735632183908044
O1,0.05,pso,15,0.410958904109589,0.3563218390804598
O1,0.05,ga,15,0.2465753424657534,0.20689655172413793
O1,0.05,social_ws,15,0.3013698630136986,0.26436781609195403
O1,0.05,static_diverse,15,0.1095890410958904,0.09195402298850575
O1,0.05,cmaes,15,0.0821917808219178,0.06896551724137931
O1,0.05,graph_social,16,0.1643835616438356,0.16091954022988506
O1,0.05,random,16,0.0684931506849315,0.05747126436781609
O1,0.05,greedy_walk,16,0.0,0.0
O1,0.05,gp_ei,16,0.5342465753424658,0.4827586206896552
O1,0.05,ensemble_ts,16,0.7534246575342466,0.7126436781609196
O1,0.05,de,16,0.5342465753424658,0.4942528735632184
O1,0.05,pso,16,0.2876712328767123,0.2988505747126437
O1,0.05,ga,16,0.1095890410958904,0.10344827586206896
O1,0.05,social_ws,16,0.0136986301369863,0.034482758620689655
O1,0.05,static_diverse,16,0.0821917808219178,0.06896551724137931
O1,0.05,cmaes,16,0.0684931506849315,0.10344827586206896
O1,0.05,graph_social,17,0.0684931506849315,0.05747126436781609
O1,0.05,random,17,0.0821917808219178,0.06896551724137931
O1,0.05,greedy_walk,17,0.0,0.0
O1,0.05,gp_ei,17,0.4931506849315068,0.45977011494252873
O1,0.05,ensemble_ts,17,0.5205479452054794,0.4827586206896552
O1,0.05,de,17,0.3013698630136986,0.3103448275862069
O1,0.05,pso,17,0.2876712328767123,0.25287356321839083
O1,0.05,ga,17,0.136986301369863,0.14942528735632185
O1,0.05,social_ws,17,0.0273972602739726,0.04597701149425287
O1,0.05,static_diverse,17,0.0958904109589041,0.08045977011494253
O1,0.05,cmaes,17,0.1780821917808219,0.14942528735632185
O1,0.05,graph_social,18,0.136986301369863,0.12643678160919541
O1,0.05,random,18,0.0684931506849315,0.05747126436781609
O1,0.05,greedy_walk,18,0.0,0.0
O1,0.05,gp_ei,18,0.6027397260273972,0.5632183908045977
O1,0.05,ensemble_ts,18,0.6164383561643836,0.5747126436781609
O1,0.05,de,18,0.0,0.0
O1,0.05,pso,18,0.1643835616438356,0.14942528735632185
O1,0.05,ga,18,0.0,0.0
O1,0.05,social_ws,18,0.0410958904109589,0.034482758620689655
O1,0.05,static_diverse,18,0.0958904109589041,0.08045977011494253
O1,0.05,cmaes,18,0.0958904109589041,0.09195402298850575
O1,0.05,graph_social,19,0.2191780821917808,0.1839080459770115
O1,0.05,random,19,0.0410958904109589,0.034482758620689655
O1,0.05,greedy_walk,19,0.0410958904109589,0.04597701149425287
O1,0.05,gp_ei,19,0.5205479452054794,0.47126436781609193
O1,0.05,ensemble_ts,19,0.7534246575342466,0.7126436781609196
O1,0.05,de,19,0.3698630136986301,0.367816091954023
O1,0.05,pso,19,0.3013698630136986,0.28735632183908044
O1,0.05,ga,19,0.3150684931506849,0.3218390804597701
O1,0.05,social_ws,19,0.0410958904109589,0.034482758620689655
O1,0.05,static_diverse,19,0.0684931506849315,0.05747126436781609
O1,0.05,cmaes,19,0.410958904109589,0.3793103448275862
O1,0.05,graph_social,20,0.0821917808219178,0.08045977011494253
O1,0.05,random,20,0.0547945205479452,0.04597701149425287
O1,0.05,greedy_walk,20,0.0,0.0
O1,0.05,gp_ei,20,0.5342465753424658,0.4827586206896552
O1,0.05,ensemble_ts,20,0.5205479452054794,0.47126436781609193
O1,0.05,de,20,0.136986301369863,0.13793103448275862
O1,0.05,pso,20,0.3424657534246575,0.3448275862068966
O1,0.05,ga,20,0.2876712328767123,0.28735632183908044
O1,0.05,social_ws,20,0.0,0.0
O1,0.05,static_diverse,20,0.0821917808219178,0.06896551724137931
O1,0.05,cmaes,20,0.3698630136986301,0.3103448275862069
O1,0.05,graph_social,21,0.0136986301369863,0.034482758620689655
O1,0.05,random,21,0.0273972602739726,0.022988505747126436
O1,0.05,greedy_walk,21,0.1917808219178082,0.1839080459770115
O1,0.05,gp_ei,21,0.5068493150684932,0.45977011494252873
O1,0.05,ensemble_ts,21,0.6575342465753424,0.6206896551724138
O1,0.05,de,21,0.3287671232876712,0.27586206896551724
O1,0.05,pso,21,0.3972602739726027,0.3793103448275862
O1,0.05,ga,21,0.1917808219178082,0.16091954022988506
O1,0.05,social_ws,21,0.0,0.0
O1,0.05,static_diverse,21,0.0821917808219178,0.06896551724137931
O1,0.05,cmaes,21,0.3013698630136986,0.25287356321839083
O1,0.05,graph_social,22,0.0684931506849315,0.05747126436781609
O1,0.05,random,22,0.0547945205479452,0.04597701149425287
O1,0.05,greedy_walk,22,0.0,0.0
O1,0.05,gp_ei,22,0.4520547945205479,0.40229885057471265
O1,0.05,ensemble_ts,22,0.6575342465753424,0.6091954022988506
O1,0.05,de,22,0.0958904109589041,0.09195402298850575
O1,0.05,pso,22,0.3698630136986301,0.367816091954023
O1,0.05,ga,22,0.3287671232876712,0.3333333333333333
O1,0.05,social_ws,22,0.0,0.0
O1,0.05,static_diverse,22,0.1095890410958904,0.09195402298850575
O1,0.05,cmaes,22,0.3424657534246575,0.3103448275862069
O1,0.05,graph_social,23,0.1917808219178082,0.16091954022988506
O1,0.05,random,23,0.1095890410958904,0.09195402298850575
O1,0.05,greedy_walk,23,0.0,0.0
O1,0.05,gp_ei,23,0.6027397260273972,0.5287356321839081
O1,0.05,ensemble_ts,23,0.6575342465753424,0.6206896551724138
O1,0.05,de,23,0.5342465753424658,0.4827586206896552
O1,0.05,pso,23,0.410958904109589,0.3793103448275862
O1,0.05,ga,23,0.1095890410958904,0.11494252873563218
O1,0.05,social_ws,23,0.0,0.0
O1,0.05,static_diverse,23,0.0821917808219178,0.06896551724137931
O1,0.05,cmaes,23,0.2465753424657534,0.2413793103448276
O1,0.05,graph_social,24,0.0136986301369863,0.034482758620689655
O1,0.05,random,24,0.0958904109589041,0.08045977011494253
O1,0.05,greedy_walk,24,0.0,0.0
O1,0.05,gp_ei,24,0.4383561643835616,0.39080459770114945
O1,0.05,ensemble_ts,24,0.6301369863013698,0.5977011494252874
O1,0.05,de,24,0.0821917808219178,0.09195402298850575
O1,0.05,pso,24,0.0684931506849315,0.08045977011494253
O1,0.05,ga,24,0.0958904109589041,0.10344827586206896
O1,0.05,social_ws,24,0.0,0.0
O1,0.05,static_diverse,24,0.0958904109589041,0.08045977011494253
O1,0.05,cmaes,24,0.0821917808219178,0.06896551724137931
O1,0.05,graph_social,25,0.0273972602739726,0.04597701149425287
O1,0.05,random,25,0.0273972602739726,0.022988505747126436
O1,0.05,greedy_walk,25,0.0,0.0
O1,0.05,gp_ei,25,0.5616438356164384,0.5057471264367817
O1,0.05,ensemble_ts,25,0.6986301369863014,0.6551724137931034
O1,0.05,de,25,0.136986301369863,0.13793103448275862
O1,0.05,pso,25,0.2876712328767123,0.2988505747126437
O1,0.05,ga,25,0.1917808219178082,0.19540229885057472
O1,0.05,social_ws,25,0.0410958904109589,0.034482758620689655
O1,0.05,static_diverse,25,0.1095890410958904,0.09195402298850575
O1,0.05,cmaes,25,0.1643835616438356,0.13793103448275862
O1,0.05,graph_social,26,0.1506849315068493,0.12643678160919541
O1,0.05,random,26,0.0273972602739726,0.022988505747126436
O1,0.05,greedy_walk,26,0.1917808219178082,0.1839080459770115
O1,0.05,gp_ei,26,0.547945205479452,0.4942528735632184
O1,0.05,ensemble_ts,26,0.6712328767123288,0.6206896551724138
O1,0.05,de,26,0.3972602739726027,0.3563218390804598
O1,0.05,pso,26,0.5342465753424658,0.4942528735632184
O1,0.05,ga,26,0.3424657534246575,0.3448275862068966
O1,0.05,social_ws,26,0.0547945205479452,0.04597701149425287
O1,0.05,static_diverse,26,0.0684931506849315,0.05747126436781609
O1,0.05,cmaes,26,0.1095890410958904,0.09195402298850575
O1,0.05,graph_social,27,0.0,0.0
O1,0.05,random,27,0.0684931506849315,0.05747126436781609
O1,0.05,greedy_walk,27,0.0,0.0
O1,0.05,gp_ei,27,0.4931506849315068,0.4482758620689655
O1,0.05,ensemble_ts,27,0.6438356164383562,0.6436781609195402
O1,0.05,de,27,0.0136986301369863,0.034482758620689655
O1,0.05,pso,27,0.410958904109589,0.3563218390804598
O1,0.05,ga,27,0.0,0.0
O1,0.05,social_ws,27,0.0,0.0
O1,0.05,static_diverse,27,0.0958904109589041,0.08045977011494253
O1,0.05,cmaes,27,0.1095890410958904,0.09195402298850575
O1,0.05,graph_social,28,0.0547945205479452,0.04597701149425287
O1,0.05,random,28,0.1095890410958904,0.09195402298850575
O1,0.05,greedy_walk,28,0.0410958904109589,0.034482758620689655
O1,0.05,gp_ei,28,0.5342465753424658,0.4827586206896552
O1,0.05,ensemble_ts,28,0.6438356164383562,0.5977011494252874
O1,0.05,de,28,0.2465753424657534,0.2988505747126437
O1,0.05,pso,28,0.3835616438356164,0.3793103448275862
O1,0.05,ga,28,0.2328767123287671,0.2413793103448276
O1,0.05,social_ws,28,0.0273972602739726,0.022988505747126436
O1,0.05,static_diverse,28,0.1095890410958904,0.09195402298850575
O1,0.05,cmaes,28,0.0547945205479452,0.04597701149425287
O1,0.05,graph_social,29,0.1095890410958904,0.11494252873563218
O1,0.05,random,29,0.0410958904109589,0.034482758620689655
O1,0.05,greedy_walk,29,0.0,0.0
O1,0.05,gp_ei,29,0.5205479452054794,0.4942528735632184
O1,0.05,ensemble_ts,29,0.684931506849315,0.6436781609195402
O1,0.05,de,29,0.1232876712328767,0.10344827586206896
O1,0.05,pso,29,0.3835616438356164,0.3793103448275862
O1,0.05,ga,29,0.0958904109589041,0.08045977011494253
O1,0.05,social_ws,29,0.0,0.0
O1,0.05,static_diverse,29,0.0821917808219178,0.06896551724137931
O1,0.05,cmaes,29,0.2191780821917808,0.1839080459770115
O2,0.02,graph_social,0,0.060240963855421686,0.05747126436781609
O2,0.02,random,0,0.012048192771084338,0.011494252873563218
O2,0.02,greedy_walk,0,0.04819277108433735,0.04597701149425287
O2,0.02,gp_ei,0,0.060240963855421686,0.05747126436781609
O2,0.02,ensemble_ts,0,0.10843373493975904,0.11494252873563218
O2,0.02,de,0,0.060240963855421686,0.05747126436781609
O2,0.02,pso,0,0.012048192771084338,0.011494252873563218
O2,0.02,ga,0,0.060240963855421686,0.06896551724137931
O2,0.02,social_ws,0,0.04819277108433735,0.04597701149425287
O2,0.02,static_diverse,0,0.012048192771084338,0.011494252873563218
O2,0.02,cmaes,0,0.060240963855421686,0.06896551724137931
O2,0.02,graph_social,1,0.07228915662650602,0.06896551724137931
O2,0.02,random,1,0.012048192771084338,0.011494252873563218
O2,0.02,greedy_walk,1,0.060240963855421686,0.06896551724137931
O2,0.02,gp_ei,1,0.08433734939759036,0.09195402298850575
O2,0.02,ensemble_ts,1,0.07228915662650602,0.08045977011494253
O2,0.02,de,1,0.04819277108433735,0.05747126436781609
O2,0.02,pso,1,0.024096385542168676,0.022988505747126436
O2,0.02,ga,1,0.04819277108433735,0.05747126436781609
O2,0.02,social_ws,1,0.04819277108433735,0.04597701149425287
O2,0.02,static_diverse,1,0.012048192771084338,0.011494252873563218
O2,0.02,cmaes,1,0.0,0.0
O2,0.02,graph_social,2,0.03614457831325301,0.034482758620689655
O2,0.02,random,2,0.0,0.0
O2,0.02,greedy_walk,2,0.03614457831325301,0.034482758620689655
O2,0.02,gp_ei,2,0.024096385542168676,0.022988505747126436
O2,0.02,ensemble_ts,2,0.10843373493975904,0.10344827586206896
O2,0.02,de,2,0.08433734939759036,0.09195402298850575
O2,0.02,pso,2,0.07228915662650602,0.08045977011494253
O2,0.02,ga,2,0.0,0.0
O2,0.02,social_ws,2,0.04819277108433735,0.04597701149425287
O2,0.02,static_diverse,2,0.012048192771084338,0.011494252873563218
O2,0.02,cmaes,2,0.012048192771084338,0.011494252873563218
O2,0.02,graph_social,3,0.12048192771084337,0.11494252873563218
O2,0.02,random,3,0.0,0.0
O2,0.02,greedy_walk,3,0.012048192771084338,0.011494252873563218
O2,0.02,gp_ei,3,0.024096385542168676,0.022988505747126436
O2,0.02,ensemble_ts,3,0.08433734939759036,0.08045977011494253
O2,0.02,de,3,0.10843373493975904,0.11494252873563218
O2,0.02,pso,3,0.08433734939759036,0.09195402298850575
O2,0.02,ga,3,0.07228915662650602,0.08045977011494253
O2,0.02,social_ws,3,0.07228915662650602,0.08045977011494253
O2,0.02,static_diverse,3,0.0,0.0
O2,0.02,cmaes,3,0.07228915662650602,0.08045977011494253
O2,0.02,graph_social,4,0.07228915662650602,0.06896551724137931
O2,0.02,random,4,0.024096385542168676,0.022988505747126436
O2,0.02,greedy_walk,4,0.024096385542168676,0.022988505747126436
O2,0.02,gp_ei,4,0.04819277108433735,0.04597701149425287
O2,0.02,ensemble_ts,4,0.12048192771084337,0.11494252873563218
O2,0.02,de,4,0.10843373493975904,0.10344827586206896
O2,0.02,pso,4,0.10843373493975904,0.11494252873563218
O2,0.02,ga,4,0.04819277108433735,0.04597701149425287
O2,0.02,social_ws,4,0.07228915662650602,0.08045977011494253
O2,0.02,static_diverse,4,0.012048192771084338,0.011494252873563218
O2,0.02,cmaes,4,0.03614457831325301,0.034482758620689655
O2,0.02,graph_social,5,0.12048192771084337,0.12643678160919541
O2,0.02,random,5,0.024096385542168676,0.022988505747126436
O2,0.02,greedy_walk,5,0.03614457831325301,0.034482758620689655
O2,0.02,gp_ei,5,0.060240963855421686,0.06896551724137931
O2,0.02,ensemble_ts,5,0.08433734939759036,0.08045977011494253
O2,0.02,de,5,0.07228915662650602,0.06896551724137931
O2,0.02,pso,5,0.060240963855421686,0.05747126436781609
O2,0.02,ga,5,0.13253012048192772,0.13793103448275862
O2,0.02,social_ws,5,0.060240963855421686,0.06896551724137931
O2,0.02,static_diverse,5,0.012048192771084338,0.011494252873563218
O2,0.02,cmaes,5,0.060240963855421686,0.06896551724137931
O2,0.02,graph_social,6,0.08433734939759036,0.09195402298850575
O2,0.02,random,6,0.012048192771084338,0.011494252873563218
O2,0.02,greedy_walk,6,0.03614457831325301,0.034482758620689655
O2,0.02,gp_ei,6,0.0,0.0
O2,0.02,ensemble_ts,6,0.04819277108433735,0.05747126436781609
O2,0.02,de,6,0.08433734939759036,0.09195402298850575
O2,0.02,pso,6,0.012048192771084338,0.011494252873563218
O2,0.02,ga,6,0.024096385542168676,0.022988505747126436
O2,0.02,social_ws,6,0.0,0.0
O2,0.02,static_diverse,6,0.012048192771084338,0.011494252873563218
O2,0.02,cmaes,6,0.012048192771084338,0.011494252873563218
O2,0.02,graph_social,7,0.012048192771084338,0.011494252873563218
O2,0.02,random,7,0.012048192771084338,0.011494252873563218
O2,0.02,greedy_walk,7,0.0,0.0
O2,0.02,gp_ei,7,0.03614457831325301,0.034482758620689655
O2,0.02,ensemble_ts,7,0.08433734939759036,0.09195402298850575
O2,0.02,de,7,0.08433734939759036,0.08045977011494253
O2,0.02,pso,7,0.0,0.0
O2,0.02,ga,7,0.03614457831325301,0.034482758620689655
O2,0.02,social_ws,7,0.04819277108433735,0.05747126436781609
O2,0.02,static_diverse,7,0.0,0.0
O2,0.02,cmaes,7,0.012048192771084338,0.011494252873563218
O2,0.02,graph_social,8,0.012048192771084338,0.011494252873563218
O2,0.02,random,8,0.012048192771084338,0.011494252873563218
O2,0.02,greedy_walk,8,0.0,0.0
O2,0.02,gp_ei,8,0.012048192771084338,0.011494252873563218
O2,0.02,ensemble_ts,8,0.0,0.0
O2,0.02,de,8,0.08433734939759036,0.08045977011494253
O2,0.02,pso,8,0.012048192771084338,0.011494252873563218
O2,0.02,ga,8,0.060240963855421686,0.05747126436781609
O2,0.02,social_ws,8,0.03614457831325301,0.034482758620689655
O2,0.02,static_diverse,8,0.012048192771084338,0.011494252873563218
O2,0.02,cmaes,8,0.03614457831325301,0.04597701149425287
O2,0.02,graph_social,9,0.060240963855421686,0.06896551724137931
O2,0.02,random,9,0.012048192771084338,0.011494252873563218
O2,0.02,greedy_walk,9,0.024096385542168676,0.022988505747126436
O2,0.02,gp_ei,9,0.03614457831325301,0.034482758620689655
O2,0.02,ensemble_ts,9,0.13253012048192772,0.12643678160919541
O2,0.02,de,9,0.12048192771084337,0.12643678160919541
O2,0.02,pso,9,0.024096385542168676,0.022988505747126436
O2,0.02,ga,9,0.012048192771084338,0.011494252873563218
O2,0.02,social_ws,9,0.03614457831325301,0.034482758620689655
O2,0.02,static_diverse,9,0.0,0.0
O2,0.02,cmaes,9,0.012048192771084338,0.011494252873563218
O2,0.02,graph_social,10,0.0963855421686747,0.10344827586206896
O2,0.02,random,10,0.012048192771084338,0.011494252873563218
O2,0.02,greedy_walk,10,0.024096385542168676,0.022988505747126436
O2,0.02,gp_ei,10,0.024096385542168676,0.022988505747126436
O2,0.02,ensemble_ts,10,0.060240963855421686,0.05747126436781609
O2,0.02,de,10,0.04819277108433735,0.04597701149425287
O2,0.02,pso,10,0.024096385542168676,0.034482758620689655
O2,0.02,ga,10,0.0,0.0
O2,0.02,social_ws,10,0.0963855421686747,0.10344827586206896
O2,0.02,static_diverse,10,0.024096385542168676,0.022988505747126436
O2,0.02,cmaes,10,0.04819277108433735,0.04597701149425287
O2,0.02,graph_social,11,0.0963855421686747,0.10344827586206896
O2,0.02,random,11,0.024096385542168676,0.022988505747126436
O2,0.02,greedy_walk,11,0.024096385542168676,0.022988505747126436
O2,0.02,gp_ei,11,0.0,0.0
O2,0.02,ensemble_ts,11,0.0963855421686747,0.09195402298850575
O2,0.02,de,11,0.08433734939759036,0.09195402298850575
O2,0.02,pso,11,0.07228915662650602,0.08045977011494253
O2,0.02,ga,11,0.060240963855421686,0.06896551724137931
O2,0.02,social_ws,11,0.03614457831325301,0.034482758620689655
O2,0.02,static_diverse,11,0.012048192771084338,0.011494252873563218
O2,0.02,cmaes,11,0.04819277108433735,0.04597701149425287
O2,0.02,graph_social,12,0.04819277108433735,0.04597701149425287
O2,0.02,random,12,0.024096385542168676,0.022988505747126436
O2,0.02,greedy_walk,12,0.04819277108433735,0.04597701149425287
O2,0.02,gp_ei,12,0.0963855421686747,0.10344827586206896
O2,0.02,ensemble_ts,12,0.18072289156626506,0.19540229885057472
O2,0.02,de,12,0.13253012048192772,0.12643678160919541
O2,0.02,pso,12,0.0963855421686747,0.10344827586206896
O2,0.02,ga,12,0.1566265060240964,0.16091954022988506
O2,0.02,social_ws,12,0.07228915662650602,0.08045977011494253
O2,0.02,static_diverse,12,0.024096385542168676,0.022988505747126436
O2,0.02,cmaes,12,0.060240963855421686,0.05747126436781609
O2,0.02,graph_social,13,0.0963855421686747,0.10344827586206896
O2,0.02,random,13,0.060240963855421686,0.05747126436781609
O2,0.02,greedy_walk,13,0.012048192771084338,0.011494252873563218
O2,0.02,gp_ei,13,0.024096385542168676,0.022988505747126436
O2,0.02,ensemble_ts,13,0.0963855421686747,0.10344827586206896
O2,0.02,de,13,0.12048192771084337,0.11494252873563218
O2,0.02,pso,13,0.10843373493975904,0.11494252873563218
O2,0.02,ga,13,0.07228915662650602,0.08045977011494253
O2,0.02,social_ws,13,0.04819277108433735,0.05747126436781609
O2,0.02,static_diverse,13,0.012048192771084338,0.011494252873563218
O2,0.02,cmaes,13,0.03614457831325301,0.04597701149425287
O2,0.02,graph_social,14,0.060240963855421686,0.06896551724137931
O2,0.02,random,14,0.04819277108433735,0.04597701149425287
O2,0.02,greedy_walk,14,0.04819277108433735,0.06896551724137931
O2,0.02,gp_ei,14,0.060240963855421686,0.05747126436781609
O2,0.02,ensemble_ts,14,0.0963855421686747,0.10344827586206896
O2,0.02,de,14,0.04819277108433735,0.05747126436781609
O2,0.02,pso,14,0.0963855421686747,0.11494252873563218
O2,0.02,ga,14,0.060240963855421686,0.06896551724137931
O2,0.02,social_ws,14,0.0963855421686747,0.10344827586206896
O2,0.02,static_diverse,14,0.024096385542168676,0.022988505747126436
O2,0.02,cmaes,14,0.03614457831325301,0.034482758620689655
O2,0.02,graph_social,15,0.060240963855421686,0.06896551724137931
O2,0.02,random,15,0.024096385542168676,0.022988505747126436
O2,0.02,greedy_walk,15,0.012048192771084338,0.011494252873563218
O2,0.02,gp_ei,15,0.03614457831325301,0.034482758620689655
O2,0.02,ensemble_ts,15,0.10843373493975904,0.12643678160919541
O2,0.02,de,15,0.07228915662650602,0.08045977011494253
O2,0.02,pso,15,0.0963855421686747,0.11494252873563218
O2,0.02,ga,15,0.04819277108433735,0.04597701149425287
O2,0.02,social_ws,15,0.04819277108433735,0.04597701149425287
O2,0.02,static_diverse,15,0.012048192771084338,0.011494252873563218
O2,0.02,cmaes,15,0.04819277108433735,0.05747126436781609
O2,0.02,graph_social,16,0.03614457831325301,0.034482758620689655
O2,0.02,random,16,0.0,0.0
O2,0.02,greedy_walk,16,0.03614457831325301,0.034482758620689655
O2,0.02,gp_ei,16,0.04819277108433735,0.04597701149425287
O2,0.02,ensemble_ts,16,0.10843373493975904,0.11494252873563218
O2,0.02,de,16,0.04819277108433735,0.05747126436781609
O2,0.02,pso,16,0.10843373493975904,0.12643678160919541
O2,0.02,ga,16,0.060240963855421686,0.06896551724137931
O2,0.02,social_ws,16,0.04819277108433735,0.04597701149425287
O2,0.02,static_diverse,16,0.012048192771084338,0.011494252873563218
O2,0.02,cmaes,16,0.060240963855421686,0.06896551724137931
O2,0.02,graph_social,17,0.0963855421686747,0.09195402298850575
O2,0.02,random,17,0.024096385542168676,0.022988505747126436
O2,0.02,greedy_walk,17,0.03614457831325301,0.034482758620689655
O2,0.02,gp_ei,17,0.0,0.0
O2,0.02,ensemble_ts,17,0.07228915662650602,0.06896551724137931
O2,0.02,de,17,0.04819277108433735,0.05747126436781609
O2,0.02,pso,17,0.07228915662650602,0.08045977011494253
O2,0.02,ga,17,0.012048192771084338,0.022988505747126436
O2,0.02,social_ws,17,0.10843373493975904,0.11494252873563218
O2,0.02,static_diverse,17,0.012048192771084338,0.011494252873563218
O2,0.02,cmaes,17,0.04819277108433735,0.04597701149425287
O2,0.02,graph_social,18,0.060240963855421686,0.05747126436781609
O2,0.02,random,18,0.060240963855421686,0.05747126436781609
O2,0.02,greedy_walk,18,0.0,0.0
O2,0.02,gp_ei,18,0.012048192771084338,0.011494252873563218
O2,0.02,ensemble_ts,18,0.12048192771084337,0.13793103448275862
O2,0.02,de,18,0.08433734939759036,0.09195402298850575
O2,0.02,pso,18,0.10843373493975904,0.12643678160919541
O2,0.02,ga,18,0.03614457831325301,0.034482758620689655
O2,0.02,social_ws,18,0.07228915662650602,0.06896551724137931
O2,0.02,static_diverse,18,0.012048192771084338,0.011494252873563218
O2,0.02,cmaes,18,0.0963855421686747,0.09195402298850575
O2,0.02,graph_social,19,0.03614457831325301,0.034482758620689655
O2,0.02,random,19,0.012048192771084338,0.011494252873563218
O2,0.02,greedy_walk,19,0.0,0.0
O2,0.02,gp_ei,19,0.08433734939759036,0.09195402298850575
O2,0.02,ensemble_ts,19,0.012048192771084338,0.011494252873563218
O2,0.02,de,19,0.060240963855421686,0.06896551724137931
O2,0.02,pso,19,0.0,0.0
O2,0.02,ga,19,0.060240963855421686,0.06896551724137931
O2,0.02,social_ws,19,0.0,0.0
O2,0.02,static_diverse,19,0.0,0.0
O2,0.02,cmaes,19,0.060240963855421686,0.05747126436781609
O2,0.02,graph_social,20,0.04819277108433735,0.04597701149425287
O2,0.02,random,20,0.04819277108433735,0.04597701149425287
O2,0.02,greedy_walk,20,0.0,0.0
O2,0.02,gp_ei,20,0.024096385542168676,0.022988505747126436
O2,0.02,ensemble_ts,20,0.07228915662650602,0.09195402298850575
O2,0.02,de,20,0.07228915662650602,0.06896551724137931
O2,0.02,pso,20,0.012048192771084338,0.011494252873563218
O2,0.02,ga,20,0.060240963855421686,0.05747126436781609
O2,0.02,social_ws,20,0.060240963855421686,0.05747126436781609
O2,0.02,static_diverse,20,0.012048192771084338,0.011494252873563218
O2,0.02,cmaes,20,0.04819277108433735,0.04597701149425287
O2,0.02,graph_social,21,0.04819277108433735,0.04597701149425287
O2,0.02,random,21,0.04819277108433735,0.04597701149425287
O2,0.02,greedy_walk,21,0.0,0.0
O2,0.02,gp_ei,21,0.03614457831325301,0.034482758620689655
O2,0.02,ensemble_ts,21,0.08433734939759036,0.10344827586206896
O2,0.02,de,21,0.04819277108433735,0.05747126436781609
O2,0.02,pso,21,0.03614457831325301,0.034482758620689655
O2,0.02,ga,21,0.03614457831325301,0.04597701149425287
O2,0.02,social_ws,21,0.04819277108433735,0.04597701149425287
O2,0.02,static_diverse,21,0.0,0.0
O2,0.02,cmaes,21,0.03614457831325301,0.034482758620689655
O2,0.02,graph_social,22,0.0963855421686747,0.10344827586206896
O2,0.02,random,22,0.03614457831325301,0.034482758620689655
O2,0.02,greedy_walk,22,0.03614457831325301,0.034482758620689655
O2,0.02,gp_ei,22,0.07228915662650602,0.06896551724137931
O2,0.02,ensemble_ts,22,0.12048192771084337,0.11494252873563218
O2,0.02,de,22,0.0963855421686747,0.10344827586206896
O2,0.02,pso,22,0.024096385542168676,0.034482758620689655
O2,0.02,ga,22,0.012048192771084338,0.011494252873563218
O2,0.02,social_ws,22,0.060240963855421686,0.06896551724137931
O2,0.02,static_diverse,22,0.012048192771084338,0.011494252873563218
O2,0.02,cmaes,22,0.024096385542168676,0.022988505747126436
O2,0.02,graph_social,23,0.012048192771084338,0.011494252873563218
O2,0.02,random,23,0.024096385542168676,0.022988505747126436
O2,0.02,greedy_walk,23,0.03614457831325301,0.034482758620689655
O2,0.02,gp_ei,23,0.0,0.0
O2,0.02,ensemble_ts,23,0.08433734939759036,0.09195402298850575
O2,0.02,de,23,0.0,0.0
O2,0.02,pso,23,0.024096385542168676,0.022988505747126436
O2,0.02,ga,23,0.04819277108433735,0.04597701149425287
O2,0.02,social_ws,23,0.04819277108433735,0.04597701149425287
O2,0.02,static_diverse,23,0.012048192771084338,0.011494252873563218
O2,0.02,cmaes,23,0.024096385542168676,0.022988505747126436
O2,0.02,graph_social,24,0.060240963855421686,0.06896551724137931
O2,0.02,random,24,0.012048192771084338,0.011494252873563218
O2,0.02,greedy_walk,24,0.03614457831325301,0.034482758620689655
O2,0.02,gp_ei,24,0.04819277108433735,0.04597701149425287
O2,0.02,ensemble_ts,24,0.07228915662650602,0.06896551724137931
O2,0.02,de,24,0.07228915662650602,0.08045977011494253
O2,0.02,pso,24,0.060240963855421686,0.06896551724137931
O2,0.02,ga,24,0.0963855421686747,0.09195402298850575
O2,0.02,social_ws,24,0.024096385542168676,0.022988505747126436
O2,0.02,static_diverse,24,0.0,0.0
O2,0.02,cmaes,24,0.03614457831325301,0.034482758620689655
O2,0.02,graph_social,25,0.10843373493975904,0.10344827586206896
O2,0.02,random,25,0.012048192771084338,0.011494252873563218
O2,0.02,greedy_walk,25,0.04819277108433735,0.05747126436781609
O2,0.02,gp_ei,25,0.060240963855421686,0.05747126436781609
O2,0.02,ensemble_ts,25,0.08433734939759036,0.10344827586206896
O2,0.02,de,25,0.12048192771084337,0.13793103448275862
O2,0.02,pso,25,0.04819277108433735,0.05747126436781609
O2,0.02,ga,25,0.07228915662650602,0.06896551724137931
O2,0.02,social_ws,25,0.0963855421686747,0.11494252873563218
O2,0.02,static_diverse,25,0.0,0.0
O2,0.02,cmaes,25,0.0,0.0
O2,0.02,graph_social,26,0.08433734939759036,0.09195402298850575
O2,0.02,random,26,0.0,0.0
O2,0.02,greedy_walk,26,0.04819277108433735,0.06896551724137931
O2,0.02,gp_ei,26,0.07228915662650602,0.06896551724137931
O2,0.02,ensemble_ts,26,0.03614457831325301,0.034482758620689655
O2,0.02,de,26,0.0,0.0
O2,0.02,pso,26,0.012048192771084338,0.011494252873563218
O2,0.02,ga,26,0.04819277108433735,0.04597701149425287
O2,0.02,social_ws,26,0.060240963855421686,0.06896551724137931
O2,0.02,static_diverse,26,0.0,0.0
O2,0.02,cmaes,26,0.060240963855421686,0.06896551724137931
O2,0.02,graph_social,27,0.07228915662650602,0.09195402298850575
O2,0.02,random,27,0.03614457831325301,0.034482758620689655
O2,0.02,greedy_walk,27,0.0,0.0
O2,0.02,gp_ei,27,0.024096385542168676,0.022988505747126436
O2,0.02,ensemble_ts,27,0.0963855421686747,0.10344827586206896
O2,0.02,de,27,0.08433734939759036,0.09195402298850575
O2,0.02,pso,27,0.012048192771084338,0.011494252873563218
O2,0.02,ga,27,0.060240963855421686,0.06896551724137931
O2,0.02,social_ws,27,0.060240963855421686,0.06896551724137931
O2,0.02,static_diverse,27,0.0,0.0
O2,0.02,cmaes,27,0.0,0.0
O2,0.02,graph_social,28,0.07228915662650602,0.06896551724137931
O2,0.02,random,28,0.024096385542168676,0.022988505747126436
O2,0.02,greedy_walk,28,0.0,0.0
O2,0.02,gp_ei,28,0.012048192771084338,0.011494252873563218
O2,0.02,ensemble_ts,28,0.07228915662650602,0.08045977011494253
O2,0.02,de,28,0.07228915662650602,0.06896551724137931
O2,0.02,pso,28,0.13253012048192772,0.14942528735632185
O2,0.02,ga,28,0.024096385542168676,0.034482758620689655
O2,0.02,social_ws,28,0.060240963855421686,0.06896551724137931
O2,0.02,static_diverse,28,0.012048192771084338,0.011494252873563218
O2,0.02,cmaes,28,0.012048192771084338,0.011494252873563218
O2,0.02,graph_social,29,0.012048192771084338,0.011494252873563218
O2,0.02,random,29,0.04819277108433735,0.04597701149425287
O2,0.02,greedy_walk,29,0.0,0.0
O2,0.02,gp_ei,29,0.060240963855421686,0.06896551724137931
O2,0.02,ensemble_ts,29,0.07228915662650602,0.06896551724137931
O2,0.02,de,29,0.0963855421686747,0.10344827586206896
O2,0.02,pso,29,0.10843373493975904,0.11494252873563218
O2,0.02,ga,29,0.024096385542168676,0.022988505747126436
O2,0.02,social_ws,29,0.0,0.0
O2,0.02,static_diverse,29,0.012048192771084338,0.011494252873563218
O2,0.02,cmaes,29,0.04819277108433735,0.04597701149425287
O2,0.05,graph_social,0,0.060240963855421686,0.06896551724137931
O2,0.05,random,0,0.08433734939759036,0.08045977011494253
O2,0.05,greedy_walk,0,0.07228915662650602,0.06896551724137931
O2,0.05,gp_ei,0,0.18072289156626506,0.1839080459770115
O2,0.05,ensemble_ts,0,0.1686746987951807,0.1724137931034483
O2,0.05,de,0,0.12048192771084337,0.11494252873563218
O2,0.05,pso,0,0.060240963855421686,0.05747126436781609
O2,0.05,ga,0,0.12048192771084337,0.12643678160919541
O2,0.05,social_ws,0,0.10843373493975904,0.12643678160919541
O2,0.05,static_diverse,0,0.012048192771084338,0.011494252873563218
O2,0.05,cmaes,0,0.1686746987951807,0.1724137931034483
O2,0.05,graph_social,1,0.18072289156626506,0.19540229885057472
O2,0.05,random,1,0.04819277108433735,0.04597701149425287
O2,0.05,greedy_walk,1,0.08433734939759036,0.09195402298850575
O2,0.05,gp_ei,1,0.21686746987951808,0.22988505747126436
O2,0.05,ensemble_ts,1,0.1686746987951807,0.1839080459770115
O2,0.05,de,1,0.20481927710843373,0.22988505747126436
O2,0.05,pso,1,0.07228915662650602,0.06896551724137931
O2,0.05,ga,1,0.20481927710843373,0.22988505747126436
O2,0.05,social_ws,1,0.1566265060240964,0.16091954022988506
O2,0.05,static_diverse,1,0.012048192771084338,0.011494252873563218
O2,0.05,cmaes,1,0.0963855421686747,0.10344827586206896
O2,0.05,graph_social,2,0.13253012048192772,0.14942528735632185
O2,0.05,random,2,0.03614457831325301,0.034482758620689655
O2,0.05,greedy_walk,2,0.03614457831325301,0.034482758620689655
O2,0.05,gp_ei,2,0.13253012048192772,0.12643678160919541
O2,0.05,ensemble_ts,2,0.27710843373493976,0.28735632183908044
O2,0.05,de,2,0.18072289156626506,0.19540229885057472
O2,0.05,pso,2,0.12048192771084337,0.12643678160919541
O2,0.05,ga,2,0.1566265060240964,0.16091954022988506
O2,0.05,social_ws,2,0.14457831325301204,0.1724137931034483
O2,0.05,static_diverse,2,0.012048192771084338,0.011494252873563218
O2,0.05,cmaes,2,0.10843373493975904,0.11494252873563218
O2,0.05,graph_social,3,0.14457831325301204,0.14942528735632185
O2,0.05,random,3,0.04819277108433735,0.04597701149425287
O2,0.05,greedy_walk,3,0.060240963855421686,0.06896551724137931
O2,0.05,gp_ei,3,0.14457831325301204,0.13793103448275862
O2,0.05,ensemble_ts,3,0.2289156626506024,0.2413793103448276
O2,0.05,de,3,0.18072289156626506,0.1839080459770115
O2,0.05,pso,3,0.13253012048192772,0.14942528735632185
O2,0.05,ga,3,0.1686746987951807,0.1724137931034483
O2,0.05,social_ws,3,0.1566265060240964,0.1724137931034483
O2,0.05,static_diverse,3,0.0,0.0
O2,0.05,cmaes,3,0.14457831325301204,0.14942528735632185
O2,0.05,graph_social,4,0.1686746987951807,0.1839080459770115
O2,0.05,random,4,0.060240963855421686,0.05747126436781609
O2,0.05,greedy_walk,4,0.07228915662650602,0.06896551724137931
O2,0.05,gp_ei,4,0.18072289156626506,0.1839080459770115
O2,0.05,ensemble_ts,4,0.25301204819277107,0.26436781609195403
O2,0.05,de,4,0.1927710843373494,0.20689655172413793
O2,0.05,pso,4,0.1686746987951807,0.1724137931034483
O2,0.05,ga,4,0.13253012048192772,0.16091954022988506
O2,0.05,social_ws,4,0.12048192771084337,0.13793103448275862
O2,0.05,static_diverse,4,0.012048192771084338,0.011494252873563218
O2,0.05,cmaes,4,0.10843373493975904,0.11494252873563218
O2,0.05,graph_social,5,0.1566265060240964,0.16091954022988506
O2,0.05,random,5,0.03614457831325301,0.034482758620689655
O2,0.05,greedy_walk,5,0.04819277108433735,0.04597701149425287
O2,0.05,gp_ei,5,0.2289156626506024,0.22988505747126436
O2,0.05,ensemble_ts,5,0.2289156626506024,0.22988505747126436
O2,0.05,de,5,0.20481927710843373,0.20689655172413793
O2,0.05,pso,5,0.0963855421686747,0.09195402298850575
O2,0.05,ga,5,0.18072289156626506,0.19540229885057472
O2,0.05,social_ws,5,0.1927710843373494,0.20689655172413793
O2,0.05,static_diverse,5,0.012048192771084338,0.011494252873563218
O2,0.05,cmaes,5,0.13253012048192772,0.14942528735632185
O2,0.05,graph_social,6,0.21686746987951808,0.21839080459770116
O2,0.05,random,6,0.04819277108433735,0.04597701149425287
O2,0.05,greedy_walk,6,0.04819277108433735,0.04597701149425287
O2,0.05,gp_ei,6,0.13253012048192772,0.12643678160919541
O2,0.05,ensemble_ts,6,0.1927710843373494,0.19540229885057472
O2,0.05,de,6,0.1566265060240964,0.1724137931034483
O2,0.05,pso,6,0.060240963855421686,0.05747126436781609
O2,0.05,ga,6,0.024096385542168676,0.022988505747126436
O2,0.05,social_ws,6,0.012048192771084338,0.011494252873563218
O2,0.05,static_diverse,6,0.012048192771084338,0.011494252873563218
O2,0.05,cmaes,6,0.08433734939759036,0.09195402298850575
O2,0.05,graph_social,7,0.0963855421686747,0.09195402298850575
O2,0.05,random,7,0.03614457831325301,0.034482758620689655
O2,0.05,greedy_walk,7,0.024096385542168676,0.022988505747126436
O2,0.05,gp_ei,7,0.08433734939759036,0.08045977011494253
O2,0.05,ensemble_ts,7,0.18072289156626506,0.19540229885057472
O2,0.05,de,7,0.1927710843373494,0.19540229885057472
O2,0.05,pso,7,0.024096385542168676,0.022988505747126436
O2,0.05,ga,7,0.1927710843373494,0.19540229885057472
O2,0.05,social_ws,7,0.14457831325301204,0.16091954022988506
O2,0.05,static_diverse,7,0.012048192771084338,0.011494252873563218
O2,0.05,cmaes,7,0.12048192771084337,0.12643678160919541
O2,0.05,graph_social,8,0.08433734939759036,0.09195402298850575
O2,0.05,random,8,0.024096385542168676,0.022988505747126436
O2,0.05,greedy_walk,8,0.0,0.0
O2,0.05,gp_ei,8,0.1686746987951807,0.1724137931034483
O2,0.05,ensemble_ts,8,0.08433734939759036,0.09195402298850575
O2,0.05,de,8,0.18072289156626506,0.1839080459770115
O2,0.05,pso,8,0.07228915662650602,0.06896551724137931
O2,0.05,ga,8,0.18072289156626506,0.1839080459770115
O2,0.05,social_ws,8,0.0963855421686747,0.10344827586206896
O2,0.05,static_diverse,8,0.012048192771084338,0.011494252873563218
O2,0.05,cmaes,8,0.0963855421686747,0.10344827586206896
O2,0.05,graph_social,9,0.1566265060240964,0.1724137931034483
O2,0.05,random,9,0.060240963855421686,0.05747126436781609
O2,0.05,greedy_walk,9,0.07228915662650602,0.08045977011494253
O2,0.05,gp_ei,9,0.12048192771084337,0.12643678160919541
O2,0.05,ensemble_ts,9,0.21686746987951808,0.22988505747126436
O2,0.05,de,9,0.1927710843373494,0.20689655172413793
O2,0.05,pso,9,0.07228915662650602,0.06896551724137931
O2,0.05,ga,9,0.0963855421686747,0.10344827586206896
O2,0.05,social_ws,9,0.10843373493975904,0.11494252873563218
O2,0.05,static_diverse,9,0.0,0.0
O2,0.05,cmaes,9,0.0963855421686747,0.10344827586206896
O2,0.05,graph_social,10,0.1927710843373494,0.20689655172413793
O2,0.05,random,10,0.060240963855421686,0.05747126436781609
O2,0.05,greedy_walk,10,0.04819277108433735,0.05747126436781609
O2,0.05,gp_ei,10,0.13253012048192772,0.13793103448275862
O2,0.05,ensemble_ts,10,0.1566265060240964,0.1724137931034483
O2,0.05,de,10,0.1686746987951807,0.1724137931034483
O2,0.05,pso,10,0.08433734939759036,0.09195402298850575
O2,0.05,ga,10,0.0963855421686747,0.10344827586206896
O2,0.05,social_ws,10,0.20481927710843373,0.21839080459770116
O2,0.05,static_diverse,10,0.024096385542168676,0.022988505747126436
O2,0.05,cmaes,10,0.20481927710843373,0.20689655172413793
O2,0.05,graph_social,11,0.13253012048192772,0.13793103448275862
O2,0.05,random,11,0.07228915662650602,0.06896551724137931
O2,0.05,greedy_walk,11,0.060240963855421686,0.05747126436781609
O2,0.05,gp_ei,11,0.12048192771084337,0.12643678160919541
O2,0.05,ensemble_ts,11,0.1686746987951807,0.1724137931034483
O2,0.05,de,11,0.21686746987951808,0.21839080459770116
O2,0.05,pso,11,0.0963855421686747,0.10344827586206896
O2,0.05,ga,11,0.20481927710843373,0.20689655172413793
O2,0.05,social_ws,11,0.07228915662650602,0.06896551724137931
O2,0.05,static_diverse,11,0.012048192771084338,0.011494252873563218
O2,0.05,cmaes,11,0.14457831325301204,0.14942528735632185
O2,0.05,graph_social,12,0.07228915662650602,0.08045977011494253
O2,0.05,random,12,0.060240963855421686,0.05747126436781609
O2,0.05,greedy_walk,12,0.04819277108433735,0.04597701149425287
O2,0.05,gp_ei,12,0.21686746987951808,0.22988505747126436
O2,0.05,ensemble_ts,12,0.3132530120481928,0.3333333333333333
O2,0.05,de,12,0.1927710843373494,0.20689655172413793
O2,0.05,pso,12,0.18072289156626506,0.1839080459770115
O2,0.05,ga,12,0.25301204819277107,0.27586206896551724
O2,0.05,social_ws,12,0.13253012048192772,0.14942528735632185
O2,0.05,static_diverse,12,0.03614457831325301,0.034482758620689655
O2,0.05,cmaes,12,0.12048192771084337,0.12643678160919541
O2,0.05,graph_social,13,0.1686746987951807,0.19540229885057472
O2,0.05,random,13,0.10843373493975904,0.10344827586206896
O2,0.05,greedy_walk,13,0.04819277108433735,0.04597701149425287
O2,0.05,gp_ei,13,0.21686746987951808,0.20689655172413793
O2,0.05,ensemble_ts,13,0.18072289156626506,0.1839080459770115
O2,0.05,de,13,0.1686746987951807,0.1724137931034483
O2,0.05,pso,13,0.1686746987951807,0.1839080459770115
O2,0.05,ga,13,0.14457831325301204,0.14942528735632185
O2,0.05,social_ws,13,0.1566265060240964,0.1724137931034483
O2,0.05,static_diverse,13,0.012048192771084338,0.011494252873563218
O2,0.05,cmaes,13,0.1686746987951807,0.1839080459770115
O2,0.05,graph_social,14,0.12048192771084337,0.12643678160919541
O2,0.05,random,14,0.07228915662650602,0.06896551724137931
O2,0.05,greedy_walk,14,0.04819277108433735,0.06896551724137931
O2,0.05,gp_ei,14,0.1686746987951807,0.1724137931034483
O2,0.05,ensemble_ts,14,0.1566265060240964,0.1724137931034483
O2,0.05,de,14,0.0963855421686747,0.10344827586206896
O2,0.05,pso,14,0.18072289156626506,0.19540229885057472
O2,0.05,ga,14,0.10843373493975904,0.11494252873563218
O2,0.05,social_ws,14,0.0963855421686747,0.10344827586206896
O2,0.05,static_diverse,14,0.024096385542168676,0.022988505747126436
O2,0.05,cmaes,14,0.1927710843373494,0.19540229885057472
O2,0.05,graph_social,15,0.21686746987951808,0.22988505747126436
O2,0.05,random,15,0.060240963855421686,0.05747126436781609
O2,0.05,greedy_walk,15,0.04819277108433735,0.05747126436781609
O2,0.05,gp_ei,15,0.1566265060240964,0.16091954022988506
O2,0.05,ensemble_ts,15,0.25301204819277107,0.26436781609195403
O2,0.05,de,15,0.18072289156626506,0.19540229885057472
O2,0.05,pso,15,0.1686746987951807,0.19540229885057472
O2,0.05,ga,15,0.1927710843373494,0.19540229885057472
O2,0.05,social_ws,15,0.21686746987951808,0.22988505747126436
O2,0.05,static_diverse,15,0.012048192771084338,0.011494252873563218
O2,0.05,cmaes,15,0.14457831325301204,0.16091954022988506
O2,0.05,graph_social,16,0.14457831325301204,0.16091954022988506
O2,0.05,random,16,0.07228915662650602,0.06896551724137931
O2,0.05,greedy_walk,16,0.07228915662650602,0.06896551724137931
O2,0.05,gp_ei,16,0.1566265060240964,0.14942528735632185
O2,0.05,ensemble_ts,16,0.1927710843373494,0.20689655172413793
O2,0.05,de,16,0.1566265060240964,0.1724137931034483
O2,0.05,pso,16,0.1686746987951807,0.1839080459770115
O2,0.05,ga,16,0.13253012048192772,0.13793103448275862
O2,0.05,social_ws,16,0.08433734939759036,0.09195402298850575
O2,0.05,static_diverse,16,0.012048192771084338,0.011494252873563218
O2,0.05,cmaes,16,0.0963855421686747,0.10344827586206896
O2,0.05,graph_social,17,0.14457831325301204,0.1724137931034483
O2,0.05,random,17,0.04819277108433735,0.04597701149425287
O2,0.05,greedy_walk,17,0.03614457831325301,0.034482758620689655
O2,0.05,gp_ei,17,0.0963855421686747,0.09195402298850575
O2,0.05,ensemble_ts,17,0.2289156626506024,0.22988505747126436
O2,0.05,de,17,0.18072289156626506,0.1839080459770115
O2,0.05,pso,17,0.0963855421686747,0.10344827586206896
O2,0.05,ga,17,0.08433734939759036,0.09195402298850575
O2,0.05,social_ws,17,0.13253012048192772,0.14942528735632185
O2,0.05,static_diverse,17,0.012048192771084338,0.011494252873563218
O2,0.05,cmaes,17,0.1566265060240964,0.16091954022988506
O2,0.05,graph_social,18,0.10843373493975904,0.13793103448275862
O2,0.05,random,18,0.10843373493975904,0.10344827586206896
O2,0.05,greedy_walk,18,0.04819277108433735,0.05747126436781609
O2,0.05,gp_ei,18,0.1566265060240964,0.14942528735632185
O2,0.05,ensemble_ts,18,0.2289156626506024,0.25287356321839083
O2,0.05,de,18,0.18072289156626506,0.1839080459770115
O2,0.05,pso,18,0.1566265060240964,0.1724137931034483
O2,0.05,ga,18,0.1566265060240964,0.1839080459770115
O2,0.05,social_ws,18,0.10843373493975904,0.12643678160919541
O2,0.05,static_diverse,18,0.012048192771084338,0.011494252873563218
O2,0.05,cmaes,18,0.1566265060240964,0.16091954022988506
O2,0.05,graph_social,19,0.10843373493975904,0.10344827586206896
O2,0.05,random,19,0.07228915662650602,0.06896551724137931
O2,0.05,greedy_walk,19,0.04819277108433735,0.05747126436781609
O2,0.05,gp_ei,19,0.14457831325301204,0.16091954022988506
O2,0.05,ensemble_ts,19,0.1566265060240964,0.16091954022988506
O2,0.05,de,19,0.1927710843373494,0.19540229885057472
O2,0.05,pso,19,0.024096385542168676,0.022988505747126436
O2,0.05,ga,19,0.1566265060240964,0.1724137931034483
O2,0.05,social_ws,19,0.1566265060240964,0.16091954022988506
O2,0.05,static_diverse,19,0.0,0.0
O2,0.05,cmaes,19,0.14457831325301204,0.14942528735632185
O2,0.05,graph_social,20,0.1686746987951807,0.1839080459770115
O2,0.05,random,20,0.08433734939759036,0.08045977011494253
O2,0.05,greedy_walk,20,0.024096385542168676,0.022988505747126436
O2,0.05,gp_ei,20,0.13253012048192772,0.13793103448275862
O2,0.05,ensemble_ts,20,0.21686746987951808,0.2413793103448276
O2,0.05,de,20,0.0963855421686747,0.10344827586206896
O2,0.05,pso,20,0.07228915662650602,0.08045977011494253
O2,0.05,ga,20,0.1927710843373494,0.20689655172413793
O2,0.05,social_ws,20,0.14457831325301204,0.1724137931034483
O2,0.05,static_diverse,20,0.012048192771084338,0.011494252873563218
O2,0.05,cmaes,20,0.14457831325301204,0.14942528735632185
O2,0.05,graph_social,21,0.0963855421686747,0.10344827586206896
O2,0.05,random,21,0.08433734939759036,0.08045977011494253
O2,0.05,greedy_walk,21,0.060240963855421686,0.05747126436781609
O2,0.05,gp_ei,21,0.18072289156626506,0.1839080459770115
O2,0.05,ensemble_ts,21,0.2289156626506024,0.25287356321839083
O2,0.05,de,21,0.12048192771084337,0.12643678160919541
O2,0.05,pso,21,0.0963855421686747,0.09195402298850575
O2,0.05,ga,21,0.10843373493975904,0.11494252873563218
O2,0.05,social_ws,21,0.08433734939759036,0.08045977011494253
O2,0.05,static_diverse,21,0.0,0.0
O2,0.05,cmaes,21,0.10843373493975904,0.11494252873563218
O2,0.05,graph_social,22,0.18072289156626506,0.19540229885057472
O2,0.05,random,22,0.07228915662650602,0.06896551724137931
O2,0.05,greedy_walk,22,0.04819277108433735,0.04597701149425287
O2,0.05,gp_ei,22,0.20481927710843373,0.20689655172413793
O2,0.05,ensemble_ts,22,0.27710843373493976,0.2988505747126437
O2,0.05,de,22,0.20481927710843373,0.20689655172413793
O2,0.05,pso,22,0.1686746987951807,0.1724137931034483
O2,0.05,ga,22,0.14457831325301204,0.14942528735632185
O2,0.05,social_ws,22,0.07228915662650602,0.06896551724137931
O2,0.05,static_diverse,22,0.012048192771084338,0.011494252873563218
O2,0.05,cmaes,22,0.1686746987951807,0.1839080459770115
O2,0.05,graph_social,23,0.13253012048192772,0.14942528735632185
O2,0.05,random,23,0.03614457831325301,0.034482758620689655
O2,0.05,greedy_walk,23,0.060240963855421686,0.05747126436781609
O2,0.05,gp_ei,23,0.18072289156626506,0.1839080459770115
O2,0.05,ensemble_ts,23,0.18072289156626506,0.1839080459770115
O2,0.05,de,23,0.13253012048192772,0.13793103448275862
O2,0.05,pso,23,0.07228915662650602,0.06896551724137931
O2,0.05,ga,23,0.14457831325301204,0.1724137931034483
O2,0.05,social_ws,23,0.012048192771084338,0.011494252873563218
O2,0.05,static_diverse,23,0.012048192771084338,0.011494252873563218
O2,0.05,cmaes,23,0.14457831325301204,0.14942528735632185
O2,0.05,graph_social,24,0.07228915662650602,0.08045977011494253
O2,0.05,random,24,0.04819277108433735,0.04597701149425287
O2,0.05,greedy_walk,24,0.03614457831325301,0.034482758620689655
O2,0.05,gp_ei,24,0.14457831325301204,0.14942528735632185
O2,0.05,ensemble_ts,24,0.21686746987951808,0.21839080459770116
O2,0.05,de,24,0.1927710843373494,0.20689655172413793
O2,0.05,pso,24,0.10843373493975904,0.11494252873563218
O2,0.05,ga,24,0.1927710843373494,0.19540229885057472
O2,0.05,social_ws,24,0.13253012048192772,0.14942528735632185
O2,0.05,static_diverse,24,0.024096385542168676,0.022988505747126436
O2,0.05,cmaes,24,0.1927710843373494,0.19540229885057472
O2,0.05,graph_social,25,0.14457831325301204,0.16091954022988506
O2,0.05,random,25,0.03614457831325301,0.034482758620689655
O2,0.05,greedy_walk,25,0.08433734939759036,0.09195402298850575
O2,0.05,gp_ei,25,0.14457831325301204,0.16091954022988506
O2,0.05,ensemble_ts,25,0.25301204819277107,0.27586206896551724
O2,0.05,de,25,0.1927710843373494,0.20689655172413793
O2,0.05,pso,25,0.1566265060240964,0.1724137931034483
O2,0.05,ga,25,0.13253012048192772,0.12643678160919541
O2,0.05,social_ws,25,0.18072289156626506,0.20689655172413793
O2,0.05,static_diverse,25,0.0,0.0
O2,0.05,cmaes,25,0.12048192771084337,0.12643678160919541
O2,0.05,graph_social,26,0.12048192771084337,0.13793103448275862
O2,0.05,random,26,0.024096385542168676,0.022988505747126436
O2,0.05,greedy_walk,26,0.060240963855421686,0.08045977011494253
O2,0.05,gp_ei,26,0.18072289156626506,0.1839080459770115
O2,0.05,ensemble_ts,26,0.18072289156626506,0.1839080459770115
O2,0.05,de,26,0.04819277108433735,0.04597701149425287
O2,0.05,pso,26,0.024096385542168676,0.022988505747126436
O2,0.05,ga,26,0.1566265060240964,0.1724137931034483
O2,0.05,social_ws,26,0.08433734939759036,0.09195402298850575
O2,0.05,static_diverse,26,0.012048192771084338,0.011494252873563218
O2,0.05,cmaes,26,0.20481927710843373,0.20689655172413793
O2,0.05,graph_social,27,0.13253012048192772,0.16091954022988506
O2,0.05,random,27,0.04819277108433735,0.04597701149425287
O2,0.05,greedy_walk,27,0.04819277108433735,0.05747126436781609
O2,0.05,gp_ei,27,0.13253012048192772,0.12643678160919541
O2,0.05,ensemble_ts,27,0.1566265060240964,0.16091954022988506
O2,0.05,de,27,0.14457831325301204,0.14942528735632185
O2,0.05,pso,27,0.03614457831325301,0.04597701149425287
O2,0.05,ga,27,0.14457831325301204,0.16091954022988506
O2,0.05,social_ws,27,0.10843373493975904,0.12643678160919541
O2,0.05,static_diverse,27,0.012048192771084338,0.011494252873563218
O2,0.05,cmaes,27,0.08433734939759036,0.08045977011494253
O2,0.05,graph_social,28,0.21686746987951808,0.22988505747126436
O2,0.05,random,28,0.0963855421686747,0.09195402298850575
O2,0.05,greedy_walk,28,0.024096385542168676,0.022988505747126436
O2,0.05,gp_ei,28,0.1686746987951807,0.1724137931034483
O2,0.05,ensemble_ts,28,0.1927710843373494,0.20689655172413793
O2,0.05,de,28,0.1566265060240964,0.1724137931034483
O2,0.05,pso,28,0.18072289156626506,0.19540229885057472
O2,0.05,ga,28,0.12048192771084337,0.13793103448275862
O2,0.05,social_ws,28,0.10843373493975904,0.12643678160919541
O2,0.05,static_diverse,28,0.024096385542168676,0.022988505747126436
O2,0.05,cmaes,28,0.1686746987951807,0.1724137931034483
O2,0.05,graph_social,29,0.13253012048192772,0.14942528735632185
O2,0.05,random,29,0.10843373493975904,0.10344827586206896
O2,0.05,greedy_walk,29,0.0,0.0
O2,0.05,gp_ei,29,0.20481927710843373,0.20689655172413793
O2,0.05,ensemble_ts,29,0.18072289156626506,0.1839080459770115
O2,0.05,de,29,0.1927710843373494,0.19540229885057472
O2,0.05,pso,29,0.13253012048192772,0.14942528735632185
O2,0.05,ga,29,0.13253012048192772,0.13793103448275862
O2,0.05,social_ws,29,0.012048192771084338,0.011494252873563218
O2,0.05,static_diverse,29,0.012048192771084338,0.011494252873563218
O2,0.05,cmaes,29,0.13253012048192772,0.13793103448275862
O3,0.02,graph_social,0,0.024096385542168676,0.022988505747126436
O3,0.02,random,0,0.012048192771084338,0.011494252873563218
O3,0.02,greedy_walk,0,0.024096385542168676,0.034482758620689655
O3,0.02,gp_ei,0,0.060240963855421686,0.05747126436781609
O3,0.02,ensemble_ts,0,0.060240963855421686,0.05747126436781609
O3,0.02,de,0,0.0,0.0
O3,0.02,pso,0,0.012048192771084338,0.011494252873563218
O3,0.02,ga,0,0.012048192771084338,0.011494252873563218
O3,0.02,social_ws,0,0.024096385542168676,0.034482758620689655
O3,0.02,static_diverse,0,0.024096385542168676,0.022988505747126436
O3,0.02,cmaes,0,0.03614457831325301,0.034482758620689655
O3,0.02,graph_social,1,0.012048192771084338,0.011494252873563218
O3,0.02,random,1,0.012048192771084338,0.011494252873563218
O3,0.02,greedy_walk,1,0.012048192771084338,0.011494252873563218
O3,0.02,gp_ei,1,0.03614457831325301,0.034482758620689655
O3,0.02,ensemble_ts,1,0.024096385542168676,0.022988505747126436
O3,0.02,de,1,0.03614457831325301,0.04597701149425287
O3,0.02,pso,1,0.060240963855421686,0.05747126436781609
O3,0.02,ga,1,0.024096385542168676,0.034482758620689655
O3,0.02,social_ws,1,0.0,0.0
O3,0.02,static_diverse,1,0.012048192771084338,0.011494252873563218
O3,0.02,cmaes,1,0.08433734939759036,0.08045977011494253
O3,0.02,graph_social,2,0.0,0.0
O3,0.02,random,2,0.03614457831325301,0.034482758620689655
O3,0.02,greedy_walk,2,0.03614457831325301,0.034482758620689655
O3,0.02,gp_ei,2,0.04819277108433735,0.04597701149425287
O3,0.02,ensemble_ts,2,0.07228915662650602,0.06896551724137931
O3,0.02,de,2,0.0,0.0
O3,0.02,pso,2,0.04819277108433735,0.04597701149425287
O3,0.02,ga,2,0.0,0.0
O3,0.02,social_ws,2,0.012048192771084338,0.011494252873563218
O3,0.02,static_diverse,2,0.04819277108433735,0.04597701149425287
O3,0.02,cmaes,2,0.024096385542168676,0.022988505747126436
O3,0.02,graph_social,3,0.012048192771084338,0.011494252873563218
O3,0.02,random,3,0.0,0.0
O3,0.02,greedy_walk,3,0.024096385542168676,0.022988505747126436
O3,0.02,gp_ei,3,0.012048192771084338,0.011494252873563218
O3,0.02,ensemble_ts,3,0.024096385542168676,0.034482758620689655
O3,0.02,de,3,0.0,0.0
O3,0.02,pso,3,0.024096385542168676,0.022988505747126436
O3,0.02,ga,3,0.024096385542168676,0.022988505747126436
O3,0.02,social_ws,3,0.0,0.0
O3,0.02,static_diverse,3,0.012048192771084338,0.011494252873563218
O3,0.02,cmaes,3,0.03614457831325301,0.034482758620689655
O3,0.02,graph_social,4,0.024096385542168676,0.034482758620689655
O3,0.02,random,4,0.012048192771084338,0.011494252873563218
O3,0.02,greedy_walk,4,0.012048192771084338,0.011494252873563218
O3,0.02,gp_ei,4,0.024096385542168676,0.022988505747126436
O3,0.02,ensemble_ts,4,0.024096385542168676,0.022988505747126436
O3,0.02,de,4,0.012048192771084338,0.011494252873563218
O3,0.02,pso,4,0.024096385542168676,0.034482758620689655
O3,0.02,ga,4,0.012048192771084338,0.011494252873563218
O3,0.02,social_ws,4,0.012048192771084338,0.011494252873563218
O3,0.02,static_diverse,4,0.012048192771084338,0.011494252873563218
O3,0.02,cmaes,4,0.024096385542168676,0.022988505747126436
O3,0.02,graph_social,5,0.024096385542168676,0.022988505747126436
O3,0.02,random,5,0.0,0.0
O3,0.02,greedy_walk,5,0.0,0.0
O3,0.02,gp_ei,5,0.024096385542168676,0.022988505747126436
O3,0.02,ensemble_ts,5,0.04819277108433735,0.04597701149425287
O3,0.02,de,5,0.024096385542168676,0.022988505747126436
O3,0.02,pso,5,0.012048192771084338,0.011494252873563218
O3,0.02,ga,5,0.03614457831325301,0.034482758620689655
O3,0.02,social_ws,5,0.012048192771084338,0.011494252873563218
O3,0.02,static_diverse,5,0.012048192771084338,0.011494252873563218
O3,0.02,cmaes,5,0.060240963855421686,0.05747126436781609
O3,0.02,graph_social,6,0.04819277108433735,0.04597701149425287
O3,0.02,random,6,0.04819277108433735,0.04597701149425287
O3,0.02,greedy_walk,6,0.012048192771084338,0.011494252873563218
O3,0.02,gp_ei,6,0.024096385542168676,0.022988505747126436
O3,0.02,ensemble_ts,6,0.08433734939759036,0.08045977011494253
O3,0.02,de,6,0.0,0.0
O3,0.02,pso,6,0.012048192771084338,0.011494252873563218
O3,0.02,ga,6,0.024096385542168676,0.034482758620689655
O3,0.02,social_ws,6,0.03614457831325301,0.04597701149425287
O3,0.02,static_diverse,6,0.012048192771084338,0.011494252873563218
O3,0.02,cmaes,6,0.03614457831325301,0.034482758620689655
O3,0.02,graph_social,7,0.04819277108433735,0.04597701149425287
O3,0.02,random,7,0.03614457831325301,0.034482758620689655
O3,0.02,greedy_walk,7,0.0,0.0
O3,0.02,gp_ei,7,0.024096385542168676,0.022988505747126436
O3,0.02,ensemble_ts,7,0.0,0.0
O3,0.02,de,7,0.024096385542168676,0.022988505747126436
O3,0.02,pso,7,0.0,0.0
O3,0.02,ga,7,0.0,0.0
O3,0.02,social_ws,7,0.012048192771084338,0.011494252873563218
O3,0.02,static_diverse,7,0.024096385542168676,0.022988505747126436
O3,0.02,cmaes,7,0.0,0.0
O3,0.02,graph_social,8,0.024096385542168676,0.022988505747126436
O3,0.02,random,8,0.04819277108433735,0.04597701149425287
O3,0.02,greedy_walk,8,0.024096385542168676,0.034482758620689655
O3,0.02,gp_ei,8,0.04819277108433735,0.04597701149425287
O3,0.02,ensemble_ts,8,0.03614457831325301,0.04597701149425287
O3,0.02,de,8,0.04819277108433735,0.05747126436781609
O3,0.02,pso,8,0.024096385542168676,0.034482758620689655
O3,0.02,ga,8,0.060240963855421686,0.05747126436781609
O3,0.02,social_ws,8,0.024096385542168676,0.022988505747126436
O3,0.02,static_diverse,8,0.012048192771084338,0.011494252873563218
O3,0.02,cmaes,8,0.012048192771084338,0.011494252873563218
O3,0.02,graph_social,9,0.024096385542168676,0.034482758620689655
O3,0.02,random,9,0.024096385542168676,0.022988505747126436
O3,0.02,greedy_walk,9,0.07228915662650602,0.06896551724137931
O3,0.02,gp_ei,9,0.04819277108433735,0.04597701149425287
O3,0.02,ensemble_ts,9,0.07228915662650602,0.06896551724137931
O3,0.02,de,9,0.012048192771084338,0.011494252873563218
O3,0.02,pso,9,0.0,0.0
O3,0.02,ga,9,0.024096385542168676,0.034482758620689655
O3,0.02,social_ws,9,0.024096385542168676,0.022988505747126436
O3,0.02,static_diverse,9,0.012048192771084338,0.011494252873563218
O3,0.02,cmaes,9,0.060240963855421686,0.05747126436781609
O3,0.02,graph_social,10,0.024096385542168676,0.022988505747126436
O3,0.02,random,10,0.012048192771084338,0.011494252873563218
O3,0.02,greedy_walk,10,0.0,0.0
O3,0.02,gp_ei,10,0.04819277108433735,0.04597701149425287
O3,0.02,ensemble_ts,10,0.03614457831325301,0.034482758620689655
O3,0.02,de,10,0.012048192771084338,0.011494252873563218
O3,0.02,pso,10,0.012048192771084338,0.011494252873563218
O3,0.02,ga,10,0.024096385542168676,0.034482758620689655
O3,0.02,social_ws,10,0.024096385542168676,0.022988505747126436
O3,0.02,static_diverse,10,0.0,0.0
O3,0.02,cmaes,10,0.0,0.0
O3,0.02,graph_social,11,0.024096385542168676,0.022988505747126436
O3,0.02,random,11,0.024096385542168676,0.022988505747126436
O3,0.02,greedy_walk,11,0.03614457831325301,0.034482758620689655
O3,0.02,gp_ei,11,0.07228915662650602,0.06896551724137931
O3,0.02,ensemble_ts,11,0.04819277108433735,0.04597701149425287
O3,0.02,de,11,0.012048192771084338,0.011494252873563218
O3,0.02,pso,11,0.04819277108433735,0.04597701149425287
O3,0.02,ga,11,0.03614457831325301,0.034482758620689655
O3,0.02,social_ws,11,0.03614457831325301,0.034482758620689655
O3,0.02,static_diverse,11,0.024096385542168676,0.022988505747126436
O3,0.02,cmaes,11,0.0,0.0
O3,0.02,graph_social,12,0.03614457831325301,0.034482758620689655
O3,0.02,random,12,0.0,0.0
O3,0.02,greedy_walk,12,0.024096385542168676,0.022988505747126436
O3,0.02,gp_ei,12,0.04819277108433735,0.04597701149425287
O3,0.02,ensemble_ts,12,0.08433734939759036,0.08045977011494253
O3,0.02,de,12,0.04819277108433735,0.05747126436781609
O3,0.02,pso,12,0.012048192771084338,0.011494252873563218
O3,0.02,ga,12,0.024096385542168676,0.022988505747126436
O3,0.02,social_ws,12,0.03614457831325301,0.04597701149425287
O3,0.02,static_diverse,12,0.024096385542168676,0.022988505747126436
O3,0.02,cmaes,12,0.03614457831325301,0.034482758620689655
O3,0.02,graph_social,13,0.03614457831325301,0.034482758620689655
O3,0.02,random,13,0.024096385542168676,0.022988505747126436
O3,0.02,greedy_walk,13,0.012048192771084338,0.011494252873563218
O3,0.02,gp_ei,13,0.060240963855421686,0.05747126436781609
O3,0.02,ensemble_ts,13,0.0963855421686747,0.09195402298850575
O3,0.02,de,13,0.060240963855421686,0.05747126436781609
O3,0.02,pso,13,0.024096385542168676,0.022988505747126436
O3,0.02,ga,13,0.08433734939759036,0.08045977011494253
O3,0.02,social_ws,13,0.012048192771084338,0.011494252873563218
O3,0.02,static_diverse,13,0.012048192771084338,0.011494252873563218
O3,0.02,cmaes,13,0.04819277108433735,0.04597701149425287
O3,0.02,graph_social,14,0.03614457831325301,0.034482758620689655
O3,0.02,random,14,0.03614457831325301,0.034482758620689655
O3,0.02,greedy_walk,14,0.07228915662650602,0.06896551724137931
O3,0.02,gp_ei,14,0.04819277108433735,0.04597701149425287
O3,0.02,ensemble_ts,14,0.10843373493975904,0.10344827586206896
O3,0.02,de,14,0.03614457831325301,0.034482758620689655
O3,0.02,pso,14,0.08433734939759036,0.08045977011494253
O3,0.02,ga,14,0.04819277108433735,0.04597701149425287
O3,0.02,social_ws,14,0.012048192771084338,0.011494252873563218
O3,0.02,static_diverse,14,0.012048192771084338,0.011494252873563218
O3,0.02,cmaes,14,0.024096385542168676,0.022988505747126436
O3,0.02,graph_social,15,0.024096385542168676,0.022988505747126436
O3,0.02,random,15,0.012048192771084338,0.011494252873563218
O3,0.02,greedy_walk,15,0.04819277108433735,0.04597701149425287
O3,0.02,gp_ei,15,0.024096385542168676,0.022988505747126436
O3,0.02,ensemble_ts,15,0.07228915662650602,0.06896551724137931
O3,0.02,de,15,0.060240963855421686,0.05747126436781609
O3,0.02,pso,15,0.0963855421686747,0.09195402298850575
O3,0.02,ga,15,0.07228915662650602,0.06896551724137931
O3,0.02,social_ws,15,0.012048192771084338,0.011494252873563218
O3,0.02,static_diverse,15,0.012048192771084338,0.011494252873563218
O3,0.02,cmaes,15,0.024096385542168676,0.022988505747126436
O3,0.02,graph_social,16,0.012048192771084338,0.011494252873563218
O3,0.02,random,16,0.024096385542168676,0.022988505747126436
O3,0.02,greedy_walk,16,0.024096385542168676,0.022988505747126436
O3,0.02,gp_ei,16,0.03614457831325301,0.034482758620689655
O3,0.02,ensemble_ts,16,0.03614457831325301,0.034482758620689655
O3,0.02,de,16,0.03614457831325301,0.034482758620689655
O3,0.02,pso,16,0.024096385542168676,0.022988505747126436
O3,0.02,ga,16,0.03614457831325301,0.04597701149425287
O3,0.02,social_ws,16,0.012048192771084338,0.011494252873563218
O3,0.02,static_diverse,16,0.0,0.0
O3,0.02,cmaes,16,0.03614457831325301,0.034482758620689655
O3,0.02,graph_social,17,0.024096385542168676,0.022988505747126436
O3,0.02,random,17,0.012048192771084338,0.011494252873563218
O3,0.02,greedy_walk,17,0.024096385542168676,0.022988505747126436
O3,0.02,gp_ei,17,0.060240963855421686,0.05747126436781609
O3,0.02,ensemble_ts,17,0.08433734939759036,0.08045977011494253
O3,0.02,de,17,0.024096385542168676,0.022988505747126436
O3,0.02,pso,17,0.08433734939759036,0.08045977011494253
O3,0.02,ga,17,0.03614457831325301,0.034482758620689655
O3,0.02,social_ws,17,0.012048192771084338,0.011494252873563218
O3,0.02,static_diverse,17,0.012048192771084338,0.011494252873563218
O3,0.02,cmaes,17,0.024096385542168676,0.022988505747126436
O3,0.02,graph_social,18,0.024096385542168676,0.022988505747126436
O3,0.02,random,18,0.0,0.0
O3,0.02,greedy_walk,18,0.024096385542168676,0.022988505747126436
O3,0.02,gp_ei,18,0.024096385542168676,0.022988505747126436
O3,0.02,ensemble_ts,18,0.12048192771084337,0.11494252873563218
O3,0.02,de,18,0.0963855421686747,0.09195402298850575
O3,0.02,pso,18,0.024096385542168676,0.034482758620689655
O3,0.02,ga,18,0.04819277108433735,0.04597701149425287
O3,0.02,social_ws,18,0.03614457831325301,0.04597701149425287
O3,0.02,static_diverse,18,0.012048192771084338,0.011494252873563218
O3,0.02,cmaes,18,0.012048192771084338,0.011494252873563218
O3,0.02,graph_social,19,0.012048192771084338,0.011494252873563218
O3,0.02,random,19,0.012048192771084338,0.011494252873563218
O3,0.02,greedy_walk,19,0.03614457831325301,0.034482758620689655
O3,0.02,gp_ei,19,0.04819277108433735,0.04597701149425287
O3,0.02,ensemble_ts,19,0.04819277108433735,0.04597701149425287
O3,0.02,de,19,0.012048192771084338,0.011494252873563218
O3,0.02,pso,19,0.04819277108433735,0.04597701149425287
O3,0.02,ga,19,0.024096385542168676,0.022988505747126436
O3,0.02,social_ws,19,0.03614457831325301,0.034482758620689655
O3,0.02,static_diverse,19,0.012048192771084338,0.011494252873563218
O3,0.02,cmaes,19,0.03614457831325301,0.034482758620689655
O3,0.02,graph_social,20,0.03614457831325301,0.034482758620689655
O3,0.02,random,20,0.012048192771084338,0.011494252873563218
O3,0.02,greedy_walk,20,0.012048192771084338,0.011494252873563218
O3,0.02,gp_ei,20,0.03614457831325301,0.034482758620689655
O3,0.02,ensemble_ts,20,0.08433734939759036,0.08045977011494253
O3,0.02,de,20,0.012048192771084338,0.011494252873563218
O3,0.02,pso,20,0.012048192771084338,0.011494252873563218
O3,0.02,ga,20,0.024096385542168676,0.022988505747126436
O3,0.02,social_ws,20,0.0,0.0
O3,0.02,static_diverse,20,0.012048192771084338,0.011494252873563218
O3,0.02,cmaes,20,0.024096385542168676,0.022988505747126436
O3,0.02,graph_social,21,0.024096385542168676,0.022988505747126436
O3,0.02,random,21,0.012048192771084338,0.011494252873563218
O3,0.02,greedy_walk,21,0.024096385542168676,0.034482758620689655
O3,0.02,gp_ei,21,0.03614457831325301,0.034482758620689655
O3,0.02,ensemble_ts,21,0.060240963855421686,0.05747126436781609
O3,0.02,de,21,0.024096385542168676,0.034482758620689655
O3,0.02,pso,21,0.012048192771084338,0.011494252873563218
O3,0.02,ga,21,0.024096385542168676,0.034482758620689655
O3,0.02,social_ws,21,0.012048192771084338,0.011494252873563218
O3,0.02,static_diverse,21,0.024096385542168676,0.022988505747126436
O3,0.02,cmaes,21,0.03614457831325301,0.034482758620689655
O3,0.02,graph_social,22,0.024096385542168676,0.022988505747126436
O3,0.02,random,22,0.012048192771084338,0.011494252873563218
O3,0.02,greedy_walk,22,0.012048192771084338,0.011494252873563218
O3,0.02,gp_ei,22,0.08433734939759036,0.08045977011494253
O3,0.02,ensemble_ts,22,0.10843373493975904,0.10344827586206896
O3,0.02,de,22,0.03614457831325301,0.034482758620689655
O3,0.02,pso,22,0.012048192771084338,0.011494252873563218
O3,0.02,ga,22,0.024096385542168676,0.034482758620689655
O3,0.02,social_ws,22,0.012048192771084338,0.011494252873563218
O3,0.02,static_diverse,22,0.03614457831325301,0.034482758620689655
O3,0.02,cmaes,22,0.03614457831325301,0.034482758620689655
O3,0.02,graph_social,23,0.012048192771084338,0.011494252873563218
O3,0.02,random,23,0.03614457831325301,0.034482758620689655
O3,0.02,greedy_walk,23,0.0963855421686747,0.09195402298850575
O3,0.02,gp_ei,23,0.03614457831325301,0.034482758620689655
O3,0.02,ensemble_ts,23,0.10843373493975904,0.10344827586206896
O3,0.02,de,23,0.04819277108433735,0.04597701149425287
O3,0.02,pso,23,0.03614457831325301,0.034482758620689655
O3,0.02,ga,23,0.03614457831325301,0.034482758620689655
O3,0.02,social_ws,23,0.024096385542168676,0.022988505747126436
O3,0.02,static_diverse,23,0.024096385542168676,0.022988505747126436
O3,0.02,cmaes,23,0.024096385542168676,0.022988505747126436
O3,0.02,graph_social,24,0.012048192771084338,0.011494252873563218
O3,0.02,random,24,0.012048192771084338,0.011494252873563218
O3,0.02,greedy_walk,24,0.012048192771084338,0.011494252873563218
O3,0.02,gp_ei,24,0.024096385542168676,0.022988505747126436
O3,0.02,ensemble_ts,24,0.024096385542168676,0.022988505747126436
O3,0.02,de,24,0.024096385542168676,0.022988505747126436
O3,0.02,pso,24,0.012048192771084338,0.011494252873563218
O3,0.02,ga,24,0.024096385542168676,0.034482758620689655
O3,0.02,social_ws,24,0.03614457831325301,0.04597701149425287
O3,0.02,static_diverse,24,0.024096385542168676,0.022988505747126436
O3,0.02,cmaes,24,0.024096385542168676,0.022988505747126436
O3,0.02,graph_social,25,0.012048192771084338,0.011494252873563218
O3,0.02,random,25,0.012048192771084338,0.011494252873563218
O3,0.02,greedy_walk,25,0.024096385542168676,0.022988505747126436
O3,0.02,gp_ei,25,0.04819277108433735,0.04597701149425287
O3,0.02,ensemble_ts,25,0.04819277108433735,0.04597701149425287
O3,0.02,de,25,0.012048192771084338,0.011494252873563218
O3,0.02,pso,25,0.0,0.0
O3,0.02,ga,25,0.0,0.0
O3,0.02,social_ws,25,0.012048192771084338,0.011494252873563218
O3,0.02,static_diverse,25,0.012048192771084338,0.011494252873563218
O3,0.02,cmaes,25,0.012048192771084338,0.011494252873563218
O3,0.02,graph_social,26,0.024096385542168676,0.022988505747126436
O3,0.02,random,26,0.0,0.0
O3,0.02,greedy_walk,26,0.07228915662650602,0.06896551724137931
O3,0.02,gp_ei,26,0.024096385542168676,0.022988505747126436
O3,0.02,ensemble_ts,26,0.0963855421686747,0.09195402298850575
O3,0.02,de,26,0.04819277108433735,0.04597701149425287
O3,0.02,pso,26,0.07228915662650602,0.06896551724137931
O3,0.02,ga,26,0.012048192771084338,0.011494252873563218
O3,0.02,social_ws,26,0.024096385542168676,0.022988505747126436
O3,0.02,static_diverse,26,0.012048192771084338,0.011494252873563218
O3,0.02,cmaes,26,0.08433734939759036,0.08045977011494253
O3,0.02,graph_social,27,0.024096385542168676,0.022988505747126436
O3,0.02,random,27,0.04819277108433735,0.04597701149425287
O3,0.02,greedy_walk,27,0.012048192771084338,0.011494252873563218
O3,0.02,gp_ei,27,0.012048192771084338,0.011494252873563218
O3,0.02,ensemble_ts,27,0.03614457831325301,0.04597701149425287
O3,0.02,de,27,0.060240963855421686,0.05747126436781609
O3,0.02,pso,27,0.03614457831325301,0.04597701149425287
O3,0.02,ga,27,0.024096385542168676,0.034482758620689655
O3,0.02,social_ws,27,0.024096385542168676,0.022988505747126436
O3,0.02,static_diverse,27,0.012048192771084338,0.011494252873563218
O3,0.02,cmaes,27,0.024096385542168676,0.022988505747126436
O3,0.02,graph_social,28,0.08433734939759036,0.08045977011494253
O3,0.02,random,28,0.012048192771084338,0.011494252873563218
O3,0.02,greedy_walk,28,0.0,0.0
O3,0.02,gp_ei,28,0.024096385542168676,0.022988505747126436
O3,0.02,ensemble_ts,28,0.03614457831325301,0.034482758620689655
O3,0.02,de,28,0.024096385542168676,0.022988505747126436
O3,0.02,pso,28,0.03614457831325301,0.034482758620689655
O3,0.02,ga,28,0.012048192771084338,0.011494252873563218
O3,0.02,social_ws,28,0.012048192771084338,0.011494252873563218
O3,0.02,static_diverse,28,0.03614457831325301,0.034482758620689655
O3,0.02,cmaes,28,0.024096385542168676,0.022988505747126436
O3,0.02,graph_social,29,0.024096385542168676,0.022988505747126436
O3,0.02,random,29,0.024096385542168676,0.022988505747126436
O3,0.02,greedy_walk,29,0.0,0.0
O3,0.02,gp_ei,29,0.012048192771084338,0.011494252873563218
O3,0.02,ensemble_ts,29,0.03614457831325301,0.034482758620689655
O3,0.02,de,29,0.03614457831325301,0.034482758620689655
O3,0.02,pso,29,0.012048192771084338,0.011494252873563218
O3,0.02,ga,29,0.03614457831325301,0.034482758620689655
O3,0.02,social_ws,29,0.03614457831325301,0.04597701149425287
O3,0.02,static_diverse,29,0.0,0.0
O3,0.02,cmaes,29,0.03614457831325301,0.034482758620689655
O3,0.05,graph_social,0,0.07228915662650602,0.08045977011494253
O3,0.05,random,0,0.024096385542168676,0.022988505747126436
O3,0.05,greedy_walk,0,0.04819277108433735,0.05747126436781609
O3,0.05,gp_ei,0,0.07228915662650602,0.06896551724137931
O3,0.05,ensemble_ts,0,0.10843373493975904,0.10344827586206896
O3,0.05,de,0,0.03614457831325301,0.04597701149425287
O3,0.05,pso,0,0.060240963855421686,0.05747126436781609
O3,0.05,ga,0,0.03614457831325301,0.034482758620689655
O3,0.05,social_ws,0,0.04819277108433735,0.05747126436781609
O3,0.05,static_diverse,0,0.024096385542168676,0.022988505747126436
O3,0.05,cmaes,0,0.08433734939759036,0.09195402298850575
O3,0.05,graph_social,1,0.03614457831325301,0.034482758620689655
O3,0.05,random,1,0.04819277108433735,0.04597701149425287
O3,0.05,greedy_walk,1,0.024096385542168676,0.022988505747126436
O3,0.05,gp_ei,1,0.12048192771084337,0.11494252873563218
O3,0.05,ensemble_ts,1,0.1566265060240964,0.14942528735632185
O3,0.05,de,1,0.04819277108433735,0.05747126436781609
O3,0.05,pso,1,0.0963855421686747,0.09195402298850575
O3,0.05,ga,1,0.060240963855421686,0.06896551724137931
O3,0.05,social_ws,1,0.024096385542168676,0.022988505747126436
O3,0.05,static_diverse,1,0.03614457831325301,0.034482758620689655
O3,0.05,cmaes,1,0.13253012048192772,0.12643678160919541
O3,0.05,graph_social,2,0.024096385542168676,0.022988505747126436
O3,0.05,random,2,0.0963855421686747,0.09195402298850575
O3,0.05,greedy_walk,2,0.03614457831325301,0.034482758620689655
O3,0.05,gp_ei,2,0.12048192771084337,0.11494252873563218
O3,0.05,ensemble_ts,2,0.1566265060240964,0.14942528735632185
O3,0.05,de,2,0.03614457831325301,0.04597701149425287
O3,0.05,pso,2,0.08433734939759036,0.08045977011494253
O3,0.05,ga,2,0.03614457831325301,0.04597701149425287
O3,0.05,social_ws,2,0.012048192771084338,0.011494252873563218
O3,0.05,static_diverse,2,0.04819277108433735,0.04597701149425287
O3,0.05,cmaes,2,0.07228915662650602,0.06896551724137931
O3,0.05,graph_social,3,0.07228915662650602,0.08045977011494253
O3,0.05,random,3,0.03614457831325301,0.034482758620689655
O3,0.05,greedy_walk,3,0.10843373493975904,0.11494252873563218
O3,0.05,gp_ei,3,0.10843373493975904,0.10344827586206896
O3,0.05,ensemble_ts,3,0.08433734939759036,0.10344827586206896
O3,0.05,de,3,0.07228915662650602,0.06896551724137931
O3,0.05,pso,3,0.03614457831325301,0.034482758620689655
O3,0.05,ga,3,0.060240963855421686,0.05747126436781609
O3,0.05,social_ws,3,0.0,0.0
O3,0.05,static_diverse,3,0.03614457831325301,0.034482758620689655
O3,0.05,cmaes,3,0.07228915662650602,0.06896551724137931
O3,0.05,graph_social,4,0.012048192771084338,0.011494252873563218
O3,0.05,random,4,0.060240963855421686,0.05747126436781609
O3,0.05,greedy_walk,4,0.03614457831325301,0.034482758620689655
O3,0.05,gp_ei,4,0.12048192771084337,0.11494252873563218
O3,0.05,ensemble_ts,4,0.20481927710843373,0.19540229885057472
O3,0.05,de,4,0.060240963855421686,0.08045977011494253
O3,0.05,pso,4,0.060240963855421686,0.08045977011494253
O3,0.05,ga,4,0.04819277108433735,0.04597701149425287
O3,0.05,social_ws,4,0.024096385542168676,0.022988505747126436
O3,0.05,static_diverse,4,0.024096385542168676,0.022988505747126436
O3,0.05,cmaes,4,0.04819277108433735,0.04597701149425287
O3,0.05,graph_social,5,0.07228915662650602,0.06896551724137931
O3,0.05,random,5,0.060240963855421686,0.05747126436781609
O3,0.05,greedy_walk,5,0.03614457831325301,0.034482758620689655
O3,0.05,gp_ei,5,0.13253012048192772,0.12643678160919541
O3,0.05,ensemble_ts,5,0.1566265060240964,0.14942528735632185
O3,0.05,de,5,0.10843373493975904,0.10344827586206896
O3,0.05,pso,5,0.04819277108433735,0.04597701149425287
O3,0.05,ga,5,0.060240963855421686,0.05747126436781609
O3,0.05,social_ws,5,0.060240963855421686,0.05747126436781609
O3,0.05,static_diverse,5,0.03614457831325301,0.034482758620689655
O3,0.05,cmaes,5,0.10843373493975904,0.10344827586206896
O3,0.05,graph_social,6,0.07228915662650602,0.06896551724137931
O3,0.05,random,6,0.060240963855421686,0.05747126436781609
O3,0.05,greedy_walk,6,0.060240963855421686,0.06896551724137931
O3,0.05,gp_ei,6,0.0963855421686747,0.09195402298850575
O3,0.05,ensemble_ts,6,0.12048192771084337,0.11494252873563218
O3,0.05,de,6,0.12048192771084337,0.11494252873563218
O3,0.05,pso,6,0.04819277108433735,0.04597701149425287
O3,0.05,ga,6,0.08433734939759036,0.09195402298850575
O3,0.05,social_ws,6,0.07228915662650602,0.10344827586206896
O3,0.05,static_diverse,6,0.03614457831325301,0.034482758620689655
O3,0.05,cmaes,6,0.060240963855421686,0.05747126436781609
O3,0.05,graph_social,7,0.04819277108433735,0.04597701149425287
O3,0.05,random,7,0.07228915662650602,0.06896551724137931
O3,0.05,greedy_walk,7,0.03614457831325301,0.034482758620689655
O3,0.05,gp_ei,7,0.10843373493975904,0.10344827586206896
O3,0.05,ensemble_ts,7,0.03614457831325301,0.05747126436781609
O3,0.05,de,7,0.03614457831325301,0.034482758620689655
O3,0.05,pso,7,0.024096385542168676,0.022988505747126436
O3,0.05,ga,7,0.012048192771084338,0.011494252873563218
O3,0.05,social_ws,7,0.03614457831325301,0.034482758620689655
O3,0.05,static_diverse,7,0.04819277108433735,0.04597701149425287
O3,0.05,cmaes,7,0.03614457831325301,0.034482758620689655
O3,0.05,graph_social,8,0.07228915662650602,0.08045977011494253
O3,0.05,random,8,0.07228915662650602,0.06896551724137931
O3,0.05,greedy_walk,8,0.04819277108433735,0.05747126436781609
O3,0.05,gp_ei,8,0.08433734939759036,0.08045977011494253
O3,0.05,ensemble_ts,8,0.1566265060240964,0.1724137931034483
O3,0.05,de,8,0.12048192771084337,0.12643678160919541
O3,0.05,pso,8,0.060240963855421686,0.08045977011494253
O3,0.05,ga,8,0.10843373493975904,0.10344827586206896
O3,0.05,social_ws,8,0.03614457831325301,0.034482758620689655
O3,0.05,static_diverse,8,0.012048192771084338,0.011494252873563218
O3,0.05,cmaes,8,0.04819277108433735,0.04597701149425287
O3,0.05,graph_social,9,0.03614457831325301,0.034482758620689655
O3,0.05,random,9,0.060240963855421686,0.05747126436781609
O3,0.05,greedy_walk,9,0.12048192771084337,0.11494252873563218
O3,0.05,gp_ei,9,0.13253012048192772,0.12643678160919541
O3,0.05,ensemble_ts,9,0.1686746987951807,0.1724137931034483
O3,0.05,de,9,0.07228915662650602,0.06896551724137931
O3,0.05,pso,9,0.024096385542168676,0.022988505747126436
O3,0.05,ga,9,0.07228915662650602,0.08045977011494253
O3,0.05,social_ws,9,0.07228915662650602,0.08045977011494253
O3,0.05,static_diverse,9,0.04819277108433735,0.04597701149425287
O3,0.05,cmaes,9,0.07228915662650602,0.06896551724137931
O3,0.05,graph_social,10,0.024096385542168676,0.022988505747126436
O3,0.05,random,10,0.04819277108433735,0.04597701149425287
O3,0.05,greedy_walk,10,0.03614457831325301,0.034482758620689655
O3,0.05,gp_ei,10,0.20481927710843373,0.19540229885057472
O3,0.05,ensemble_ts,10,0.08433734939759036,0.08045977011494253
O3,0.05,de,10,0.060240963855421686,0.06896551724137931
O3,0.05,pso,10,0.024096385542168676,0.022988505747126436
O3,0.05,ga,10,0.04819277108433735,0.05747126436781609
O3,0.05,social_ws,10,0.024096385542168676,0.022988505747126436
O3,0.05,static_diverse,10,0.012048192771084338,0.011494252873563218
O3,0.05,cmaes,10,0.03614457831325301,0.04597701149425287
O3,0.05,graph_social,11,0.04819277108433735,0.04597701149425287
O3,0.05,random,11,0.03614457831325301,0.034482758620689655
O3,0.05,greedy_walk,11,0.060240963855421686,0.05747126436781609
O3,0.05,gp_ei,11,0.13253012048192772,0.12643678160919541
O3,0.05,ensemble_ts,11,0.13253012048192772,0.12643678160919541
O3,0.05,de,11,0.060240963855421686,0.05747126436781609
O3,0.05,pso,11,0.12048192771084337,0.11494252873563218
O3,0.05,ga,11,0.12048192771084337,0.11494252873563218
O3,0.05,social_ws,11,0.07228915662650602,0.06896551724137931
O3,0.05,static_diverse,11,0.024096385542168676,0.022988505747126436
O3,0.05,cmaes,11,0.03614457831325301,0.04597701149425287
O3,0.05,graph_social,12,0.04819277108433735,0.04597701149425287
O3,0.05,random,12,0.03614457831325301,0.034482758620689655
O3,0.05,greedy_walk,12,0.024096385542168676,0.022988505747126436
O3,0.05,gp_ei,12,0.1686746987951807,0.16091954022988506
O3,0.05,ensemble_ts,12,0.14457831325301204,0.13793103448275862
O3,0.05,de,12,0.0963855421686747,0.11494252873563218
O3,0.05,pso,12,0.03614457831325301,0.034482758620689655
O3,0.05,ga,12,0.024096385542168676,0.022988505747126436
O3,0.05,social_ws,12,0.03614457831325301,0.04597701149425287
O3,0.05,static_diverse,12,0.060240963855421686,0.05747126436781609
O3,0.05,cmaes,12,0.07228915662650602,0.08045977011494253
O3,0.05,graph_social,13,0.04819277108433735,0.04597701149425287
O3,0.05,random,13,0.04819277108433735,0.04597701149425287
O3,0.05,greedy_walk,13,0.024096385542168676,0.022988505747126436
O3,0.05,gp_ei,13,0.13253012048192772,0.12643678160919541
O3,0.05,ensemble_ts,13,0.1566265060240964,0.14942528735632185
O3,0.05,de,13,0.1686746987951807,0.16091954022988506
O3,0.05,pso,13,0.04819277108433735,0.04597701149425287
O3,0.05,ga,13,0.13253012048192772,0.12643678160919541
O3,0.05,social_ws,13,0.024096385542168676,0.022988505747126436
O3,0.05,static_diverse,13,0.012048192771084338,0.011494252873563218
O3,0.05,cmaes,13,0.0963855421686747,0.09195402298850575
O3,0.05,graph_social,14,0.08433734939759036,0.09195402298850575
O3,0.05,random,14,0.08433734939759036,0.08045977011494253
O3,0.05,greedy_walk,14,0.13253012048192772,0.12643678160919541
O3,0.05,gp_ei,14,0.14457831325301204,0.13793103448275862
O3,0.05,ensemble_ts,14,0.21686746987951808,0.20689655172413793
O3,0.05,de,14,0.14457831325301204,0.13793103448275862
O3,0.05,pso,14,0.1566265060240964,0.14942528735632185
O3,0.05,ga,14,0.08433734939759036,0.08045977011494253
O3,0.05,social_ws,14,0.060240963855421686,0.05747126436781609
O3,0.05,static_diverse,14,0.012048192771084338,0.011494252873563218
O3,0.05,cmaes,14,0.04819277108433735,0.05747126436781609
O3,0.05,graph_social,15,0.07228915662650602,0.06896551724137931
O3,0.05,random,15,0.04819277108433735,0.04597701149425287
O3,0.05,greedy_walk,15,0.14457831325301204,0.13793103448275862
O3,0.05,gp_ei,15,0.0963855421686747,0.09195402298850575
O3,0.05,ensemble_ts,15,0.1927710843373494,0.1839080459770115
O3,0.05,de,15,0.13253012048192772,0.12643678160919541
O3,0.05,pso,15,0.10843373493975904,0.10344827586206896
O3,0.05,ga,15,0.07228915662650602,0.06896551724137931
O3,0.05,social_ws,15,0.04819277108433735,0.04597701149425287
O3,0.05,static_diverse,15,0.03614457831325301,0.034482758620689655
O3,0.05,cmaes,15,0.07228915662650602,0.08045977011494253
O3,0.05,graph_social,16,0.0963855421686747,0.09195402298850575
O3,0.05,random,16,0.024096385542168676,0.022988505747126436
O3,0.05,greedy_walk,16,0.03614457831325301,0.034482758620689655
O3,0.05,gp_ei,16,0.13253012048192772,0.12643678160919541
O3,0.05,ensemble_ts,16,0.0963855421686747,0.09195402298850575
O3,0.05,de,16,0.060240963855421686,0.05747126436781609
O3,0.05,pso,16,0.04819277108433735,0.04597701149425287
O3,0.05,ga,16,0.04819277108433735,0.05747126436781609
O3,0.05,social_ws,16,0.04819277108433735,0.04597701149425287
O3,0.05,static_diverse,16,0.012048192771084338,0.011494252873563218
O3,0.05,cmaes,16,0.07228915662650602,0.06896551724137931
O3,0.05,graph_social,17,0.04819277108433735,0.04597701149425287
O3,0.05,random,17,0.024096385542168676,0.022988505747126436
O3,0.05,greedy_walk,17,0.03614457831325301,0.034482758620689655
O3,0.05,gp_ei,17,0.10843373493975904,0.10344827586206896
O3,0.05,ensemble_ts,17,0.20481927710843373,0.19540229885057472
O3,0.05,de,17,0.07228915662650602,0.06896551724137931
O3,0.05,pso,17,0.13253012048192772,0.12643678160919541
O3,0.05,ga,17,0.08433734939759036,0.08045977011494253
O3,0.05,social_ws,17,0.024096385542168676,0.022988505747126436
O3,0.05,static_diverse,17,0.03614457831325301,0.034482758620689655
O3,0.05,cmaes,17,0.060240963855421686,0.06896551724137931
O3,0.05,graph_social,18,0.04819277108433735,0.05747126436781609
O3,0.05,random,18,0.03614457831325301,0.034482758620689655
O3,0.05,greedy_walk,18,0.04819277108433735,0.04597701149425287
O3,0.05,gp_ei,18,0.0963855421686747,0.09195402298850575
O3,0.05,ensemble_ts,18,0.21686746987951808,0.20689655172413793
O3,0.05,de,18,0.1566265060240964,0.14942528735632185
O3,0.05,pso,18,0.08433734939759036,0.10344827586206896
O3,0.05,ga,18,0.10843373493975904,0.10344827586206896
O3,0.05,social_ws,18,0.07228915662650602,0.08045977011494253
O3,0.05,static_diverse,18,0.03614457831325301,0.034482758620689655
O3,0.05,cmaes,18,0.024096385542168676,0.022988505747126436
O3,0.05,graph_social,19,0.024096385542168676,0.022988505747126436
O3,0.05,random,19,0.024096385542168676,0.022988505747126436
O3,0.05,greedy_walk,19,0.060240963855421686,0.05747126436781609
O3,0.05,gp_ei,19,0.07228915662650602,0.06896551724137931
O3,0.05,ensemble_ts,19,0.1566265060240964,0.14942528735632185
O3,0.05,de,19,0.060240963855421686,0.05747126436781609
O3,0.05,pso,19,0.0963855421686747,0.09195402298850575
O3,0.05,ga,19,0.08433734939759036,0.08045977011494253
O3,0.05,social_ws,19,0.024096385542168676,0.022988505747126436
O3,0.05,static_diverse,19,0.060240963855421686,0.05747126436781609
O3,0.05,cmaes,19,0.0963855421686747,0.09195402298850575
O3,0.05,graph_social,20,0.024096385542168676,0.022988505747126436
O3,0.05,random,20,0.060240963855421686,0.05747126436781609
O3,0.05,greedy_walk,20,0.012048192771084338,0.011494252873563218
O3,0.05,gp_ei,20,0.1566265060240964,0.14942528735632185
O3,0.05,ensemble_ts,20,0.18072289156626506,0.1724137931034483
O3,0.05,de,20,0.012048192771084338,0.011494252873563218
O3,0.05,pso,20,0.03614457831325301,0.034482758620689655
O3,0.05,ga,20,0.04819277108433735,0.04597701149425287
O3,0.05,social_ws,20,0.012048192771084338,0.011494252873563218
O3,0.05,static_diverse,20,0.024096385542168676,0.022988505747126436
O3,0.05,cmaes,20,0.060240963855421686,0.06896551724137931
O3,0.05,graph_social,21,0.04819277108433735,0.04597701149425287
O3,0.05,random,21,0.024096385542168676,0.022988505747126436
O3,0.05,greedy_walk,21,0.024096385542168676,0.034482758620689655
O3,0.05,gp_ei,21,0.07228915662650602,0.06896551724137931
O3,0.05,ensemble_ts,21,0.14457831325301204,0.13793103448275862
O3,0.05,de,21,0.04819277108433735,0.05747126436781609
O3,0.05,pso,21,0.04819277108433735,0.04597701149425287
O3,0.05,ga,21,0.060240963855421686,0.06896551724137931
O3,0.05,social_ws,21,0.060240963855421686,0.05747126436781609
O3,0.05,static_diverse,21,0.024096385542168676,0.022988505747126436
O3,0.05,cmaes,21,0.08433734939759036,0.09195402298850575
O3,0.05,graph_social,22,0.024096385542168676,0.022988505747126436
O3,0.05,random,22,0.04819277108433735,0.04597701149425287
O3,0.05,greedy_walk,22,0.03614457831325301,0.034482758620689655
O3,0.05,gp_ei,22,0.14457831325301204,0.13793103448275862
O3,0.05,ensemble_ts,22,0.18072289156626506,0.1724137931034483
O3,0.05,de,22,0.10843373493975904,0.10344827586206896
O3,0.05,pso,22,0.03614457831325301,0.034482758620689655
O3,0.05,ga,22,0.060240963855421686,0.06896551724137931
O3,0.05,social_ws,22,0.07228915662650602,0.08045977011494253
O3,0.05,static_diverse,22,0.060240963855421686,0.05747126436781609
O3,0.05,cmaes,22,0.08433734939759036,0.09195402298850575
O3,0.05,graph_social,23,0.03614457831325301,0.034482758620689655
O3,0.05,random,23,0.07228915662650602,0.06896551724137931
O3,0.05,greedy_walk,23,0.14457831325301204,0.13793103448275862
O3,0.05,gp_ei,23,0.18072289156626506,0.1724137931034483
O3,0.05,ensemble_ts,23,0.2289156626506024,0.21839080459770116
O3,0.05,de,23,0.1566265060240964,0.14942528735632185
O3,0.05,pso,23,0.0963855421686747,0.09195402298850575
O3,0.05,ga,23,0.060240963855421686,0.05747126436781609
O3,0.05,social_ws,23,0.04819277108433735,0.04597701149425287
O3,0.05,static_diverse,23,0.024096385542168676,0.022988505747126436
O3,0.05,cmaes,23,0.04819277108433735,0.04597701149425287
O3,0.05,graph_social,24,0.012048192771084338,0.011494252873563218
O3,0.05,random,24,0.024096385542168676,0.022988505747126436
O3,0.05,greedy_walk,24,0.024096385542168676,0.022988505747126436
O3,0.05,gp_ei,24,0.14457831325301204,0.13793103448275862
O3,0.05,ensemble_ts,24,0.0963855421686747,0.09195402298850575
O3,0.05,de,24,0.10843373493975904,0.10344827586206896
O3,0.05,pso,24,0.060240963855421686,0.05747126436781609
O3,0.05,ga,24,0.03614457831325301,0.04597701149425287
O3,0.05,social_ws,24,0.07228915662650602,0.08045977011494253
O3,0.05,static_diverse,24,0.024096385542168676,0.022988505747126436
O3,0.05,cmaes,24,0.0963855421686747,0.09195402298850575
O3,0.05,graph_social,25,0.04819277108433735,0.04597701149425287
O3,0.05,random,25,0.04819277108433735,0.04597701149425287
O3,0.05,greedy_walk,25,0.03614457831325301,0.034482758620689655
O3,0.05,gp_ei,25,0.08433734939759036,0.08045977011494253
O3,0.05,ensemble_ts,25,0.12048192771084337,0.12643678160919541
O3,0.05,de,25,0.024096385542168676,0.022988505747126436
O3,0.05,pso,25,0.04819277108433735,0.04597701149425287
O3,0.05,ga,25,0.0,0.0
O3,0.05,social_ws,25,0.012048192771084338,0.011494252873563218
O3,0.05,static_diverse,25,0.03614457831325301,0.034482758620689655
O3,0.05,cmaes,25,0.03614457831325301,0.04597701149425287
O3,0.05,graph_social,26,0.060240963855421686,0.06896551724137931
O3,0.05,random,26,0.024096385542168676,0.022988505747126436
O3,0.05,greedy_walk,26,0.10843373493975904,0.10344827586206896
O3,0.05,gp_ei,26,0.10843373493975904,0.10344827586206896
O3,0.05,ensemble_ts,26,0.1686746987951807,0.16091954022988506
O3,0.05,de,26,0.07228915662650602,0.06896551724137931
O3,0.05,pso,26,0.13253012048192772,0.12643678160919541
O3,0.05,ga,26,0.07228915662650602,0.06896551724137931
O3,0.05,social_ws,26,0.024096385542168676,0.022988505747126436
O3,0.05,static_diverse,26,0.024096385542168676,0.022988505747126436
O3,0.05,cmaes,26,0.14457831325301204,0.13793103448275862
O3,0.05,graph_social,27,0.07228915662650602,0.09195402298850575
O3,0.05,random,27,0.07228915662650602,0.06896551724137931
O3,0.05,greedy_walk,27,0.024096385542168676,0.022988505747126436
O3,0.05,gp_ei,27,0.18072289156626506,0.1724137931034483
O3,0.05,ensemble_ts,27,0.08433734939759036,0.09195402298850575
O3,0.05,de,27,0.08433734939759036,0.08045977011494253
O3,0.05,pso,27,0.07228915662650602,0.08045977011494253
O3,0.05,ga,27,0.04819277108433735,0.05747126436781609
O3,0.05,social_ws,27,0.04819277108433735,0.04597701149425287
O3,0.05,static_diverse,27,0.012048192771084338,0.011494252873563218
O3,0.05,cmaes,27,0.060240963855421686,0.05747126436781609
O3,0.05,graph_social,28,0.03614457831325301,0.034482758620689655
O3,0.05,random,28,0.060240963855421686,0.05747126436781609
O3,0.05,greedy_walk,28,0.012048192771084338,0.011494252873563218
O3,0.05,gp_ei,28,0.14457831325301204,0.13793103448275862
O3,0.05,ensemble_ts,28,0.10843373493975904,0.11494252873563218
O3,0.05,de,28,0.04819277108433735,0.04597701149425287
O3,0.05,pso,28,0.060240963855421686,0.05747126436781609
O3,0.05,ga,28,0.04819277108433735,0.04597701149425287
O3,0.05,social_ws,28,0.060240963855421686,0.05747126436781609
O3,0.05,static_diverse,28,0.03614457831325301,0.034482758620689655
O3,0.05,cmaes,28,0.060240963855421686,0.06896551724137931
O3,0.05,graph_social,29,0.060240963855421686,0.06896551724137931
O3,0.05,random,29,0.04819277108433735,0.04597701149425287
O3,0.05,greedy_walk,29,0.07228915662650602,0.06896551724137931
O3,0.05,gp_ei,29,0.0963855421686747,0.09195402298850575
O3,0.05,ensemble_ts,29,0.0963855421686747,0.09195402298850575
O3,0.05,de,29,0.04819277108433735,0.04597701149425287
O3,0.05,pso,29,0.03614457831325301,0.034482758620689655
O3,0.05,ga,29,0.04819277108433735,0.04597701149425287
O3,0.05,social_ws,29,0.060240963855421686,0.06896551724137931
O3,0.05,static_diverse,29,0.0,0.0
O3,0.05,cmaes,29,0.07228915662650602,0.06896551724137931
O4,0.02,graph_social,0,0.02,0.018518518518518517
O4,0.02,random,0,0.06,0.05555555555555555
O4,0.02,greedy_walk,0,0.0,0.0
O4,0.02,gp_ei,0,0.0,0.0
O4,0.02,ensemble_ts,0,0.0,0.0
O4,0.02,de,0,0.08,0.09259259259259259
O4,0.02,pso,0,0.08,0.07407407407407407
O4,0.02,ga,0,0.08,0.07407407407407407
O4,0.02,social_ws,0,0.0,0.0
O4,0.02,static_diverse,0,0.0,0.0
O4,0.02,cmaes,0,0.0,0.0
O4,0.02,graph_social,1,0.0,0.0
O4,0.02,random,1,0.0,0.0
O4,0.02,greedy_walk,1,0.0,0.0
O4,0.02,gp_ei,1,0.02,0.018518518518518517
O4,0.02,ensemble_ts,1,0.34,0.3148148148148148
O4,0.02,de,1,0.06,0.09259259259259259
O4,0.02,pso,1,0.06,0.05555555555555555
O4,0.02,ga,1,0.0,0.0
O4,0.02,social_ws,1,0.04,0.037037037037037035
O4,0.02,static_diverse,1,0.0,0.0
O4,0.02,cmaes,1,0.06,0.05555555555555555
O4,0.02,graph_social,2,0.0,0.0
O4,0.02,random,2,0.02,0.018518518518518517
O4,0.02,greedy_walk,2,0.0,0.0
O4,0.02,gp_ei,2,0.16,0.14814814814814814
O4,0.02,ensemble_ts,2,0.06,0.05555555555555555
O4,0.02,de,2,0.02,0.018518518518518517
O4,0.02,pso,2,0.02,0.018518518518518517
O4,0.02,ga,2,0.0,0.0
O4,0.02,social_ws,2,0.0,0.0
O4,0.02,static_diverse,2,0.0,0.0
O4,0.02,cmaes,2,0.1,0.09259259259259259
O4,0.02,graph_social,3,0.0,0.0
O4,0.02,random,3,0.0,0.0
O4,0.02,greedy_walk,3,0.0,0.0
O4,0.02,gp_ei,3,0.0,0.0
O4,0.02,ensemble_ts,3,0.24,0.24074074074074073
O4,0.02,de,3,0.04,0.05555555555555555
O4,0.02,pso,3,0.06,0.07407407407407407
O4,0.02,ga,3,0.02,0.018518518518518517
O4,0.02,social_ws,3,0.0,0.0
O4,0.02,static_diverse,3,0.0,0.0
O4,0.02,cmaes,3,0.1,0.09259259259259259
O4,0.02,graph_social,4,0.02,0.018518518518518517
O4,0.02,random,4,0.06,0.05555555555555555
O4,0.02,greedy_walk,4,0.02,0.018518518518518517
O4,0.02,gp_ei,4,0.08,0.07407407407407407
O4,0.02,ensemble_ts,4,0.34,0.3148148148148148
O4,0.02,de,4,0.14,0.14814814814814814
O4,0.02,pso,4,0.26,0.25925925925925924
O4,0.02,ga,4,0.12,0.1111111111111111
O4,0.02,social_ws,4,0.06,0.05555555555555555
O4,0.02,static_diverse,4,0.02,0.018518518518518517
O4,0.02,cmaes,4,0.16,0.14814814814814814
O4,0.02,graph_social,5,0.04,0.037037037037037035
O4,0.02,random,5,0.06,0.05555555555555555
O4,0.02,greedy_walk,5,0.0,0.0
O4,0.02,gp_ei,5,0.06,0.07407407407407407
O4,0.02,ensemble_ts,5,0.16,0.14814814814814814
O4,0.02,de,5,0.08,0.07407407407407407
O4,0.02,pso,5,0.02,0.018518518518518517
O4,0.02,ga,5,0.02,0.018518518518518517
O4,0.02,social_ws,5,0.0,0.0
O4,0.02,static_diverse,5,0.0,0.0
O4,0.02,cmaes,5,0.06,0.05555555555555555
O4,0.02,graph_social,6,0.02,0.018518518518518517
O4,0.02,random,6,0.04,0.037037037037037035
O4,0.02,greedy_walk,6,0.0,0.0
O4,0.02,gp_ei,6,0.2,0.18518518518518517
O4,0.02,ensemble_ts,6,0.02,0.018518518518518517
O4,0.02,de,6,0.06,0.07407407407407407
O4,0.02,pso,6,0.22,0.2037037037037037
O4,0.02,ga,6,0.08,0.07407407407407407
O4,0.02,social_ws,6,0.04,0.037037037037037035
O4,0.02,static_diverse,6,0.0,0.0
O4,0.02,cmaes,6,0.1,0.09259259259259259
O4,0.02,graph_social,7,0.0,0.0
O4,0.02,random,7,0.02,0.018518518518518517
O4,0.02,greedy_walk,7,0.0,0.0
O4,0.02,gp_ei,7,0.04,0.037037037037037035
O4,0.02,ensemble_ts,7,0.1,0.09259259259259259
O4,0.02,de,7,0.04,0.05555555555555555
O4,0.02,pso,7,0.06,0.07407407407407407
O4,0.02,ga,7,0.14,0.14814814814814814
O4,0.02,social_ws,7,0.0,0.0
O4,0.02,static_diverse,7,0.02,0.018518518518518517
O4,0.02,cmaes,7,0.12,0.1111111111111111
O4,0.02,graph_social,8,0.0,0.0
O4,0.02,random,8,0.0,0.0
O4,0.02,greedy_walk,8,0.0,0.0
O4,0.02,gp_ei,8,0.16,0.14814814814814814
O4,0.02,ensemble_ts,8,0.4,0.3888888888888889
O4,0.02,de,8,0.04,0.05555555555555555
O4,0.02,pso,8,0.12,0.1111111111111111
O4,0.02,ga,8,0.06,0.05555555555555555
O4,0.02,social_ws,8,0.0,0.0
O4,0.02,static_diverse,8,0.0,0.0
O4,0.02,cmaes,8,0.14,0.12962962962962962
O4,0.02,graph_social,9,0.16,0.16666666666666666
O4,0.02,random,9,0.0,0.0
O4,0.02,greedy_walk,9,0.22,0.2037037037037037
O4,0.02,gp_ei,9,0.12,0.1111111111111111
O4,0.02,ensemble_ts,9,0.36,0.3333333333333333
O4,0.02,de,9,0.16,0.16666666666666666
O4,0.02,pso,9,0.26,0.24074074074074073
O4,0.02,ga,9,0.14,0.14814814814814814
O4,0.02,social_ws,9,0.0,0.0
O4,0.02,static_diverse,9,0.0,0.0
O4,0.02,cmaes,9,0.16,0.14814814814814814
O4,0.02,graph_social,10,0.02,0.018518518518518517
O4,0.02,random,10,0.02,0.018518518518518517
O4,0.02,greedy_walk,10,0.2,0.18518518518518517
O4,0.02,gp_ei,10,0.16,0.14814814814814814
O4,0.02,ensemble_ts,10,0.34,0.3333333333333333
O4,0.02,de,10,0.16,0.14814814814814814
O4,0.02,pso,10,0.16,0.14814814814814814
O4,0.02,ga,10,0.0,0.0
O4,0.02,social_ws,10,0.04,0.037037037037037035
O4,0.02,static_diverse,10,0.0,0.0
O4,0.02,cmaes,10,0.02,0.018518518518518517
O4,0.02,graph_social,11,0.12,0.1111111111111111
O4,0.02,random,11,0.02,0.018518518518518517
O4,0.02,greedy_walk,11,0.0,0.0
O4,0.02,gp_ei,11,0.02,0.018518518518518517
O4,0.02,ensemble_ts,11,0.04,0.037037037037037035
O4,0.02,de,11,0.08,0.07407407407407407
O4,0.02,pso,11,0.22,0.2037037037037037
O4,0.02,ga,11,0.14,0.12962962962962962
O4,0.02,social_ws,11,0.0,0.0
O4,0.02,static_diverse,11,0.0,0.0
O4,0.02,cmaes,11,0.12,0.1111111111111111
O4,0.02,graph_social,12,0.04,0.037037037037037035
O4,0.02,random,12,0.02,0.018518518518518517
O4,0.02,greedy_walk,12,0.0,0.0
O4,0.02,gp_ei,12,0.14,0.12962962962962962
O4,0.02,ensemble_ts,12,0.08,0.07407407407407407
O4,0.02,de,12,0.0,0.0
O4,0.02,pso,12,0.2,0.18518518518518517
O4,0.02,ga,12,0.08,0.07407407407407407
O4,0.02,social_ws,12,0.0,0.0
O4,0.02,static_diverse,12,0.0,0.0
O4,0.02,cmaes,12,0.1,0.09259259259259259
O4,0.02,graph_social,13,0.0,0.0
O4,0.02,random,13,0.02,0.018518518518518517
O4,0.02,greedy_walk,13,0.0,0.0
O4,0.02,gp_ei,13,0.08,0.07407407407407407
O4,0.02,ensemble_ts,13,0.22,0.2037037037037037
O4,0.02,de,13,0.02,0.018518518518518517
O4,0.02,pso,13,0.22,0.2037037037037037
O4,0.02,ga,13,0.08,0.07407407407407407
O4,0.02,social_ws,13,0.08,0.07407407407407407
O4,0.02,static_diverse,13,0.0,0.0
O4,0.02,cmaes,13,0.1,0.09259259259259259
O4,0.02,graph_social,14,0.0,0.0
O4,0.02,random,14,0.02,0.018518518518518517
O4,0.02,greedy_walk,14,0.0,0.0
O4,0.02,gp_ei,14,0.1,0.09259259259259259
O4,0.02,ensemble_ts,14,0.22,0.2037037037037037
O4,0.02,de,14,0.02,0.018518518518518517
O4,0.02,pso,14,0.2,0.18518518518518517
O4,0.02,ga,14,0.0,0.0
O4,0.02,social_ws,14,0.0,0.0
O4,0.02,static_diverse,14,0.02,0.018518518518518517
O4,0.02,cmaes,14,0.1,0.09259259259259259
O4,0.02,graph_social,15,0.0,0.0
O4,0.02,random,15,0.04,0.037037037037037035
O4,0.02,greedy_walk,15,0.0,0.0
O4,0.02,gp_ei,15,0.0,0.0
O4,0.02,ensemble_ts,15,0.2,0.18518518518518517
O4,0.02,de,15,0.1,0.09259259259259259
O4,0.02,pso,15,0.22,0.2037037037037037
O4,0.02,ga,15,0.06,0.05555555555555555
O4,0.02,social_ws,15,0.0,0.0
O4,0.02,static_diverse,15,0.0,0.0
O4,0.02,cmaes,15,0.1,0.09259259259259259
O4,0.02,graph_social,16,0.0,0.0
O4,0.02,random,16,0.04,0.037037037037037035
O4,0.02,greedy_walk,16,0.06,0.07407407407407407
O4,0.02,gp_ei,16,0.04,0.037037037037037035
O4,0.02,ensemble_ts,16,0.22,0.2037037037037037
O4,0.02,de,16,0.0,0.0
O4,0.02,pso,16,0.08,0.07407407407407407
O4,0.02,ga,16,0.02,0.018518518518518517
O4,0.02,social_ws,16,0.0,0.0
O4,0.02,static_diverse,16,0.0,0.0
O4,0.02,cmaes,16,0.16,0.14814814814814814
O4,0.02,graph_social,17,0.0,0.0
O4,0.02,random,17,0.06,0.05555555555555555
O4,0.02,greedy_walk,17,0.06,0.07407407407407407
O4,0.02,gp_ei,17,0.04,0.037037037037037035
O4,0.02,ensemble_ts,17,0.16,0.14814814814814814
O4,0.02,de,17,0.06,0.07407407407407407
O4,0.02,pso,17,0.08,0.09259259259259259
O4,0.02,ga,17,0.22,0.2037037037037037
O4,0.02,social_ws,17,0.0,0.0
O4,0.02,static_diverse,17,0.02,0.018518518518518517
O4,0.02,cmaes,17,0.08,0.07407407407407407
O4,0.02,graph_social,18,0.0,0.0
O4,0.02,random,18,0.0,0.0
O4,0.02,greedy_walk,18,0.0,0.0
O4,0.02,gp_ei,18,0.08,0.07407407407407407
O4,0.02,ensemble_ts,18,0.04,0.037037037037037035
O4,0.02,de,18,0.04,0.037037037037037035
O4,0.02,pso,18,0.18,0.18518518518518517
O4,0.02,ga,18,0.16,0.16666666666666666
O4,0.02,social_ws,18,0.0,0.0
O4,0.02,static_diverse,18,0.02,0.018518518518518517
O4,0.02,cmaes,18,0.14,0.12962962962962962
O4,0.02,graph_social,19,0.0,0.0
O4,0.02,random,19,0.06,0.05555555555555555
O4,0.02,greedy_walk,19,0.0,0.0
O4,0.02,gp_ei,19,0.14,0.14814814814814814
O4,0.02,ensemble_ts,19,0.2,0.2037037037037037
O4,0.02,de,19,0.0,0.0
O4,0.02,pso,19,0.02,0.018518518518518517
O4,0.02,ga,19,0.04,0.037037037037037035
O4,0.02,social_ws,19,0.0,0.0
O4,0.02,static_diverse,19,0.0,0.0
O4,0.02,cmaes,19,0.1,0.09259259259259259
O4,0.02,graph_social,20,0.04,0.037037037037037035
O4,0.02,random,20,0.08,0.07407407407407407
O4,0.02,greedy_walk,20,0.0,0.0
O4,0.02,gp_ei,20,0.04,0.037037037037037035
O4,0.02,ensemble_ts,20,0.08,0.07407407407407407
O4,0.02,de,20,0.0,0.0
O4,0.02,pso,20,0.04,0.05555555555555555
O4,0.02,ga,20,0.02,0.018518518518518517
O4,0.02,social_ws,20,0.0,0.0
O4,0.02,static_diverse,20,0.0,0.0
O4,0.02,cmaes,20,0.16,0.14814814814814814
O4,0.02,graph_social,21,0.0,0.0
O4,0.02,random,21,0.02,0.018518518518518517
O4,0.02,greedy_walk,21,0.0,0.0
O4,0.02,gp_ei,21,0.2,0.18518518518518517
O4,0.02,ensemble_ts,21,0.24,0.2222222222222222
O4,0.02,de,21,0.26,0.25925925925925924
O4,0.02,pso,21,0.2,0.18518518518518517
O4,0.02,ga,21,0.2,0.18518518518518517
O4,0.02,social_ws,21,0.0,0.0
O4,0.02,static_diverse,21,0.0,0.0
O4,0.02,cmaes,21,0.18,0.16666666666666666
O4,0.02,graph_social,22,0.0,0.0
O4,0.02,random,22,0.0,0.0
O4,0.02,greedy_walk,22,0.0,0.0
O4,0.02,gp_ei,22,0.22,0.2037037037037037
O4,0.02,ensemble_ts,22,0.38,0.35185185185185186
O4,0.02,de,22,0.14,0.12962962962962962
O4,0.02,pso,22,0.22,0.2037037037037037
O4,0.02,ga,22,0.14,0.12962962962962962
O4,0.02,social_ws,22,0.0,0.0
O4,0.02,static_diverse,22,0.0,0.0
O4,0.02,cmaes,22,0.16,0.14814814814814814
O4,0.02,graph_social,23,0.02,0.018518518518518517
O4,0.02,random,23,0.0,0.0
O4,0.02,greedy_walk,23,0.0,0.0
O4,0.02,gp_ei,23,0.16,0.14814814814814814
O4,0.02,ensemble_ts,23,0.3,0.2777777777777778
O4,0.02,de,23,0.14,0.14814814814814814
O4,0.02,pso,23,0.24,0.24074074074074073
O4,0.02,ga,23,0.04,0.037037037037037035
O4,0.02,social_ws,23,0.04,0.037037037037037035
O4,0.02,static_diverse,23,0.0,0.0
O4,0.02,cmaes,23,0.2,0.18518518518518517
O4,0.02,graph_social,24,0.08,0.07407407407407407
O4,0.02,random,24,0.04,0.037037037037037035
O4,0.02,greedy_walk,24,0.08,0.07407407407407407
O4,0.02,gp_ei,24,0.16,0.14814814814814814
O4,0.02,ensemble_ts,24,0.22,0.2037037037037037
O4,0.02,de,24,0.16,0.14814814814814814
O4,0.02,pso,24,0.2,0.18518518518518517
O4,0.02,ga,24,0.08,0.07407407407407407
O4,0.02,social_ws,24,0.06,0.05555555555555555
O4,0.02,static_diverse,24,0.02,0.018518518518518517
O4,0.02,cmaes,24,0.12,0.1111111111111111
O4,0.02,graph_social,25,0.02,0.018518518518518517
O4,0.02,random,25,0.04,0.037037037037037035
O4,0.02,greedy_walk,25,0.0,0.0
O4,0.02,gp_ei,25,0.1,0.09259259259259259
O4,0.02,ensemble_ts,25,0.2,0.18518518518518517
O4,0.02,de,25,0.12,0.1111111111111111
O4,0.02,pso,25,0.22,0.2222222222222222
O4,0.02,ga,25,0.04,0.037037037037037035
O4,0.02,social_ws,25,0.0,0.0
O4,0.02,static_diverse,25,0.0,0.0
O4,0.02,cmaes,25,0.08,0.07407407407407407
O4,0.02,graph_social,26,0.08,0.07407407407407407
O4,0.02,random,26,0.02,0.018518518518518517
O4,0.02,greedy_walk,26,0.24,0.2222222222222222
O4,0.02,gp_ei,26,0.2,0.18518518518518517
O4,0.02,ensemble_ts,26,0.24,0.2222222222222222
O4,0.02,de,26,0.12,0.1111111111111111
O4,0.02,pso,26,0.2,0.18518518518518517
O4,0.02,ga,26,0.14,0.12962962962962962
O4,0.02,social_ws,26,0.14,0.14814814814814814
O4,0.02,static_diverse,26,0.02,0.018518518518518517
O4,0.02,cmaes,26,0.16,0.14814814814814814
O4,0.02,graph_social,27,0.06,0.05555555555555555
O4,0.02,random,27,0.02,0.018518518518518517
O4,0.02,greedy_walk,27,0.0,0.0
O4,0.02,gp_ei,27,0.04,0.037037037037037035
O4,0.02,ensemble_ts,27,0.22,0.2222222222222222
O4,0.02,de,27,0.18,0.18518518518518517
O4,0.02,pso,27,0.24,0.24074074074074073
O4,0.02,ga,27,0.06,0.05555555555555555
O4,0.02,social_ws,27,0.06,0.05555555555555555
O4,0.02,static_diverse,27,0.0,0.0
O4,0.02,cmaes,27,0.16,0.14814814814814814
O4,0.02,graph_social,28,0.0,0.0
O4,0.02,random,28,0.02,0.018518518518518517
O4,0.02,greedy_walk,28,0.0,0.0
O4,0.02,gp_ei,28,0.08,0.07407407407407407
O4,0.02,ensemble_ts,28,0.26,0.24074074074074073
O4,0.02,de,28,0.0,0.0
O4,0.02,pso,28,0.14,0.12962962962962962
O4,0.02,ga,28,0.0,0.0
O4,0.02,social_ws,28,0.0,0.0
O4,0.02,static_diverse,28,0.02,0.018518518518518517
O4,0.02,cmaes,28,0.12,0.1111111111111111
O4,0.02,graph_social,29,0.0,0.0
O4,0.02,random,29,0.02,0.018518518518518517
O4,0.02,greedy_walk,29,0.0,0.0
O4,0.02,gp_ei,29,0.02,0.018518518518518517
O4,0.02,ensemble_ts,29,0.14,0.14814814814814814
O4,0.02,de,29,0.04,0.05555555555555555
O4,0.02,pso,29,0.08,0.09259259259259259
O4,0.02,ga,29,0.02,0.037037037037037035
O4,0.02,social_ws,29,0.08,0.07407407407407407
O4,0.02,static_diverse,29,0.0,0.0
O4,0.02,cmaes,29,0.02,0.037037037037037035
O4,0.05,graph_social,0,0.08,0.07407407407407407
O4,0.05,random,0,0.14,0.12962962962962962
O4,0.05,greedy_walk,0,0.0,0.0
O4,0.05,gp_ei,0,0.3,0.2777777777777778
O4,0.05,ensemble_ts,0,0.38,0.35185185185185186
O4,0.05,de,0,0.2,0.2037037037037037
O4,0.05,pso,0,0.28,0.2777777777777778
O4,0.05,ga,0,0.14,0.12962962962962962
O4,0.05,social_ws,0,0.0,0.0
O4,0.05,static_diverse,0,0.04,0.037037037037037035
O4,0.05,cmaes,0,0.12,0.1111111111111111
O4,0.05,graph_social,1,0.1,0.09259259259259259
O4,0.05,random,1,0.04,0.037037037037037035
O4,0.05,greedy_walk,1,0.0,0.0
O4,0.05,gp_ei,1,0.22,0.2037037037037037
O4,0.05,ensemble_ts,1,0.68,0.6666666666666666
O4,0.05,de,1,0.08,0.1111111111111111
O4,0.05,pso,1,0.34,0.3148148148148148
O4,0.05,ga,1,0.02,0.018518518518518517
O4,0.05,social_ws,1,0.06,0.05555555555555555
O4,0.05,static_diverse,1,0.02,0.018518518518518517
O4,0.05,cmaes,1,0.2,0.18518518518518517
O4,0.05,graph_social,2,0.02,0.018518518518518517
O4,0.05,random,2,0.04,0.037037037037037035
O4,0.05,greedy_walk,2,0.0,0.0
O4,0.05,gp_ei,2,0.36,0.3333333333333333
O4,0.05,ensemble_ts,2,0.48,0.4444444444444444
O4,0.05,de,2,0.1,0.09259259259259259
O4,0.05,pso,2,0.24,0.24074074074074073
O4,0.05,ga,2,0.08,0.07407407407407407
O4,0.05,social_ws,2,0.0,0.0
O4,0.05,static_diverse,2,0.06,0.05555555555555555
O4,0.05,cmaes,2,0.3,0.2777777777777778
O4,0.05,graph_social,3,0.0,0.0
O4,0.05,random,3,0.04,0.037037037037037035
O4,0.05,greedy_walk,3,0.0,0.0
O4,0.05,gp_ei,3,0.4,0.37037037037037035
O4,0.05,ensemble_ts,3,0.64,0.6296296296296297
O4,0.05,de,3,0.04,0.05555555555555555
O4,0.05,pso,3,0.42,0.42592592592592593
O4,0.05,ga,3,0.14,0.12962962962962962
O4,0.05,social_ws,3,0.0,0.0
O4,0.05,static_diverse,3,0.1,0.09259259259259259
O4,0.05,cmaes,3,0.28,0.25925925925925924
O4,0.05,graph_social,4,0.12,0.1111111111111111
O4,0.05,random,4,0.08,0.07407407407407407
O4,0.05,greedy_walk,4,0.04,0.037037037037037035
O4,0.05,gp_ei,4,0.44,0.4074074074074074
O4,0.05,ensemble_ts,4,0.62,0.5925925925925926
O4,0.05,de,4,0.34,0.3333333333333333
O4,0.05,pso,4,0.38,0.37037037037037035
O4,0.05,ga,4,0.2,0.18518518518518517
O4,0.05,social_ws,4,0.08,0.07407407407407407
O4,0.05,static_diverse,4,0.06,0.05555555555555555
O4,0.05,cmaes,4,0.32,0.2962962962962963
O4,0.05,graph_social,5,0.04,0.037037037037037035
O4,0.05,random,5,0.08,0.07407407407407407
O4,0.05,greedy_walk,5,0.0,0.0
O4,0.05,gp_ei,5,0.36,0.35185185185185186
O4,0.05,ensemble_ts,5,0.64,0.6111111111111112
O4,0.05,de,5,0.16,0.14814814814814814
O4,0.05,pso,5,0.26,0.24074074074074073
O4,0.05,ga,5,0.14,0.12962962962962962
O4,0.05,social_ws,5,0.0,0.0
O4,0.05,static_diverse,5,0.02,0.018518518518518517
O4,0.05,cmaes,5,0.06,0.05555555555555555
O4,0.05,graph_social,6,0.08,0.07407407407407407
O4,0.05,random,6,0.06,0.05555555555555555
O4,0.05,greedy_walk,6,0.26,0.24074074074074073
O4,0.05,gp_ei,6,0.5,0.46296296296296297
O4,0.05,ensemble_ts,6,0.4,0.37037037037037035
O4,0.05,de,6,0.1,0.1111111111111111
O4,0.05,pso,6,0.4,0.3888888888888889
O4,0.05,ga,6,0.24,0.2222222222222222
O4,0.05,social_ws,6,0.06,0.05555555555555555
O4,0.05,static_diverse,6,0.04,0.037037037037037035
O4,0.05,cmaes,6,0.14,0.12962962962962962
O4,0.05,graph_social,7,0.14,0.14814814814814814
O4,0.05,random,7,0.06,0.05555555555555555
O4,0.05,greedy_walk,7,0.0,0.0
O4,0.05,gp_ei,7,0.34,0.35185185185185186
O4,0.05,ensemble_ts,7,0.26,0.24074074074074073
O4,0.05,de,7,0.22,0.2222222222222222
O4,0.05,pso,7,0.2,0.2037037037037037
O4,0.05,ga,7,0.26,0.25925925925925924
O4,0.05,social_ws,7,0.0,0.0
O4,0.05,static_diverse,7,0.04,0.037037037037037035
O4,0.05,cmaes,7,0.28,0.25925925925925924
O4,0.05,graph_social,8,0.0,0.0
O4,0.05,random,8,0.1,0.09259259259259259
O4,0.05,greedy_walk,8,0.0,0.0
O4,0.05,gp_ei,8,0.38,0.35185185185185186
O4,0.05,ensemble_ts,8,0.64,0.6296296296296297
O4,0.05,de,8,0.3,0.3148148148148148
O4,0.05,pso,8,0.3,0.2777777777777778
O4,0.05,ga,8,0.22,0.2222222222222222
O4,0.05,social_ws,8,0.0,0.0
O4,0.05,static_diverse,8,0.04,0.037037037037037035
O4,0.05,cmaes,8,0.34,0.3148148148148148
O4,0.05,graph_social,9,0.12,0.1111111111111111
O4,0.05,random,9,0.04,0.037037037037037035
O4,0.05,greedy_walk,9,0.26,0.24074074074074073
O4,0.05,gp_ei,9,0.4,0.3888888888888889
O4,0.05,ensemble_ts,9,0.64,0.6296296296296297
O4,0.05,de,9,0.5,0.48148148148148145
O4,0.05,pso,9,0.52,0.48148148148148145
O4,0.05,ga,9,0.22,0.2222222222222222
O4,0.05,social_ws,9,0.02,0.018518518518518517
O4,0.05,static_diverse,9,0.04,0.037037037037037035
O4,0.05,cmaes,9,0.3,0.2777777777777778
O4,0.05,graph_social,10,0.12,0.1111111111111111
O4,0.05,random,10,0.08,0.07407407407407407
O4,0.05,greedy_walk,10,0.26,0.24074074074074073
O4,0.05,gp_ei,10,0.3,0.2777777777777778
O4,0.05,ensemble_ts,10,0.6,0.5925925925925926
O4,0.05,de,10,0.28,0.2777777777777778
O4,0.05,pso,10,0.36,0.3333333333333333
O4,0.05,ga,10,0.16,0.14814814814814814
O4,0.05,social_ws,10,0.08,0.07407407407407407
O4,0.05,static_diverse,10,0.04,0.037037037037037035
O4,0.05,cmaes,10,0.16,0.14814814814814814
O4,0.05,graph_social,11,0.12,0.1111111111111111
O4,0.05,random,11,0.04,0.037037037037037035
O4,0.05,greedy_walk,11,0.0,0.0
O4,0.05,gp_ei,11,0.38,0.35185185185185186
O4,0.05,ensemble_ts,11,0.58,0.5555555555555556
O4,0.05,de,11,0.38,0.35185185185185186
O4,0.05,pso,11,0.34,0.3333333333333333
O4,0.05,ga,11,0.32,0.2962962962962963
O4,0.05,social_ws,11,0.12,0.12962962962962962
O4,0.05,static_diverse,11,0.04,0.037037037037037035
O4,0.05,cmaes,11,0.4,0.3888888888888889
O4,0.05,graph_social,12,0.06,0.05555555555555555
O4,0.05,random,12,0.02,0.018518518518518517
O4,0.05,greedy_walk,12,0.0,0.0
O4,0.05,gp_ei,12,0.38,0.37037037037037035
O4,0.05,ensemble_ts,12,0.62,0.5740740740740741
O4,0.05,de,12,0.08,0.07407407407407407
O4,0.05,pso,12,0.28,0.25925925925925924
O4,0.05,ga,12,0.18,0.16666666666666666
O4,0.05,social_ws,12,0.0,0.0
O4,0.05,static_diverse,12,0.04,0.037037037037037035
O4,0.05,cmaes,12,0.12,0.1111111111111111
O4,0.05,graph_social,13,0.1,0.1111111111111111
O4,0.05,random,13,0.06,0.05555555555555555
O4,0.05,greedy_walk,13,0.0,0.0
O4,0.05,gp_ei,13,0.28,0.25925925925925924
O4,0.05,ensemble_ts,13,0.54,0.5
O4,0.05,de,13,0.12,0.1111111111111111
O4,0.05,pso,13,0.34,0.3333333333333333
O4,0.05,ga,13,0.14,0.12962962962962962
O4,0.05,social_ws,13,0.12,0.1111111111111111
O4,0.05,static_diverse,13,0.06,0.05555555555555555
O4,0.05,cmaes,13,0.22,0.2037037037037037
O4,0.05,graph_social,14,0.04,0.037037037037037035
O4,0.05,random,14,0.08,0.07407407407407407
O4,0.05,greedy_walk,14,0.0,0.0
O4,0.05,gp_ei,14,0.44,0.4074074074074074
O4,0.05,ensemble_ts,14,0.5,0.46296296296296297
O4,0.05,de,14,0.3,0.2777777777777778
O4,0.05,pso,14,0.52,0.5
O4,0.05,ga,14,0.0,0.0
O4,0.05,social_ws,14,0.0,0.0
O4,0.05,static_diverse,14,0.04,0.037037037037037035
O4,0.05,cmaes,14,0.32,0.2962962962962963
O4,0.05,graph_social,15,0.02,0.018518518518518517
O4,0.05,random,15,0.06,0.05555555555555555
O4,0.05,greedy_walk,15,0.0,0.0
O4,0.05,gp_ei,15,0.22,0.2222222222222222
O4,0.05,ensemble_ts,15,0.52,0.5
O4,0.05,de,15,0.28,0.25925925925925924
O4,0.05,pso,15,0.3,0.2962962962962963
O4,0.05,ga,15,0.12,0.1111111111111111
O4,0.05,social_ws,15,0.0,0.0
O4,0.05,static_diverse,15,0.04,0.037037037037037035
O4,0.05,cmaes,15,0.2,0.18518518518518517
O4,0.05,graph_social,16,0.0,0.0
O4,0.05,random,16,0.08,0.07407407407407407
O4,0.05,greedy_walk,16,0.06,0.07407407407407407
O4,0.05,gp_ei,16,0.3,0.2777777777777778
O4,0.05,ensemble_ts,16,0.62,0.5740740740740741
O4,0.05,de,16,0.08,0.07407407407407407
O4,0.05,pso,16,0.3,0.2777777777777778
O4,0.05,ga,16,0.14,0.12962962962962962
O4,0.05,social_ws,16,0.0,0.0
O4,0.05,static_diverse,16,0.04,0.037037037037037035
O4,0.05,cmaes,16,0.24,0.2222222222222222
O4,0.05,graph_social,17,0.12,0.12962962962962962
O4,0.05,random,17,0.16,0.14814814814814814
O4,0.05,greedy_walk,17,0.06,0.07407407407407407
O4,0.05,gp_ei,17,0.32,0.3148148148148148
O4,0.05,ensemble_ts,17,0.5,0.5
O4,0.05,de,17,0.4,0.4074074074074074
O4,0.05,pso,17,0.3,0.3148148148148148
O4,0.05,ga,17,0.3,0.2777777777777778
O4,0.05,social_ws,17,0.12,0.12962962962962962
O4,0.05,static_diverse,17,0.06,0.05555555555555555
O4,0.05,cmaes,17,0.12,0.1111111111111111
O4,0.05,graph_social,18,0.06,0.05555555555555555
O4,0.05,random,18,0.02,0.018518518518518517
O4,0.05,greedy_walk,18,0.0,0.0
O4,0.05,gp_ei,18,0.38,0.35185185185185186
O4,0.05,ensemble_ts,18,0.46,0.42592592592592593
O4,0.05,de,18,0.12,0.1111111111111111
O4,0.05,pso,18,0.42,0.4074074074074074
O4,0.05,ga,18,0.2,0.2037037037037037
O4,0.05,social_ws,18,0.0,0.0
O4,0.05,static_diverse,18,0.02,0.018518518518518517
O4,0.05,cmaes,18,0.22,0.2037037037037037
O4,0.05,graph_social,19,0.1,0.09259259259259259
O4,0.05,random,19,0.08,0.07407407407407407
O4,0.05,greedy_walk,19,0.0,0.0
O4,0.05,gp_ei,19,0.5,0.48148148148148145
O4,0.05,ensemble_ts,19,0.5,0.5
O4,0.05,de,19,0.18,0.18518518518518517
O4,0.05,pso,19,0.26,0.24074074074074073
O4,0.05,ga,19,0.34,0.3333333333333333
O4,0.05,social_ws,19,0.0,0.0
O4,0.05,static_diverse,19,0.06,0.05555555555555555
O4,0.05,cmaes,19,0.28,0.25925925925925924
O4,0.05,graph_social,20,0.06,0.05555555555555555
O4,0.05,random,20,0.1,0.09259259259259259
O4,0.05,greedy_walk,20,0.0,0.0
O4,0.05,gp_ei,20,0.18,0.16666666666666666
O4,0.05,ensemble_ts,20,0.54,0.5
O4,0.05,de,20,0.24,0.2222222222222222
O4,0.05,pso,20,0.18,0.18518518518518517
O4,0.05,ga,20,0.06,0.05555555555555555
O4,0.05,social_ws,20,0.0,0.0
O4,0.05,static_diverse,20,0.04,0.037037037037037035
O4,0.05,cmaes,20,0.28,0.25925925925925924
O4,0.05,graph_social,21,0.06,0.05555555555555555
O4,0.05,random,21,0.08,0.07407407407407407
O4,0.05,greedy_walk,21,0.0,0.0
O4,0.05,gp_ei,21,0.52,0.48148148148148145
O4,0.05,ensemble_ts,21,0.34,0.3148148148148148
O4,0.05,de,21,0.44,0.42592592592592593
O4,0.05,pso,21,0.34,0.3333333333333333
O4,0.05,ga,21,0.32,0.3148148148148148
O4,0.05,social_ws,21,0.12,0.12962962962962962
O4,0.05,static_diverse,21,0.06,0.05555555555555555
O4,0.05,cmaes,21,0.26,0.24074074074074073
O4,0.05,graph_social,22,0.16,0.16666666666666666
O4,0.05,random,22,0.02,0.018518518518518517
O4,0.05,greedy_walk,22,0.0,0.0
O4,0.05,gp_ei,22,0.36,0.3333333333333333
O4,0.05,ensemble_ts,22,0.64,0.6296296296296297
O4,0.05,de,22,0.36,0.35185185185185186
O4,0.05,pso,22,0.36,0.35185185185185186
O4,0.05,ga,22,0.24,0.2222222222222222
O4,0.05,social_ws,22,0.0,0.0
O4,0.05,static_diverse,22,0.06,0.05555555555555555
O4,0.05,cmaes,22,0.24,0.2222222222222222
O4,0.05,graph_social,23,0.2,0.2037037037037037
O4,0.05,random,23,0.06,0.05555555555555555
O4,0.05,greedy_walk,23,0.0,0.0
O4,0.05,gp_ei,23,0.56,0.5185185185185185
O4,0.05,ensemble_ts,23,0.68,0.6481481481481481
O4,0.05,de,23,0.34,0.35185185185185186
O4,0.05,pso,23,0.58,0.5555555555555556
O4,0.05,ga,23,0.16,0.14814814814814814
O4,0.05,social_ws,23,0.06,0.05555555555555555
O4,0.05,static_diverse,23,0.04,0.037037037037037035
O4,0.05,cmaes,23,0.3,0.2777777777777778
O4,0.05,graph_social,24,0.14,0.12962962962962962
O4,0.05,random,24,0.06,0.05555555555555555
O4,0.05,greedy_walk,24,0.08,0.07407407407407407
O4,0.05,gp_ei,24,0.42,0.3888888888888889
O4,0.05,ensemble_ts,24,0.58,0.5370370370370371
O4,0.05,de,24,0.34,0.3148148148148148
O4,0.05,pso,24,0.38,0.35185185185185186
O4,0.05,ga,24,0.16,0.14814814814814814
O4,0.05,social_ws,24,0.06,0.05555555555555555
O4,0.05,static_diverse,24,0.04,0.037037037037037035
O4,0.05,cmaes,24,0.14,0.12962962962962962
O4,0.05,graph_social,25,0.08,0.07407407407407407
O4,0.05,random,25,0.08,0.07407407407407407
O4,0.05,greedy_walk,25,0.06,0.05555555555555555
O4,0.05,gp_ei,25,0.42,0.3888888888888889
O4,0.05,ensemble_ts,25,0.56,0.5370370370370371
O4,0.05,de,25,0.28,0.25925925925925924
O4,0.05,pso,25,0.6,0.5740740740740741
O4,0.05,ga,25,0.16,0.14814814814814814
O4,0.05,social_ws,25,0.0,0.0
O4,0.05,static_diverse,25,0.02,0.018518518518518517
O4,0.05,cmaes,25,0.32,0.2962962962962963
O4,0.05,graph_social,26,0.08,0.09259259259259259
O4,0.05,random,26,0.06,0.05555555555555555
O4,0.05,greedy_walk,26,0.3,0.2777777777777778
O4,0.05,gp_ei,26,0.44,0.4074074074074074
O4,0.05,ensemble_ts,26,0.62,0.5925925925925926
O4,0.05,de,26,0.22,0.2037037037037037
O4,0.05,pso,26,0.3,0.2777777777777778
O4,0.05,ga,26,0.3,0.2777777777777778
O4,0.05,social_ws,26,0.16,0.16666666666666666
O4,0.05,static_diverse,26,0.04,0.037037037037037035
O4,0.05,cmaes,26,0.36,0.3333333333333333
O4,0.05,graph_social,27,0.06,0.07407407407407407
O4,0.05,random,27,0.06,0.05555555555555555
O4,0.05,greedy_walk,27,0.0,0.0
O4,0.05,gp_ei,27,0.36,0.3333333333333333
O4,0.05,ensemble_ts,27,0.6,0.5740740740740741
O4,0.05,de,27,0.34,0.35185185185185186
O4,0.05,pso,27,0.3,0.2962962962962963
O4,0.05,ga,27,0.26,0.24074074074074073
O4,0.05,social_ws,27,0.06,0.05555555555555555
O4,0.05,static_diverse,27,0.02,0.018518518518518517
O4,0.05,cmaes,27,0.4,0.37037037037037035
O4,0.05,graph_social,28,0.0,0.0
O4,0.05,random,28,0.06,0.05555555555555555
O4,0.05,greedy_walk,28,0.02,0.018518518518518517
O4,0.05,gp_ei,28,0.54,0.5
O4,0.05,ensemble_ts,28,0.66,0.6296296296296297
O4,0.05,de,28,0.0,0.0
O4,0.05,pso,28,0.5,0.48148148148148145
O4,0.05,ga,28,0.0,0.0
O4,0.05,social_ws,28,0.02,0.037037037037037035
O4,0.05,static_diverse,28,0.08,0.07407407407407407
O4,0.05,cmaes,28,0.22,0.2037037037037037
O4,0.05,graph_social,29,0.2,0.2222222222222222
O4,0.05,random,29,0.02,0.018518518518518517
O4,0.05,greedy_walk,29,0.0,0.0
O4,0.05,gp_ei,29,0.26,0.25925925925925924
O4,0.05,ensemble_ts,29,0.4,0.3888888888888889
O4,0.05,de,29,0.18,0.18518518518518517
O4,0.05,pso,29,0.38,0.3888888888888889
O4,0.05,ga,29,0.16,0.16666666666666666
O4,0.05,social_ws,29,0.12,0.1111111111111111
O4,0.05,static_diverse,29,0.06,0.05555555555555555
O4,0.05,cmaes,29,0.14,0.14814814814814814
