function,dim,version,method,seed,best,error
Ackley,30,original,"SOCIAL (repo, 60 agents)",0,6.3655051548646036,6.3655051548646036
Ackley,30,original,"SOCIAL (repo, 60 agents)",1,6.527203795762951,6.527203795762951
Ackley,30,original,"SOCIAL (repo, 60 agents)",2,8.224396552392577,8.224396552392577
Ackley,30,original,"SOCIAL (repo, 60 agents)",3,5.386024506227116,5.386024506227116
Ackley,30,original,"SOCIAL (repo, 60 agents)",4,8.644520082215818,8.644520082215818
Ackley,30,original,"SOCIAL (repo, 60 agents)",5,6.5678841725437,6.5678841725437
Ackley,30,original,"SOCIAL (repo, 60 agents)",6,5.563404313890906,5.563404313890906
Ackley,30,original,"SOCIAL (repo, 60 agents)",7,3.62354642987965,3.62354642987965
Ackley,30,original,"SOCIAL (repo, 60 agents)",8,7.467051647157874,7.467051647157874
Ackley,30,original,"SOCIAL (repo, 60 agents)",9,4.510217257979001,4.510217257979001
Ackley,30,shifted,"SOCIAL (repo, 60 agents)",0,19.49520713005926,19.49520713005926
Ackley,30,shifted,"SOCIAL (repo, 60 agents)",1,19.35198259484734,19.35198259484734
Ackley,30,shifted,"SOCIAL (repo, 60 agents)",2,19.46034956097305,19.46034956097305
Ackley,30,shifted,"SOCIAL (repo, 60 agents)",3,19.38200358391557,19.38200358391557
Ackley,30,shifted,"SOCIAL (repo, 60 agents)",4,19.633888868310436,19.633888868310436
Ackley,30,shifted,"SOCIAL (repo, 60 agents)",5,19.496511494145075,19.496511494145075
Ackley,30,shifted,"SOCIAL (repo, 60 agents)",6,19.444871636302967,19.444871636302967
Ackley,30,shifted,"SOCIAL (repo, 60 agents)",7,19.608155014291093,19.608155014291093
Ackley,30,shifted,"SOCIAL (repo, 60 agents)",8,19.573258221344556,19.573258221344556
Ackley,30,shifted,"SOCIAL (repo, 60 agents)",9,19.517534386412255,19.517534386412255
Branin,2,original,"SOCIAL (repo, 60 agents)",0,0.39788735823522003,-0.000112641764779986
Branin,2,original,"SOCIAL (repo, 60 agents)",1,0.397887358018405,-0.00011264198159499639
Branin,2,original,"SOCIAL (repo, 60 agents)",2,0.3978873584263152,-0.00011264157368484629
Branin,2,original,"SOCIAL (repo, 60 agents)",3,0.39788735864410185,-0.0001126413558981687
Branin,2,original,"SOCIAL (repo, 60 agents)",4,0.3978873592293031,-0.00011264077069694789
Branin,2,original,"SOCIAL (repo, 60 agents)",5,0.39788735783977813,-0.00011264216022188744
Branin,2,original,"SOCIAL (repo, 60 agents)",6,0.39788735934072506,-0.00011264065927496514
Branin,2,original,"SOCIAL (repo, 60 agents)",7,0.3978873579172575,-0.00011264208274253118
Branin,2,original,"SOCIAL (repo, 60 agents)",8,0.3978873578635742,-0.00011264213642581122
Branin,2,original,"SOCIAL (repo, 60 agents)",9,0.39788735954912546,-0.0001126404508745571
Camel-Back,2,original,"SOCIAL (repo, 60 agents)",0,-1.031628453386908,-2.8453386907933975e-05
Camel-Back,2,original,"SOCIAL (repo, 60 agents)",1,-1.0316284520258412,-2.8452025841119166e-05
Camel-Back,2,original,"SOCIAL (repo, 60 agents)",2,-1.0316284532126307,-2.8453212630674685e-05
Camel-Back,2,original,"SOCIAL (repo, 60 agents)",3,-1.0316284509264666,-2.8450926466527804e-05
Camel-Back,2,original,"SOCIAL (repo, 60 agents)",4,-1.0316284533942457,-2.845339424561999e-05
Camel-Back,2,original,"SOCIAL (repo, 60 agents)",5,-1.0316284532834712,-2.8453283471119306e-05
Camel-Back,2,original,"SOCIAL (repo, 60 agents)",6,-1.0316284533989213,-2.8453398921213235e-05
Camel-Back,2,original,"SOCIAL (repo, 60 agents)",7,-1.0316284525233805,-2.8452523380462225e-05
Camel-Back,2,original,"SOCIAL (repo, 60 agents)",8,-1.0316284352600373,-2.8435260037262822e-05
Camel-Back,2,original,"SOCIAL (repo, 60 agents)",9,-1.031628453347446,-2.8453347445944743e-05
Foxholes,2,original,"SOCIAL (repo, 60 agents)",0,0.4722058238260222,-0.5257941761739777
Foxholes,2,original,"SOCIAL (repo, 60 agents)",1,0.47220582382717996,-0.52579417617282
Foxholes,2,original,"SOCIAL (repo, 60 agents)",2,0.47220582375864567,-0.5257941762413543
Foxholes,2,original,"SOCIAL (repo, 60 agents)",3,0.4722058237431292,-0.5257941762568707
Foxholes,2,original,"SOCIAL (repo, 60 agents)",4,0.47220582372897946,-0.5257941762710205
Foxholes,2,original,"SOCIAL (repo, 60 agents)",5,0.4722058237429248,-0.5257941762570753
Foxholes,2,original,"SOCIAL (repo, 60 agents)",6,0.4722058237622109,-0.5257941762377891
Foxholes,2,original,"SOCIAL (repo, 60 agents)",7,0.4722058243403348,-0.5257941756596651
Foxholes,2,original,"SOCIAL (repo, 60 agents)",8,0.47220582372805747,-0.5257941762719425
Foxholes,2,original,"SOCIAL (repo, 60 agents)",9,0.4722058237277248,-0.5257941762722752
Goldstein-Price,2,original,"SOCIAL (repo, 60 agents)",0,3.0000000039872017,3.987201679933605e-09
Goldstein-Price,2,original,"SOCIAL (repo, 60 agents)",1,3.0000000001675016,1.6750156817124662e-10
Goldstein-Price,2,original,"SOCIAL (repo, 60 agents)",2,3.0000000046456576,4.645657636359601e-09
Goldstein-Price,2,original,"SOCIAL (repo, 60 agents)",3,3.000000030785435,3.0785435090052715e-08
Goldstein-Price,2,original,"SOCIAL (repo, 60 agents)",4,3.0000000054222924,5.422292392864847e-09
Goldstein-Price,2,original,"SOCIAL (repo, 60 agents)",5,3.0000000054907336,5.490733645530099e-09
Goldstein-Price,2,original,"SOCIAL (repo, 60 agents)",6,3.000000003039274,3.039274165672623e-09
Goldstein-Price,2,original,"SOCIAL (repo, 60 agents)",7,3.0000001049742533,1.0497425328992449e-07
Goldstein-Price,2,original,"SOCIAL (repo, 60 agents)",8,3.000000023054717,2.305471680230653e-08
Goldstein-Price,2,original,"SOCIAL (repo, 60 agents)",9,3.000000004675408,4.675408060705877e-09
Griewank,30,original,"SOCIAL (repo, 60 agents)",0,1.0826882677757437,1.0826882677757437
Griewank,30,original,"SOCIAL (repo, 60 agents)",1,1.0645223601871188,1.0645223601871188
Griewank,30,original,"SOCIAL (repo, 60 agents)",2,1.0172317667389899,1.0172317667389899
Griewank,30,original,"SOCIAL (repo, 60 agents)",3,1.0655343710250837,1.0655343710250837
Griewank,30,original,"SOCIAL (repo, 60 agents)",4,1.093351335136573,1.093351335136573
Griewank,30,original,"SOCIAL (repo, 60 agents)",5,1.047341137987251,1.047341137987251
Griewank,30,original,"SOCIAL (repo, 60 agents)",6,1.0730009867050874,1.0730009867050874
Griewank,30,original,"SOCIAL (repo, 60 agents)",7,1.0756024855539266,1.0756024855539266
Griewank,30,original,"SOCIAL (repo, 60 agents)",8,1.1945706897204647,1.1945706897204647
Griewank,30,original,"SOCIAL (repo, 60 agents)",9,1.0046873801989054,1.0046873801989054
Griewank,30,shifted,"SOCIAL (repo, 60 agents)",0,34.95297371111715,34.95297371111715
Griewank,30,shifted,"SOCIAL (repo, 60 agents)",1,53.47178520587295,53.47178520587295
Griewank,30,shifted,"SOCIAL (repo, 60 agents)",2,26.601665361992893,26.601665361992893
Griewank,30,shifted,"SOCIAL (repo, 60 agents)",3,36.25520912226941,36.25520912226941
Griewank,30,shifted,"SOCIAL (repo, 60 agents)",4,19.551761183754557,19.551761183754557
Griewank,30,shifted,"SOCIAL (repo, 60 agents)",5,20.329835383785493,20.329835383785493
Griewank,30,shifted,"SOCIAL (repo, 60 agents)",6,50.722622273478116,50.722622273478116
Griewank,30,shifted,"SOCIAL (repo, 60 agents)",7,17.981050765966405,17.981050765966405
Griewank,30,shifted,"SOCIAL (repo, 60 agents)",8,42.86781831051905,42.86781831051905
Griewank,30,shifted,"SOCIAL (repo, 60 agents)",9,32.19879919798061,32.19879919798061
Hartman,3,original,"SOCIAL (repo, 60 agents)",0,-3.845442289869421,0.014557710130578716
Hartman,3,original,"SOCIAL (repo, 60 agents)",1,-3.8594238675595935,0.0005761324404063295
Hartman,3,original,"SOCIAL (repo, 60 agents)",2,-3.8308239805358903,0.029176019464109526
Hartman,3,original,"SOCIAL (repo, 60 agents)",3,-3.8558491435498596,0.004150856450140239
Hartman,3,original,"SOCIAL (repo, 60 agents)",4,-3.853361962761325,0.006638037238674954
Hartman,3,original,"SOCIAL (repo, 60 agents)",5,-3.858088927360175,0.00191107263982504
Hartman,3,original,"SOCIAL (repo, 60 agents)",6,-3.8550816619330934,0.004918338066906447
Hartman,3,original,"SOCIAL (repo, 60 agents)",7,-3.849701618222303,0.010298381777696708
Hartman,3,original,"SOCIAL (repo, 60 agents)",8,-3.8232304503009518,0.03676954969904811
Hartman,3,original,"SOCIAL (repo, 60 agents)",9,-3.8080987835679885,0.0519012164320114
Kowalik,4,original,"SOCIAL (repo, 60 agents)",0,0.0021910579511680256,0.0018835579511680255
Kowalik,4,original,"SOCIAL (repo, 60 agents)",1,0.002339341059676741,0.002031841059676741
Kowalik,4,original,"SOCIAL (repo, 60 agents)",2,0.0017229443810617146,0.0014154443810617146
Kowalik,4,original,"SOCIAL (repo, 60 agents)",3,0.00505123069536023,0.00474373069536023
Kowalik,4,original,"SOCIAL (repo, 60 agents)",4,0.0021919684691856394,0.0018844684691856394
Kowalik,4,original,"SOCIAL (repo, 60 agents)",5,0.0018161758925021663,0.0015086758925021663
Kowalik,4,original,"SOCIAL (repo, 60 agents)",6,0.0030622688681486727,0.0027547688681486726
Kowalik,4,original,"SOCIAL (repo, 60 agents)",7,0.001319057450520126,0.001011557450520126
Kowalik,4,original,"SOCIAL (repo, 60 agents)",8,0.00482532364951352,0.00451782364951352
Kowalik,4,original,"SOCIAL (repo, 60 agents)",9,0.0021698142750017327,0.0018623142750017327
Penalized,30,original,"SOCIAL (repo, 60 agents)",0,1.7157988424689958,1.7157988424689958
Penalized,30,original,"SOCIAL (repo, 60 agents)",1,1.968033041051888,1.968033041051888
Penalized,30,original,"SOCIAL (repo, 60 agents)",2,5.96419852636533,5.96419852636533
Penalized,30,original,"SOCIAL (repo, 60 agents)",3,4.088930991129412,4.088930991129412
Penalized,30,original,"SOCIAL (repo, 60 agents)",4,6.106056853362546,6.106056853362546
Penalized,30,original,"SOCIAL (repo, 60 agents)",5,1.8424210481513248,1.8424210481513248
Penalized,30,original,"SOCIAL (repo, 60 agents)",6,2.9810329190549054,2.9810329190549054
Penalized,30,original,"SOCIAL (repo, 60 agents)",7,3.0397973365554662,3.0397973365554662
Penalized,30,original,"SOCIAL (repo, 60 agents)",8,2.078489738356558,2.078489738356558
Penalized,30,original,"SOCIAL (repo, 60 agents)",9,2.754967122697796,2.754967122697796
Penalized,30,shifted,"SOCIAL (repo, 60 agents)",0,120407.6128777158,120407.6128777158
Penalized,30,shifted,"SOCIAL (repo, 60 agents)",1,338759.04617698496,338759.04617698496
Penalized,30,shifted,"SOCIAL (repo, 60 agents)",2,379794.7619893158,379794.7619893158
Penalized,30,shifted,"SOCIAL (repo, 60 agents)",3,201177.34144937742,201177.34144937742
Penalized,30,shifted,"SOCIAL (repo, 60 agents)",4,217397.12640982322,217397.12640982322
Penalized,30,shifted,"SOCIAL (repo, 60 agents)",5,632000.397128448,632000.397128448
Penalized,30,shifted,"SOCIAL (repo, 60 agents)",6,928425.6311891841,928425.6311891841
Penalized,30,shifted,"SOCIAL (repo, 60 agents)",7,138211.22306229413,138211.22306229413
Penalized,30,shifted,"SOCIAL (repo, 60 agents)",8,230932.38460158923,230932.38460158923
Penalized,30,shifted,"SOCIAL (repo, 60 agents)",9,320845.77247121144,320845.77247121144
Penalized2,30,original,"SOCIAL (repo, 60 agents)",0,11.1401040842912,11.1401040842912
Penalized2,30,original,"SOCIAL (repo, 60 agents)",1,18.6511580940307,18.6511580940307
Penalized2,30,original,"SOCIAL (repo, 60 agents)",2,1.756494181821513,1.756494181821513
Penalized2,30,original,"SOCIAL (repo, 60 agents)",3,18.22415897980378,18.22415897980378
Penalized2,30,original,"SOCIAL (repo, 60 agents)",4,1.498394194880815,1.498394194880815
Penalized2,30,original,"SOCIAL (repo, 60 agents)",5,8.877854220924936,8.877854220924936
Penalized2,30,original,"SOCIAL (repo, 60 agents)",6,4.159009870795214,4.159009870795214
Penalized2,30,original,"SOCIAL (repo, 60 agents)",7,6.546089353157948,6.546089353157948
Penalized2,30,original,"SOCIAL (repo, 60 agents)",8,31.750529010640342,31.750529010640342
Penalized2,30,original,"SOCIAL (repo, 60 agents)",9,31.336736160226586,31.336736160226586
Penalized2,30,shifted,"SOCIAL (repo, 60 agents)",0,18679.2583590092,18679.2583590092
Penalized2,30,shifted,"SOCIAL (repo, 60 agents)",1,66100.3175654575,66100.3175654575
Penalized2,30,shifted,"SOCIAL (repo, 60 agents)",2,39071.09550062291,39071.09550062291
Penalized2,30,shifted,"SOCIAL (repo, 60 agents)",3,14983.433408680212,14983.433408680212
Penalized2,30,shifted,"SOCIAL (repo, 60 agents)",4,13630.574746630507,13630.574746630507
Penalized2,30,shifted,"SOCIAL (repo, 60 agents)",5,36983.472153942355,36983.472153942355
Penalized2,30,shifted,"SOCIAL (repo, 60 agents)",6,62514.16394047629,62514.16394047629
Penalized2,30,shifted,"SOCIAL (repo, 60 agents)",7,81167.77694399211,81167.77694399211
Penalized2,30,shifted,"SOCIAL (repo, 60 agents)",8,16258.42523300536,16258.42523300536
Penalized2,30,shifted,"SOCIAL (repo, 60 agents)",9,33884.83612493661,33884.83612493661
Quartic,30,original,"SOCIAL (repo, 60 agents)",0,7.24798196916556e-05,7.24798196916556e-05
Quartic,30,original,"SOCIAL (repo, 60 agents)",1,1.6621440660847932e-05,1.6621440660847932e-05
Quartic,30,original,"SOCIAL (repo, 60 agents)",2,7.091630710491131e-05,7.091630710491131e-05
Quartic,30,original,"SOCIAL (repo, 60 agents)",3,2.0068638455894166e-05,2.0068638455894166e-05
Quartic,30,original,"SOCIAL (repo, 60 agents)",4,2.4190200190510413e-05,2.4190200190510413e-05
Quartic,30,original,"SOCIAL (repo, 60 agents)",5,6.665055393558491e-05,6.665055393558491e-05
Quartic,30,original,"SOCIAL (repo, 60 agents)",6,4.238336018465819e-05,4.238336018465819e-05
Quartic,30,original,"SOCIAL (repo, 60 agents)",7,3.12334749703595e-05,3.12334749703595e-05
Quartic,30,original,"SOCIAL (repo, 60 agents)",8,7.960754877131023e-05,7.960754877131023e-05
Quartic,30,original,"SOCIAL (repo, 60 agents)",9,1.2861560862097782e-05,1.2861560862097782e-05
Quartic,30,shifted,"SOCIAL (repo, 60 agents)",0,2.0886773693333507,2.0886773693333507
Quartic,30,shifted,"SOCIAL (repo, 60 agents)",1,1.623215137396906,1.623215137396906
Quartic,30,shifted,"SOCIAL (repo, 60 agents)",2,3.970779282912442,3.970779282912442
Quartic,30,shifted,"SOCIAL (repo, 60 agents)",3,0.468858548771721,0.468858548771721
Quartic,30,shifted,"SOCIAL (repo, 60 agents)",4,3.526313882843073,3.526313882843073
Quartic,30,shifted,"SOCIAL (repo, 60 agents)",5,1.4679910882673908,1.4679910882673908
Quartic,30,shifted,"SOCIAL (repo, 60 agents)",6,1.8181443205542753,1.8181443205542753
Quartic,30,shifted,"SOCIAL (repo, 60 agents)",7,4.9865116414096144,4.9865116414096144
Quartic,30,shifted,"SOCIAL (repo, 60 agents)",8,1.9828440827693594,1.9828440827693594
Quartic,30,shifted,"SOCIAL (repo, 60 agents)",9,1.708733085924465,1.708733085924465
Rastrigin,30,original,"SOCIAL (repo, 60 agents)",0,30.77630243447527,30.77630243447527
Rastrigin,30,original,"SOCIAL (repo, 60 agents)",1,16.866987648453915,16.866987648453915
Rastrigin,30,original,"SOCIAL (repo, 60 agents)",2,14.05227420473625,14.05227420473625
Rastrigin,30,original,"SOCIAL (repo, 60 agents)",3,22.50444291604748,22.50444291604748
Rastrigin,30,original,"SOCIAL (repo, 60 agents)",4,18.0932182301475,18.0932182301475
Rastrigin,30,original,"SOCIAL (repo, 60 agents)",5,27.8302902360586,27.8302902360586
Rastrigin,30,original,"SOCIAL (repo, 60 agents)",6,40.14866202172357,40.14866202172357
Rastrigin,30,original,"SOCIAL (repo, 60 agents)",7,11.172715009054855,11.172715009054855
Rastrigin,30,original,"SOCIAL (repo, 60 agents)",8,62.65013779023408,62.65013779023408
Rastrigin,30,original,"SOCIAL (repo, 60 agents)",9,23.209537037640416,23.209537037640416
Rastrigin,30,shifted,"SOCIAL (repo, 60 agents)",0,238.38222305605018,238.38222305605018
Rastrigin,30,shifted,"SOCIAL (repo, 60 agents)",1,232.97226206261695,232.97226206261695
Rastrigin,30,shifted,"SOCIAL (repo, 60 agents)",2,256.61437806017653,256.61437806017653
Rastrigin,30,shifted,"SOCIAL (repo, 60 agents)",3,225.30776080423385,225.30776080423385
Rastrigin,30,shifted,"SOCIAL (repo, 60 agents)",4,213.88655907431536,213.88655907431536
Rastrigin,30,shifted,"SOCIAL (repo, 60 agents)",5,224.05027614170348,224.05027614170348
Rastrigin,30,shifted,"SOCIAL (repo, 60 agents)",6,195.70861333309227,195.70861333309227
Rastrigin,30,shifted,"SOCIAL (repo, 60 agents)",7,250.63868749975487,250.63868749975487
Rastrigin,30,shifted,"SOCIAL (repo, 60 agents)",8,208.93478538322032,208.93478538322032
Rastrigin,30,shifted,"SOCIAL (repo, 60 agents)",9,228.52280223792982,228.52280223792982
Rosenbrock,30,original,"SOCIAL (repo, 60 agents)",0,689.2114339751238,689.2114339751238
Rosenbrock,30,original,"SOCIAL (repo, 60 agents)",1,991.370296299473,991.370296299473
Rosenbrock,30,original,"SOCIAL (repo, 60 agents)",2,1053.0378173902,1053.0378173902
Rosenbrock,30,original,"SOCIAL (repo, 60 agents)",3,964.7212416978026,964.7212416978026
Rosenbrock,30,original,"SOCIAL (repo, 60 agents)",4,346.41432829399355,346.41432829399355
Rosenbrock,30,original,"SOCIAL (repo, 60 agents)",5,200.44624624195615,200.44624624195615
Rosenbrock,30,original,"SOCIAL (repo, 60 agents)",6,363.3423505460072,363.3423505460072
Rosenbrock,30,original,"SOCIAL (repo, 60 agents)",7,552.4063241481306,552.4063241481306
Rosenbrock,30,original,"SOCIAL (repo, 60 agents)",8,502.7249064995361,502.7249064995361
Rosenbrock,30,original,"SOCIAL (repo, 60 agents)",9,1027.5215889427618,1027.5215889427618
Rosenbrock,30,shifted,"SOCIAL (repo, 60 agents)",0,3826709.877892053,3826709.877892053
Rosenbrock,30,shifted,"SOCIAL (repo, 60 agents)",1,945086.2980116697,945086.2980116697
Rosenbrock,30,shifted,"SOCIAL (repo, 60 agents)",2,3196500.2284209556,3196500.2284209556
Rosenbrock,30,shifted,"SOCIAL (repo, 60 agents)",3,4503157.985681541,4503157.985681541
Rosenbrock,30,shifted,"SOCIAL (repo, 60 agents)",4,4688517.659893349,4688517.659893349
Rosenbrock,30,shifted,"SOCIAL (repo, 60 agents)",5,1273270.2937407373,1273270.2937407373
Rosenbrock,30,shifted,"SOCIAL (repo, 60 agents)",6,6649793.880799323,6649793.880799323
Rosenbrock,30,shifted,"SOCIAL (repo, 60 agents)",7,3208754.6431370354,3208754.6431370354
Rosenbrock,30,shifted,"SOCIAL (repo, 60 agents)",8,5660546.362121868,5660546.362121868
Rosenbrock,30,shifted,"SOCIAL (repo, 60 agents)",9,1868312.1121063954,1868312.1121063954
Schwefel_1_2,30,original,"SOCIAL (repo, 60 agents)",0,678.1796618607661,678.1796618607661
Schwefel_1_2,30,original,"SOCIAL (repo, 60 agents)",1,515.7764220345739,515.7764220345739
Schwefel_1_2,30,original,"SOCIAL (repo, 60 agents)",2,1065.605302015253,1065.605302015253
Schwefel_1_2,30,original,"SOCIAL (repo, 60 agents)",3,566.0703135665772,566.0703135665772
Schwefel_1_2,30,original,"SOCIAL (repo, 60 agents)",4,1059.1681644203782,1059.1681644203782
Schwefel_1_2,30,original,"SOCIAL (repo, 60 agents)",5,707.3536830914544,707.3536830914544
Schwefel_1_2,30,original,"SOCIAL (repo, 60 agents)",6,323.774866915888,323.774866915888
Schwefel_1_2,30,original,"SOCIAL (repo, 60 agents)",7,515.5611405152605,515.5611405152605
Schwefel_1_2,30,original,"SOCIAL (repo, 60 agents)",8,496.0643686736947,496.0643686736947
Schwefel_1_2,30,original,"SOCIAL (repo, 60 agents)",9,611.6524598497189,611.6524598497189
Schwefel_1_2,30,shifted,"SOCIAL (repo, 60 agents)",0,21819.554332862375,21819.554332862375
Schwefel_1_2,30,shifted,"SOCIAL (repo, 60 agents)",1,20882.470919985313,20882.470919985313
Schwefel_1_2,30,shifted,"SOCIAL (repo, 60 agents)",2,30328.099518555828,30328.099518555828
Schwefel_1_2,30,shifted,"SOCIAL (repo, 60 agents)",3,21875.123692868485,21875.123692868485
Schwefel_1_2,30,shifted,"SOCIAL (repo, 60 agents)",4,44780.21835227432,44780.21835227432
Schwefel_1_2,30,shifted,"SOCIAL (repo, 60 agents)",5,30094.86137220691,30094.86137220691
Schwefel_1_2,30,shifted,"SOCIAL (repo, 60 agents)",6,17367.411214874588,17367.411214874588
Schwefel_1_2,30,shifted,"SOCIAL (repo, 60 agents)",7,31321.303610853363,31321.303610853363
Schwefel_1_2,30,shifted,"SOCIAL (repo, 60 agents)",8,20467.580302214585,20467.580302214585
Schwefel_1_2,30,shifted,"SOCIAL (repo, 60 agents)",9,21994.4433455304,21994.4433455304
Schwefel_2_21,30,original,"SOCIAL (repo, 60 agents)",0,8.355175239546256,8.355175239546256
Schwefel_2_21,30,original,"SOCIAL (repo, 60 agents)",1,8.065979924954135,8.065979924954135
Schwefel_2_21,30,original,"SOCIAL (repo, 60 agents)",2,12.539077555548829,12.539077555548829
Schwefel_2_21,30,original,"SOCIAL (repo, 60 agents)",3,8.098877497147257,8.098877497147257
Schwefel_2_21,30,original,"SOCIAL (repo, 60 agents)",4,8.129019828739018,8.129019828739018
Schwefel_2_21,30,original,"SOCIAL (repo, 60 agents)",5,6.391564227241204,6.391564227241204
Schwefel_2_21,30,original,"SOCIAL (repo, 60 agents)",6,9.198494130258396,9.198494130258396
Schwefel_2_21,30,original,"SOCIAL (repo, 60 agents)",7,6.832330343677029,6.832330343677029
Schwefel_2_21,30,original,"SOCIAL (repo, 60 agents)",8,7.855727411034863,7.855727411034863
Schwefel_2_21,30,original,"SOCIAL (repo, 60 agents)",9,6.4574739472281095,6.4574739472281095
Schwefel_2_21,30,shifted,"SOCIAL (repo, 60 agents)",0,64.86010407857486,64.86010407857486
Schwefel_2_21,30,shifted,"SOCIAL (repo, 60 agents)",1,62.01831551733923,62.01831551733923
Schwefel_2_21,30,shifted,"SOCIAL (repo, 60 agents)",2,64.02734019825526,64.02734019825526
Schwefel_2_21,30,shifted,"SOCIAL (repo, 60 agents)",3,58.75017374860752,58.75017374860752
Schwefel_2_21,30,shifted,"SOCIAL (repo, 60 agents)",4,62.727848385215026,62.727848385215026
Schwefel_2_21,30,shifted,"SOCIAL (repo, 60 agents)",5,60.583278369682105,60.583278369682105
Schwefel_2_21,30,shifted,"SOCIAL (repo, 60 agents)",6,60.16942050289667,60.16942050289667
Schwefel_2_21,30,shifted,"SOCIAL (repo, 60 agents)",7,63.966080303093804,63.966080303093804
Schwefel_2_21,30,shifted,"SOCIAL (repo, 60 agents)",8,63.406052939137425,63.406052939137425
Schwefel_2_21,30,shifted,"SOCIAL (repo, 60 agents)",9,62.214354881699876,62.214354881699876
Schwefel_2_22,30,original,"SOCIAL (repo, 60 agents)",0,6.384654326838524,6.384654326838524
Schwefel_2_22,30,original,"SOCIAL (repo, 60 agents)",1,4.255861364477543,4.255861364477543
Schwefel_2_22,30,original,"SOCIAL (repo, 60 agents)",2,5.832065099153278,5.832065099153278
Schwefel_2_22,30,original,"SOCIAL (repo, 60 agents)",3,7.609854960556264,7.609854960556264
Schwefel_2_22,30,original,"SOCIAL (repo, 60 agents)",4,7.044277810368099,7.044277810368099
Schwefel_2_22,30,original,"SOCIAL (repo, 60 agents)",5,5.830042958665977,5.830042958665977
Schwefel_2_22,30,original,"SOCIAL (repo, 60 agents)",6,6.17172405773265,6.17172405773265
Schwefel_2_22,30,original,"SOCIAL (repo, 60 agents)",7,5.862677409347517,5.862677409347517
Schwefel_2_22,30,original,"SOCIAL (repo, 60 agents)",8,6.390766685356599,6.390766685356599
Schwefel_2_22,30,original,"SOCIAL (repo, 60 agents)",9,5.5224015086654,5.5224015086654
Schwefel_2_22,30,shifted,"SOCIAL (repo, 60 agents)",0,122.05773707502762,122.05773707502762
Schwefel_2_22,30,shifted,"SOCIAL (repo, 60 agents)",1,85.4757304119252,85.4757304119252
Schwefel_2_22,30,shifted,"SOCIAL (repo, 60 agents)",2,133.11493457284647,133.11493457284647
Schwefel_2_22,30,shifted,"SOCIAL (repo, 60 agents)",3,142.31350580603043,142.31350580603043
Schwefel_2_22,30,shifted,"SOCIAL (repo, 60 agents)",4,126.7437991752357,126.7437991752357
Schwefel_2_22,30,shifted,"SOCIAL (repo, 60 agents)",5,121.76537094141976,121.76537094141976
Schwefel_2_22,30,shifted,"SOCIAL (repo, 60 agents)",6,35568.456034100265,35568.456034100265
Schwefel_2_22,30,shifted,"SOCIAL (repo, 60 agents)",7,649.2248092107511,649.2248092107511
Schwefel_2_22,30,shifted,"SOCIAL (repo, 60 agents)",8,7081556.854493905,7081556.854493905
Schwefel_2_22,30,shifted,"SOCIAL (repo, 60 agents)",9,53.498221661198784,53.498221661198784
Schwefel_2_26,30,original,"SOCIAL (repo, 60 agents)",0,-20178.215323546952,-20178.215323546952
Schwefel_2_26,30,original,"SOCIAL (repo, 60 agents)",1,-18662.98961300916,-18662.98961300916
Schwefel_2_26,30,original,"SOCIAL (repo, 60 agents)",2,-19454.338972642447,-19454.338972642447
Schwefel_2_26,30,original,"SOCIAL (repo, 60 agents)",3,-18078.57168651457,-18078.57168651457
Schwefel_2_26,30,original,"SOCIAL (repo, 60 agents)",4,-19525.032081033067,-19525.032081033067
Schwefel_2_26,30,original,"SOCIAL (repo, 60 agents)",5,-20229.38280712987,-20229.38280712987
Schwefel_2_26,30,original,"SOCIAL (repo, 60 agents)",6,-19135.0798080605,-19135.0798080605
Schwefel_2_26,30,original,"SOCIAL (repo, 60 agents)",7,-19445.04359246904,-19445.04359246904
Schwefel_2_26,30,original,"SOCIAL (repo, 60 agents)",8,-19402.738503390807,-19402.738503390807
Schwefel_2_26,30,original,"SOCIAL (repo, 60 agents)",9,-18008.69325715,-18008.69325715
Schwefel_2_26,30,shifted,"SOCIAL (repo, 60 agents)",0,-21531.932413818125,-21531.932413818125
Schwefel_2_26,30,shifted,"SOCIAL (repo, 60 agents)",1,-19695.57823597792,-19695.57823597792
Schwefel_2_26,30,shifted,"SOCIAL (repo, 60 agents)",2,-22155.60235747911,-22155.60235747911
Schwefel_2_26,30,shifted,"SOCIAL (repo, 60 agents)",3,-21510.59298413776,-21510.59298413776
Schwefel_2_26,30,shifted,"SOCIAL (repo, 60 agents)",4,-21057.480498600147,-21057.480498600147
Schwefel_2_26,30,shifted,"SOCIAL (repo, 60 agents)",5,-23329.779027060093,-23329.779027060093
Schwefel_2_26,30,shifted,"SOCIAL (repo, 60 agents)",6,-23396.486824338474,-23396.486824338474
Schwefel_2_26,30,shifted,"SOCIAL (repo, 60 agents)",7,-23205.244011248313,-23205.244011248313
Schwefel_2_26,30,shifted,"SOCIAL (repo, 60 agents)",8,-21821.551974904083,-21821.551974904083
Schwefel_2_26,30,shifted,"SOCIAL (repo, 60 agents)",9,-20253.471255843753,-20253.471255843753
Shekel1,6,original,"SOCIAL (repo, 60 agents)",0,-3.071183752243514,0.2508162477564859
Shekel1,6,original,"SOCIAL (repo, 60 agents)",1,-3.3215164567248343,0.00048354327516575424
Shekel1,6,original,"SOCIAL (repo, 60 agents)",2,-3.3201092329401365,0.001890767059863574
Shekel1,6,original,"SOCIAL (repo, 60 agents)",3,-3.189332775148884,0.13266722485111604
Shekel1,6,original,"SOCIAL (repo, 60 agents)",4,-3.126382326930878,0.19561767306912214
Shekel1,6,original,"SOCIAL (repo, 60 agents)",5,-3.1130041106903734,0.20899588930962665
Shekel1,6,original,"SOCIAL (repo, 60 agents)",6,-3.2639208696709723,0.058079130329027784
Shekel1,6,original,"SOCIAL (repo, 60 agents)",7,-3.322023942223049,-2.3942223049022715e-05
Shekel1,6,original,"SOCIAL (repo, 60 agents)",8,-3.3195632650006286,0.0024367349993714704
Shekel1,6,original,"SOCIAL (repo, 60 agents)",9,-3.244124643585772,0.07787535641422805
Shekel2,4,original,"SOCIAL (repo, 60 agents)",0,-10.183962814230265,-0.030762814230264723
Shekel2,4,original,"SOCIAL (repo, 60 agents)",1,-10.183927694014406,-0.03072769401440567
Shekel2,4,original,"SOCIAL (repo, 60 agents)",2,-10.183946672980769,-0.030746672980768608
Shekel2,4,original,"SOCIAL (repo, 60 agents)",3,-10.1839508463317,-0.030750846331699222
Shekel2,4,original,"SOCIAL (repo, 60 agents)",4,-10.183794238206367,-0.030594238206367308
Shekel2,4,original,"SOCIAL (repo, 60 agents)",5,-10.131179077267019,0.022020922732981063
Shekel2,4,original,"SOCIAL (repo, 60 agents)",6,-10.183928370310692,-0.0307283703106922
Shekel2,4,original,"SOCIAL (repo, 60 agents)",7,-10.183964190751896,-0.030764190751895626
Shekel2,4,original,"SOCIAL (repo, 60 agents)",8,-10.155113782949778,-0.0019137829497779535
Shekel2,4,original,"SOCIAL (repo, 60 agents)",9,-10.131096269337874,0.022103730662125898
Shekel3,4,original,"SOCIAL (repo, 60 agents)",0,-10.25368009161779,0.14911990838220923
Shekel3,4,original,"SOCIAL (repo, 60 agents)",1,-10.253608717174867,0.14919128282513228
Shekel3,4,original,"SOCIAL (repo, 60 agents)",2,-10.253669262475714,0.14913073752428474
Shekel3,4,original,"SOCIAL (repo, 60 agents)",3,-10.253658620121191,0.1491413798788077
Shekel3,4,original,"SOCIAL (repo, 60 agents)",4,-10.253678066206952,0.1491219337930474
Shekel3,4,original,"SOCIAL (repo, 60 agents)",5,-10.416423942769418,-0.013623942769418917
Shekel3,4,original,"SOCIAL (repo, 60 agents)",6,-10.416416577297545,-0.013616577297545618
Shekel3,4,original,"SOCIAL (repo, 60 agents)",7,-10.391014779709964,0.011785220290034815
Shekel3,4,original,"SOCIAL (repo, 60 agents)",8,-10.416418196719237,-0.013618196719237474
Shekel3,4,original,"SOCIAL (repo, 60 agents)",9,-10.271682149702775,0.13111785029722434
Shekel4,4,original,"SOCIAL (repo, 60 agents)",0,-10.375456072657473,0.16084392734252795
Shekel4,4,original,"SOCIAL (repo, 60 agents)",1,-10.503894519984776,0.0324054800152247
Shekel4,4,original,"SOCIAL (repo, 60 agents)",2,-10.375468453379742,0.16083154662025834
Shekel4,4,original,"SOCIAL (repo, 60 agents)",3,-10.3754138096273,0.16088619037270036
Shekel4,4,original,"SOCIAL (repo, 60 agents)",4,-10.375471152354368,0.16082884764563232
Shekel4,4,original,"SOCIAL (repo, 60 agents)",5,-10.37546982634991,0.16083017365009056
Shekel4,4,original,"SOCIAL (repo, 60 agents)",6,-10.438365260032118,0.09793473996788293
Shekel4,4,original,"SOCIAL (repo, 60 agents)",7,-10.552782748101018,-0.016482748101017464
Shekel4,4,original,"SOCIAL (repo, 60 agents)",8,-10.552674616450489,-0.016374616450487878
Shekel4,4,original,"SOCIAL (repo, 60 agents)",9,-10.312658585279681,0.22364141472031918
Sphere,30,original,"SOCIAL (repo, 60 agents)",0,23.301248520384863,23.301248520384863
Sphere,30,original,"SOCIAL (repo, 60 agents)",1,7.165176105551808,7.165176105551808
Sphere,30,original,"SOCIAL (repo, 60 agents)",2,4.650552235482491,4.650552235482491
Sphere,30,original,"SOCIAL (repo, 60 agents)",3,7.325054951171966,7.325054951171966
Sphere,30,original,"SOCIAL (repo, 60 agents)",4,10.340127695475163,10.340127695475163
Sphere,30,original,"SOCIAL (repo, 60 agents)",5,5.149213050169936,5.149213050169936
Sphere,30,original,"SOCIAL (repo, 60 agents)",6,8.109949616628294,8.109949616628294
Sphere,30,original,"SOCIAL (repo, 60 agents)",7,8.596144497533738,8.596144497533738
Sphere,30,original,"SOCIAL (repo, 60 agents)",8,21.618898529664513,21.618898529664513
Sphere,30,original,"SOCIAL (repo, 60 agents)",9,3.608816431124284,3.608816431124284
Sphere,30,shifted,"SOCIAL (repo, 60 agents)",0,2942.4065552352854,2942.4065552352854
Sphere,30,shifted,"SOCIAL (repo, 60 agents)",1,2228.853481697138,2228.853481697138
Sphere,30,shifted,"SOCIAL (repo, 60 agents)",2,8312.94071504311,8312.94071504311
Sphere,30,shifted,"SOCIAL (repo, 60 agents)",3,2920.3337521018257,2920.3337521018257
Sphere,30,shifted,"SOCIAL (repo, 60 agents)",4,2204.347075044799,2204.347075044799
Sphere,30,shifted,"SOCIAL (repo, 60 agents)",5,3614.422504833185,3614.422504833185
Sphere,30,shifted,"SOCIAL (repo, 60 agents)",6,3887.839868504343,3887.839868504343
Sphere,30,shifted,"SOCIAL (repo, 60 agents)",7,4390.6348090314,4390.6348090314
Sphere,30,shifted,"SOCIAL (repo, 60 agents)",8,6114.916970939423,6114.916970939423
Sphere,30,shifted,"SOCIAL (repo, 60 agents)",9,2589.0149635586463,2589.0149635586463
Step,30,original,"SOCIAL (repo, 60 agents)",0,24.0,24.0
Step,30,original,"SOCIAL (repo, 60 agents)",1,0.0,0.0
Step,30,original,"SOCIAL (repo, 60 agents)",2,119.0,119.0
Step,30,original,"SOCIAL (repo, 60 agents)",3,9.0,9.0
Step,30,original,"SOCIAL (repo, 60 agents)",4,0.0,0.0
Step,30,original,"SOCIAL (repo, 60 agents)",5,0.0,0.0
Step,30,original,"SOCIAL (repo, 60 agents)",6,0.0,0.0
Step,30,original,"SOCIAL (repo, 60 agents)",7,0.0,0.0
Step,30,original,"SOCIAL (repo, 60 agents)",8,76.0,76.0
Step,30,original,"SOCIAL (repo, 60 agents)",9,0.0,0.0
Step,30,shifted,"SOCIAL (repo, 60 agents)",0,5490.0,5490.0
Step,30,shifted,"SOCIAL (repo, 60 agents)",1,4817.0,4817.0
Step,30,shifted,"SOCIAL (repo, 60 agents)",2,5586.0,5586.0
Step,30,shifted,"SOCIAL (repo, 60 agents)",3,5724.0,5724.0
Step,30,shifted,"SOCIAL (repo, 60 agents)",4,6200.0,6200.0
Step,30,shifted,"SOCIAL (repo, 60 agents)",5,5362.0,5362.0
Step,30,shifted,"SOCIAL (repo, 60 agents)",6,8630.0,8630.0
Step,30,shifted,"SOCIAL (repo, 60 agents)",7,6140.0,6140.0
Step,30,shifted,"SOCIAL (repo, 60 agents)",8,5840.0,5840.0
Step,30,shifted,"SOCIAL (repo, 60 agents)",9,5891.0,5891.0
Ackley,30,original,SOCIAL (paper Alg. 1),0,5.605226414694624,5.605226414694624
Ackley,30,original,SOCIAL (paper Alg. 1),1,4.398805880161632,4.398805880161632
Ackley,30,original,SOCIAL (paper Alg. 1),2,4.498525223127512,4.498525223127512
Ackley,30,original,SOCIAL (paper Alg. 1),3,3.4198925864663754,3.4198925864663754
Ackley,30,original,SOCIAL (paper Alg. 1),4,3.471890169942768,3.471890169942768
Ackley,30,original,SOCIAL (paper Alg. 1),5,4.97683126596398,4.97683126596398
Ackley,30,original,SOCIAL (paper Alg. 1),6,6.240877885624705,6.240877885624705
Ackley,30,original,SOCIAL (paper Alg. 1),7,5.307603275839252,5.307603275839252
Ackley,30,original,SOCIAL (paper Alg. 1),8,4.045135928428181,4.045135928428181
Ackley,30,original,SOCIAL (paper Alg. 1),9,4.821513608497433,4.821513608497433
Ackley,30,original,CMA-ES,0,2.158739409452437e-09,2.158739409452437e-09
Ackley,30,original,CMA-ES,1,2.278639943398275e-09,2.278639943398275e-09
Ackley,30,original,CMA-ES,2,2.0965491565050343e-09,2.0965491565050343e-09
Ackley,30,original,CMA-ES,3,1.9424146735502745e-09,1.9424146735502745e-09
Ackley,30,original,CMA-ES,4,1.5401160347039422e-09,1.5401160347039422e-09
Ackley,30,original,CMA-ES,5,1.9021553221421073e-09,1.9021553221421073e-09
Ackley,30,original,CMA-ES,6,2.0229440345076455e-09,2.0229440345076455e-09
Ackley,30,original,CMA-ES,7,2.0808781364678453e-09,2.0808781364678453e-09
Ackley,30,original,CMA-ES,8,1.7706693888897007e-09,1.7706693888897007e-09
Ackley,30,original,CMA-ES,9,2.3336039767229977e-09,2.3336039767229977e-09
Ackley,30,original,DE,0,8.907831099341633,8.907831099341633
Ackley,30,original,DE,1,5.845482082052538,5.845482082052538
Ackley,30,original,DE,2,9.183888616006936,9.183888616006936
Ackley,30,original,DE,3,10.206871247144418,10.206871247144418
Ackley,30,original,DE,4,12.427325211723774,12.427325211723774
Ackley,30,original,DE,5,10.591273957666328,10.591273957666328
Ackley,30,original,DE,6,6.8461749279064605,6.8461749279064605
Ackley,30,original,DE,7,8.98604181424801,8.98604181424801
Ackley,30,original,DE,8,5.500798138840558,5.500798138840558
Ackley,30,original,DE,9,5.91016472419745,5.91016472419745
Ackley,30,original,PSO,0,6.18160905946505,6.18160905946505
Ackley,30,original,PSO,1,9.708094656457485,9.708094656457485
Ackley,30,original,PSO,2,8.50681895340305,8.50681895340305
Ackley,30,original,PSO,3,2.220112768001379,2.220112768001379
Ackley,30,original,PSO,4,9.892076935358318e-09,9.892076935358318e-09
Ackley,30,original,PSO,5,3.9343748590684773,3.9343748590684773
Ackley,30,original,PSO,6,3.2838939113112144,3.2838939113112144
Ackley,30,original,PSO,7,2.8125963795232605,2.8125963795232605
Ackley,30,original,PSO,8,1.6462236331035887,1.6462236331035887
Ackley,30,original,PSO,9,6.669913997151369,6.669913997151369
Ackley,30,original,random,0,19.735781057842317,19.735781057842317
Ackley,30,original,random,1,19.85002959327723,19.85002959327723
Ackley,30,original,random,2,19.562731398399453,19.562731398399453
Ackley,30,original,random,3,19.61273290709418,19.61273290709418
Ackley,30,original,random,4,19.796320473797657,19.796320473797657
Ackley,30,original,random,5,20.01944907807725,20.01944907807725
Ackley,30,original,random,6,19.58306022379883,19.58306022379883
Ackley,30,original,random,7,19.854520350537978,19.854520350537978
Ackley,30,original,random,8,19.717028991518948,19.717028991518948
Ackley,30,original,random,9,19.68440851386505,19.68440851386505
Ackley,30,shifted,SOCIAL (paper Alg. 1),0,19.854520445901183,19.854520445901183
Ackley,30,shifted,SOCIAL (paper Alg. 1),1,19.965475191914237,19.965475191914237
Ackley,30,shifted,SOCIAL (paper Alg. 1),2,20.019040746508555,20.019040746508555
Ackley,30,shifted,SOCIAL (paper Alg. 1),3,20.038947317392566,20.038947317392566
Ackley,30,shifted,SOCIAL (paper Alg. 1),4,19.89087766655238,19.89087766655238
Ackley,30,shifted,SOCIAL (paper Alg. 1),5,19.895491130114493,19.895491130114493
Ackley,30,shifted,SOCIAL (paper Alg. 1),6,19.882488268072507,19.882488268072507
Ackley,30,shifted,SOCIAL (paper Alg. 1),7,19.791243310989003,19.791243310989003
Ackley,30,shifted,SOCIAL (paper Alg. 1),8,19.95688047632157,19.95688047632157
Ackley,30,shifted,SOCIAL (paper Alg. 1),9,20.095685790538763,20.095685790538763
Ackley,30,shifted,CMA-ES,0,1.997471077430646e-09,1.997471077430646e-09
Ackley,30,shifted,CMA-ES,1,1.873271759933459e-09,1.873271759933459e-09
Ackley,30,shifted,CMA-ES,2,1.7604340207810765e-09,1.7604340207810765e-09
Ackley,30,shifted,CMA-ES,3,1.734051569002304e-09,1.734051569002304e-09
Ackley,30,shifted,CMA-ES,4,2.0703692094059534e-09,2.0703692094059534e-09
Ackley,30,shifted,CMA-ES,5,2.0878769824150822e-09,2.0878769824150822e-09
Ackley,30,shifted,CMA-ES,6,1.693003515157443e-09,1.693003515157443e-09
Ackley,30,shifted,CMA-ES,7,1.6152132964464272e-09,1.6152132964464272e-09
Ackley,30,shifted,CMA-ES,8,1.7731172086143943e-09,1.7731172086143943e-09
Ackley,30,shifted,CMA-ES,9,1.9261574557560834e-09,1.9261574557560834e-09
Ackley,30,shifted,DE,0,11.019341651575422,11.019341651575422
Ackley,30,shifted,DE,1,13.823611702134052,13.823611702134052
Ackley,30,shifted,DE,2,7.702978623820599,7.702978623820599
Ackley,30,shifted,DE,3,13.729775337828954,13.729775337828954
Ackley,30,shifted,DE,4,9.453379980852365,9.453379980852365
Ackley,30,shifted,DE,5,8.66505557187141,8.66505557187141
Ackley,30,shifted,DE,6,13.620847448388211,13.620847448388211
Ackley,30,shifted,DE,7,6.593926465180022,6.593926465180022
Ackley,30,shifted,DE,8,12.528570854891598,12.528570854891598
Ackley,30,shifted,DE,9,8.594558468010003,8.594558468010003
Ackley,30,shifted,PSO,0,16.619479109485148,16.619479109485148
Ackley,30,shifted,PSO,1,17.15178985753349,17.15178985753349
Ackley,30,shifted,PSO,2,16.053770817809568,16.053770817809568
Ackley,30,shifted,PSO,3,15.65699383802025,15.65699383802025
Ackley,30,shifted,PSO,4,20.11060834456796,20.11060834456796
Ackley,30,shifted,PSO,5,15.205167306054854,15.205167306054854
Ackley,30,shifted,PSO,6,14.1688160792406,14.1688160792406
Ackley,30,shifted,PSO,7,15.64148715424924,15.64148715424924
Ackley,30,shifted,PSO,8,15.708256113203582,15.708256113203582
Ackley,30,shifted,PSO,9,15.4983266818744,15.4983266818744
Ackley,30,shifted,random,0,20.66556005807173,20.66556005807173
Ackley,30,shifted,random,1,20.655255988071307,20.655255988071307
Ackley,30,shifted,random,2,19.822256808013435,19.822256808013435
Ackley,30,shifted,random,3,20.56189137862111,20.56189137862111
Ackley,30,shifted,random,4,19.97638782978799,19.97638782978799
Ackley,30,shifted,random,5,20.174751858739636,20.174751858739636
Ackley,30,shifted,random,6,20.222777967533986,20.222777967533986
Ackley,30,shifted,random,7,20.6831418465216,20.6831418465216
Ackley,30,shifted,random,8,20.67956507507557,20.67956507507557
Ackley,30,shifted,random,9,20.56268134783706,20.56268134783706
Branin,2,original,SOCIAL (paper Alg. 1),0,0.3978873619206116,-0.0001126380793884385
Branin,2,original,SOCIAL (paper Alg. 1),1,0.3978873876432889,-0.00011261235671111702
Branin,2,original,SOCIAL (paper Alg. 1),2,0.3978873780265939,-0.00011262197340611291
Branin,2,original,SOCIAL (paper Alg. 1),3,0.39788745164126205,-0.00011254835873797386
Branin,2,original,SOCIAL (paper Alg. 1),4,0.39788735918415163,-0.00011264081584838603
Branin,2,original,SOCIAL (paper Alg. 1),5,0.3978873782195116,-0.00011262178048843108
Branin,2,original,SOCIAL (paper Alg. 1),6,0.3978873683027704,-0.00011263169722963706
Branin,2,original,SOCIAL (paper Alg. 1),7,0.39788739887695534,-0.00011260112304467551
Branin,2,original,SOCIAL (paper Alg. 1),8,0.3978873713464157,-0.0001126286535843013
Branin,2,original,SOCIAL (paper Alg. 1),9,0.39788738496967113,-0.00011261503032888864
Branin,2,original,CMA-ES,0,0.39788735772973816,-0.00011264227026186457
Branin,2,original,CMA-ES,1,0.39788735772973816,-0.00011264227026186457
Branin,2,original,CMA-ES,2,0.39788735772973816,-0.00011264227026186457
Branin,2,original,CMA-ES,3,0.39788735772973816,-0.00011264227026186457
Branin,2,original,CMA-ES,4,0.39788735772973816,-0.00011264227026186457
Branin,2,original,CMA-ES,5,0.39788735772973816,-0.00011264227026186457
Branin,2,original,CMA-ES,6,0.39788735772973816,-0.00011264227026186457
Branin,2,original,CMA-ES,7,0.39788735772973816,-0.00011264227026186457
Branin,2,original,CMA-ES,8,0.39788735772973816,-0.00011264227026186457
Branin,2,original,CMA-ES,9,0.39788735772973816,-0.00011264227026186457
Branin,2,original,DE,0,0.39788735772973816,-0.00011264227026186457
Branin,2,original,DE,1,0.39788735772973816,-0.00011264227026186457
Branin,2,original,DE,2,0.39788735772973816,-0.00011264227026186457
Branin,2,original,DE,3,0.39788735772973816,-0.00011264227026186457
Branin,2,original,DE,4,0.39788735772973816,-0.00011264227026186457
Branin,2,original,DE,5,0.39788735772973816,-0.00011264227026186457
Branin,2,original,DE,6,0.39788735772973816,-0.00011264227026186457
Branin,2,original,DE,7,0.39788735772973816,-0.00011264227026186457
Branin,2,original,DE,8,0.39788735772973816,-0.00011264227026186457
Branin,2,original,DE,9,0.39788735772973816,-0.00011264227026186457
Branin,2,original,PSO,0,0.39788735772973816,-0.00011264227026186457
Branin,2,original,PSO,1,0.39788735772973816,-0.00011264227026186457
Branin,2,original,PSO,2,0.39788735772973816,-0.00011264227026186457
Branin,2,original,PSO,3,0.39788735772973816,-0.00011264227026186457
Branin,2,original,PSO,4,0.39788735772973816,-0.00011264227026186457
Branin,2,original,PSO,5,0.39788735772973816,-0.00011264227026186457
Branin,2,original,PSO,6,0.39788735772973816,-0.00011264227026186457
Branin,2,original,PSO,7,0.39788735772973816,-0.00011264227026186457
Branin,2,original,PSO,8,0.39788735772973816,-0.00011264227026186457
Branin,2,original,PSO,9,0.39788735772973816,-0.00011264227026186457
Branin,2,original,random,0,0.4036164177865569,0.00561641778655686
Branin,2,original,random,1,0.4072360563836135,0.009236056383613467
Branin,2,original,random,2,0.40075696622841406,0.0027569662284140373
Branin,2,original,random,3,0.41338945934269766,0.015389459342697642
Branin,2,original,random,4,0.40173322807643963,0.0037332280764396097
Branin,2,original,random,5,0.4029126908582814,0.004912690858281388
Branin,2,original,random,6,0.40112648739648726,0.003126487396487243
Branin,2,original,random,7,0.4190510402706433,0.021051040270643306
Branin,2,original,random,8,0.40060506374472027,0.0026050637447202485
Branin,2,original,random,9,0.3984006279561658,0.00040062795616579994
Camel-Back,2,original,SOCIAL (paper Alg. 1),0,-1.031627959825511,-2.795982551084819e-05
Camel-Back,2,original,SOCIAL (paper Alg. 1),1,-1.0316284485831566,-2.844858315653731e-05
Camel-Back,2,original,SOCIAL (paper Alg. 1),2,-1.0316284520161452,-2.8452016145097403e-05
Camel-Back,2,original,SOCIAL (paper Alg. 1),3,-1.0316283810660911,-2.8381066091043294e-05
Camel-Back,2,original,SOCIAL (paper Alg. 1),4,-1.0316283363845744,-2.8336384574334517e-05
Camel-Back,2,original,SOCIAL (paper Alg. 1),5,-1.0316283791539573,-2.837915395725865e-05
Camel-Back,2,original,SOCIAL (paper Alg. 1),6,-1.0316284062549579,-2.840625495781346e-05
Camel-Back,2,original,SOCIAL (paper Alg. 1),7,-1.0316233162550814,-2.3316255081340387e-05
Camel-Back,2,original,SOCIAL (paper Alg. 1),8,-1.0316282729599682,-2.8272959968100864e-05
Camel-Back,2,original,SOCIAL (paper Alg. 1),9,-1.0316283697717261,-2.836977172604449e-05
Camel-Back,2,original,CMA-ES,0,-1.0316284534898776,-2.8453489877566795e-05
Camel-Back,2,original,CMA-ES,1,-1.0316284534898776,-2.8453489877566795e-05
Camel-Back,2,original,CMA-ES,2,-1.0316284534898776,-2.8453489877566795e-05
Camel-Back,2,original,CMA-ES,3,-1.0316284534898776,-2.8453489877566795e-05
Camel-Back,2,original,CMA-ES,4,-1.0316284534898776,-2.8453489877566795e-05
Camel-Back,2,original,CMA-ES,5,-1.0316284534898776,-2.8453489877566795e-05
Camel-Back,2,original,CMA-ES,6,-1.0316284534898776,-2.8453489877566795e-05
Camel-Back,2,original,CMA-ES,7,-1.0316284534898774,-2.845348987734475e-05
Camel-Back,2,original,CMA-ES,8,-1.0316284534898776,-2.8453489877566795e-05
Camel-Back,2,original,CMA-ES,9,-1.0316284534898776,-2.8453489877566795e-05
Camel-Back,2,original,DE,0,-1.0316284534898779,-2.845348987778884e-05
Camel-Back,2,original,DE,1,-1.0316284534898779,-2.845348987778884e-05
Camel-Back,2,original,DE,2,-1.0316284534898779,-2.845348987778884e-05
Camel-Back,2,original,DE,3,-1.0316284534898779,-2.845348987778884e-05
Camel-Back,2,original,DE,4,-1.0316284534898779,-2.845348987778884e-05
Camel-Back,2,original,DE,5,-1.0316284534898779,-2.845348987778884e-05
Camel-Back,2,original,DE,6,-1.0316284534898779,-2.845348987778884e-05
Camel-Back,2,original,DE,7,-1.0316284534898779,-2.845348987778884e-05
Camel-Back,2,original,DE,8,-1.0316284534898779,-2.845348987778884e-05
Camel-Back,2,original,DE,9,-1.0316284534898779,-2.845348987778884e-05
Camel-Back,2,original,PSO,0,-1.0316284534898779,-2.845348987778884e-05
Camel-Back,2,original,PSO,1,-1.0316284534898779,-2.845348987778884e-05
Camel-Back,2,original,PSO,2,-1.0316284534898779,-2.845348987778884e-05
Camel-Back,2,original,PSO,3,-1.0316284534898779,-2.845348987778884e-05
Camel-Back,2,original,PSO,4,-1.0316284534898779,-2.845348987778884e-05
Camel-Back,2,original,PSO,5,-1.0316284534898779,-2.845348987778884e-05
Camel-Back,2,original,PSO,6,-1.0316284534898779,-2.845348987778884e-05
Camel-Back,2,original,PSO,7,-1.0316284534898779,-2.845348987778884e-05
Camel-Back,2,original,PSO,8,-1.0316284534898779,-2.845348987778884e-05
Camel-Back,2,original,PSO,9,-1.0316284534898779,-2.845348987778884e-05
Camel-Back,2,original,random,0,-1.0195497824804838,0.012050217519516293
Camel-Back,2,original,random,1,-1.0184226388747133,0.01317736112528678
Camel-Back,2,original,random,2,-1.017262735191547,0.014337264808452987
Camel-Back,2,original,random,3,-1.0296154840299525,0.0019845159700475623
Camel-Back,2,original,random,4,-1.0213047511345263,0.010295248865473727
Camel-Back,2,original,random,5,-1.018730752848419,0.012869247151580998
Camel-Back,2,original,random,6,-1.0308188612055935,0.0007811387944065551
Camel-Back,2,original,random,7,-1.0268623306341524,0.00473766936584763
Camel-Back,2,original,random,8,-1.0307976768377487,0.0008023231622513727
Camel-Back,2,original,random,9,-1.025196388982279,0.006403611017721023
Foxholes,2,original,SOCIAL (paper Alg. 1),0,0.4722058251002325,-0.5257941748997674
Foxholes,2,original,SOCIAL (paper Alg. 1),1,0.4722058265598092,-0.5257941734401907
Foxholes,2,original,SOCIAL (paper Alg. 1),2,0.4722058241618618,-0.5257941758381381
Foxholes,2,original,SOCIAL (paper Alg. 1),3,0.4722058371272847,-0.5257941628727153
Foxholes,2,original,SOCIAL (paper Alg. 1),4,0.47220582419792906,-0.525794175802071
Foxholes,2,original,SOCIAL (paper Alg. 1),5,0.4722058237291564,-0.5257941762708436
Foxholes,2,original,SOCIAL (paper Alg. 1),6,0.472205824266135,-0.525794175733865
Foxholes,2,original,SOCIAL (paper Alg. 1),7,0.4722058244610237,-0.5257941755389763
Foxholes,2,original,SOCIAL (paper Alg. 1),8,0.47220582440686654,-0.5257941755931335
Foxholes,2,original,SOCIAL (paper Alg. 1),9,0.47220582479941325,-0.5257941752005868
Foxholes,2,original,CMA-ES,0,0.4722058237276172,-0.5257941762723828
Foxholes,2,original,CMA-ES,1,0.4722058237276172,-0.5257941762723828
Foxholes,2,original,CMA-ES,2,0.4722058237276173,-0.5257941762723827
Foxholes,2,original,CMA-ES,3,0.4722058237276172,-0.5257941762723828
Foxholes,2,original,CMA-ES,4,0.4722058237276171,-0.5257941762723829
Foxholes,2,original,CMA-ES,5,0.4722058237276172,-0.5257941762723828
Foxholes,2,original,CMA-ES,6,0.4722058237276173,-0.5257941762723827
Foxholes,2,original,CMA-ES,7,0.4722058237276173,-0.5257941762723827
Foxholes,2,original,CMA-ES,8,0.4722058237276172,-0.5257941762723828
Foxholes,2,original,CMA-ES,9,0.47220582372761744,-0.5257941762723826
Foxholes,2,original,DE,0,0.4722058237276171,-0.5257941762723829
Foxholes,2,original,DE,1,0.4722058237276171,-0.5257941762723829
Foxholes,2,original,DE,2,0.47220582372761705,-0.525794176272383
Foxholes,2,original,DE,3,0.4722058237276171,-0.5257941762723829
Foxholes,2,original,DE,4,0.47220582372761705,-0.525794176272383
Foxholes,2,original,DE,5,0.4722058237276171,-0.5257941762723829
Foxholes,2,original,DE,6,0.47220582372761705,-0.525794176272383
Foxholes,2,original,DE,7,0.4722058237276171,-0.5257941762723829
Foxholes,2,original,DE,8,0.47220582372761705,-0.525794176272383
Foxholes,2,original,DE,9,0.4722058237276171,-0.5257941762723829
Foxholes,2,original,PSO,0,0.47220582372761705,-0.525794176272383
Foxholes,2,original,PSO,1,0.4722058237276171,-0.5257941762723829
Foxholes,2,original,PSO,2,0.47220582372761705,-0.525794176272383
Foxholes,2,original,PSO,3,0.47220582372761705,-0.525794176272383
Foxholes,2,original,PSO,4,0.4722058237276171,-0.5257941762723829
Foxholes,2,original,PSO,5,0.47220582372761705,-0.525794176272383
Foxholes,2,original,PSO,6,0.47220582372761705,-0.525794176272383
Foxholes,2,original,PSO,7,0.47220582372761705,-0.525794176272383
Foxholes,2,original,PSO,8,0.47220582372761705,-0.525794176272383
Foxholes,2,original,PSO,9,0.4722058237276171,-0.5257941762723829
Foxholes,2,original,random,0,0.5614690228411433,-0.4365309771588567
Foxholes,2,original,random,1,0.7132201257022813,-0.28477987429771867
Foxholes,2,original,random,2,0.6195004784250914,-0.3784995215749086
Foxholes,2,original,random,3,0.548404628226921,-0.44959537177307896
Foxholes,2,original,random,4,0.5097275658028932,-0.48827243419710675
Foxholes,2,original,random,5,0.7233420480481935,-0.27465795195180653
Foxholes,2,original,random,6,0.49900406703902617,-0.49899593296097383
Foxholes,2,original,random,7,0.5047590081925036,-0.49324099180749637
Foxholes,2,original,random,8,0.49078869785251233,-0.5072113021474877
Foxholes,2,original,random,9,0.5203377191363618,-0.47766228086363816
Goldstein-Price,2,original,SOCIAL (paper Alg. 1),0,3.0000005246295847,5.246295846639271e-07
Goldstein-Price,2,original,SOCIAL (paper Alg. 1),1,3.000000356797992,3.567979920404696e-07
Goldstein-Price,2,original,SOCIAL (paper Alg. 1),2,3.000000106265201,1.0626520108303339e-07
Goldstein-Price,2,original,SOCIAL (paper Alg. 1),3,3.0000002726349297,2.726349297432762e-07
Goldstein-Price,2,original,SOCIAL (paper Alg. 1),4,3.000004006846569,4.00684656920447e-06
Goldstein-Price,2,original,SOCIAL (paper Alg. 1),5,3.0000001321191,1.3211910010468841e-07
Goldstein-Price,2,original,SOCIAL (paper Alg. 1),6,3.000001624366987,1.6243669871407462e-06
Goldstein-Price,2,original,SOCIAL (paper Alg. 1),7,3.0000023871327457,2.387132745695908e-06
Goldstein-Price,2,original,SOCIAL (paper Alg. 1),8,3.0000000973657595,9.736575945495929e-08
Goldstein-Price,2,original,SOCIAL (paper Alg. 1),9,3.000000504504065,5.045040651907584e-07
Goldstein-Price,2,original,CMA-ES,0,2.9999999999999365,-6.350475700855895e-14
Goldstein-Price,2,original,CMA-ES,1,2.999999999999936,-6.394884621840902e-14
Goldstein-Price,2,original,CMA-ES,2,2.9999999999999374,-6.261657858885883e-14
Goldstein-Price,2,original,CMA-ES,3,2.999999999999936,-6.394884621840902e-14
Goldstein-Price,2,original,CMA-ES,4,2.9999999999999365,-6.350475700855895e-14
Goldstein-Price,2,original,CMA-ES,5,2.999999999999936,-6.394884621840902e-14
Goldstein-Price,2,original,CMA-ES,6,2.9999999999999365,-6.350475700855895e-14
Goldstein-Price,2,original,CMA-ES,7,2.999999999999936,-6.394884621840902e-14
Goldstein-Price,2,original,CMA-ES,8,2.9999999999999365,-6.350475700855895e-14
Goldstein-Price,2,original,CMA-ES,9,2.999999999999936,-6.394884621840902e-14
Goldstein-Price,2,original,DE,0,2.999999999999936,-6.394884621840902e-14
Goldstein-Price,2,original,DE,1,2.999999999999936,-6.394884621840902e-14
Goldstein-Price,2,original,DE,2,2.999999999999936,-6.394884621840902e-14
Goldstein-Price,2,original,DE,3,2.999999999999936,-6.394884621840902e-14
Goldstein-Price,2,original,DE,4,2.999999999999936,-6.394884621840902e-14
Goldstein-Price,2,original,DE,5,2.999999999999936,-6.394884621840902e-14
Goldstein-Price,2,original,DE,6,2.999999999999936,-6.394884621840902e-14
Goldstein-Price,2,original,DE,7,2.999999999999936,-6.394884621840902e-14
Goldstein-Price,2,original,DE,8,2.999999999999936,-6.394884621840902e-14
Goldstein-Price,2,original,DE,9,2.999999999999936,-6.394884621840902e-14
Goldstein-Price,2,original,PSO,0,2.999999999999936,-6.394884621840902e-14
Goldstein-Price,2,original,PSO,1,2.999999999999936,-6.394884621840902e-14
Goldstein-Price,2,original,PSO,2,2.999999999999936,-6.394884621840902e-14
Goldstein-Price,2,original,PSO,3,2.999999999999936,-6.394884621840902e-14
Goldstein-Price,2,original,PSO,4,2.999999999999936,-6.394884621840902e-14
Goldstein-Price,2,original,PSO,5,2.999999999999936,-6.394884621840902e-14
Goldstein-Price,2,original,PSO,6,2.999999999999936,-6.394884621840902e-14
Goldstein-Price,2,original,PSO,7,2.999999999999936,-6.394884621840902e-14
Goldstein-Price,2,original,PSO,8,2.999999999999936,-6.394884621840902e-14
Goldstein-Price,2,original,PSO,9,2.999999999999936,-6.394884621840902e-14
Goldstein-Price,2,original,random,0,3.121154309190988,0.12115430919098813
Goldstein-Price,2,original,random,1,3.2600336356132456,0.26003363561324555
Goldstein-Price,2,original,random,2,3.0407942205352483,0.04079422053524828
Goldstein-Price,2,original,random,3,3.0005255243294164,0.000525524329416438
Goldstein-Price,2,original,random,4,3.0989670033891294,0.09896700338912945
Goldstein-Price,2,original,random,5,3.0015856232898694,0.0015856232898694422
Goldstein-Price,2,original,random,6,3.075629357486888,0.07562935748688782
Goldstein-Price,2,original,random,7,3.0559464097195455,0.055946409719545453
Goldstein-Price,2,original,random,8,3.503988983771981,0.5039889837719809
Goldstein-Price,2,original,random,9,3.1724642344607106,0.17246423446071057
Griewank,30,original,SOCIAL (paper Alg. 1),0,1.0266683670449257,1.0266683670449257
Griewank,30,original,SOCIAL (paper Alg. 1),1,1.0400558273447178,1.0400558273447178
Griewank,30,original,SOCIAL (paper Alg. 1),2,1.0110601791543936,1.0110601791543936
Griewank,30,original,SOCIAL (paper Alg. 1),3,1.0321943105337648,1.0321943105337648
Griewank,30,original,SOCIAL (paper Alg. 1),4,0.9751406253176961,0.9751406253176961
Griewank,30,original,SOCIAL (paper Alg. 1),5,1.028810340409689,1.028810340409689
Griewank,30,original,SOCIAL (paper Alg. 1),6,1.0790686798029676,1.0790686798029676
Griewank,30,original,SOCIAL (paper Alg. 1),7,1.0054824297473848,1.0054824297473848
Griewank,30,original,SOCIAL (paper Alg. 1),8,0.9744419768215117,0.9744419768215117
Griewank,30,original,SOCIAL (paper Alg. 1),9,1.051995561212083,1.051995561212083
Griewank,30,original,CMA-ES,0,3.419486915845482e-14,3.419486915845482e-14
Griewank,30,original,CMA-ES,1,3.164135620181696e-14,3.164135620181696e-14
Griewank,30,original,CMA-ES,2,4.5630166312093934e-14,4.5630166312093934e-14
Griewank,30,original,CMA-ES,3,2.2426505097428162e-14,2.2426505097428162e-14
Griewank,30,original,CMA-ES,4,1.965094753586527e-14,1.965094753586527e-14
Griewank,30,original,CMA-ES,5,2.5424107263916085e-14,2.5424107263916085e-14
Griewank,30,original,CMA-ES,6,4.063416270128073e-14,4.063416270128073e-14
Griewank,30,original,CMA-ES,7,2.020605904817785e-14,2.020605904817785e-14
Griewank,30,original,CMA-ES,8,3.064215547965432e-14,3.064215547965432e-14
Griewank,30,original,CMA-ES,9,4.9960036108132044e-14,4.9960036108132044e-14
Griewank,30,original,DE,0,12.598538038704564,12.598538038704564
Griewank,30,original,DE,1,5.186905587484554,5.186905587484554
Griewank,30,original,DE,2,2.6770550217096822,2.6770550217096822
Griewank,30,original,DE,3,10.68557051505027,10.68557051505027
Griewank,30,original,DE,4,18.00379667693052,18.00379667693052
Griewank,30,original,DE,5,21.353268396967124,21.353268396967124
Griewank,30,original,DE,6,0.8919083692814408,0.8919083692814408
Griewank,30,original,DE,7,2.999879126766623,2.999879126766623
Griewank,30,original,DE,8,2.828366022974854,2.828366022974854
Griewank,30,original,DE,9,2.155092049723102,2.155092049723102
Griewank,30,original,PSO,0,3.3306690738754696e-16,3.3306690738754696e-16
Griewank,30,original,PSO,1,4.884981308350689e-15,4.884981308350689e-15
Griewank,30,original,PSO,2,0.2673557286348981,0.2673557286348981
Griewank,30,original,PSO,3,0.009857284608981942,0.009857284608981942
Griewank,30,original,PSO,4,0.23200395665711193,0.23200395665711193
Griewank,30,original,PSO,5,90.06057815246233,90.06057815246233
Griewank,30,original,PSO,6,0.009857284607828198,0.009857284607828198
Griewank,30,original,PSO,7,2.220446049250313e-16,2.220446049250313e-16
Griewank,30,original,PSO,8,0.019689998004851272,0.019689998004851272
Griewank,30,original,PSO,9,0.012316072519263588,0.012316072519263588
Griewank,30,original,random,0,389.08698079842753,389.08698079842753
Griewank,30,original,random,1,381.8652893511473,381.8652893511473
Griewank,30,original,random,2,347.00114761092584,347.00114761092584
Griewank,30,original,random,3,346.5681320252979,346.5681320252979
Griewank,30,original,random,4,385.68869862434906,385.68869862434906
Griewank,30,original,random,5,403.13154778907165,403.13154778907165
Griewank,30,original,random,6,340.1329952722841,340.1329952722841
Griewank,30,original,random,7,367.82398337547346,367.82398337547346
Griewank,30,original,random,8,367.59805651829737,367.59805651829737
Griewank,30,original,random,9,350.2820306152507,350.2820306152507
Griewank,30,shifted,SOCIAL (paper Alg. 1),0,1.1255205264229724,1.1255205264229724
Griewank,30,shifted,SOCIAL (paper Alg. 1),1,1.1024654151734117,1.1024654151734117
Griewank,30,shifted,SOCIAL (paper Alg. 1),2,1.1838403298794389,1.1838403298794389
Griewank,30,shifted,SOCIAL (paper Alg. 1),3,1.0769423420979065,1.0769423420979065
Griewank,30,shifted,SOCIAL (paper Alg. 1),4,1.114801758133681,1.114801758133681
Griewank,30,shifted,SOCIAL (paper Alg. 1),5,1.0953663602020665,1.0953663602020665
Griewank,30,shifted,SOCIAL (paper Alg. 1),6,1.1740744467141353,1.1740744467141353
Griewank,30,shifted,SOCIAL (paper Alg. 1),7,1.086315777372691,1.086315777372691
Griewank,30,shifted,SOCIAL (paper Alg. 1),8,1.0794848880996513,1.0794848880996513
Griewank,30,shifted,SOCIAL (paper Alg. 1),9,1.131040433457506,1.131040433457506
Griewank,30,shifted,CMA-ES,0,1.7319479184152442e-14,1.7319479184152442e-14
Griewank,30,shifted,CMA-ES,1,3.430589146091734e-14,3.430589146091734e-14
Griewank,30,shifted,CMA-ES,2,2.843281166065026e-13,2.843281166065026e-13
Griewank,30,shifted,CMA-ES,3,2.8199664825478976e-14,2.8199664825478976e-14
Griewank,30,shifted,CMA-ES,4,4.199973702156967e-13,4.199973702156967e-13
Griewank,30,shifted,CMA-ES,5,3.241851231905457e-14,3.241851231905457e-14
Griewank,30,shifted,CMA-ES,6,1.6653345369377348e-14,1.6653345369377348e-14
Griewank,30,shifted,CMA-ES,7,1.5654144647214707e-14,1.5654144647214707e-14
Griewank,30,shifted,CMA-ES,8,1.582067810090848e-13,1.582067810090848e-13
Griewank,30,shifted,CMA-ES,9,5.0182080713057076e-14,5.0182080713057076e-14
Griewank,30,shifted,DE,0,3.5955392658332483,3.5955392658332483
Griewank,30,shifted,DE,1,31.554916215671412,31.554916215671412
Griewank,30,shifted,DE,2,4.688113342331935,4.688113342331935
Griewank,30,shifted,DE,3,3.744969176554296,3.744969176554296
Griewank,30,shifted,DE,4,6.1414812954202755,6.1414812954202755
Griewank,30,shifted,DE,5,54.788584370136704,54.788584370136704
Griewank,30,shifted,DE,6,9.12376723365908,9.12376723365908
Griewank,30,shifted,DE,7,37.726653050828304,37.726653050828304
Griewank,30,shifted,DE,8,3.378513737207474,3.378513737207474
Griewank,30,shifted,DE,9,21.229158286288634,21.229158286288634
Griewank,30,shifted,PSO,0,389.7999707999898,389.7999707999898
Griewank,30,shifted,PSO,1,144.99958781745337,144.99958781745337
Griewank,30,shifted,PSO,2,87.39344738603715,87.39344738603715
Griewank,30,shifted,PSO,3,72.86573603145443,72.86573603145443
Griewank,30,shifted,PSO,4,274.442592745657,274.442592745657
Griewank,30,shifted,PSO,5,130.59808287684726,130.59808287684726
Griewank,30,shifted,PSO,6,116.20034655689739,116.20034655689739
Griewank,30,shifted,PSO,7,116.19147279840618,116.19147279840618
Griewank,30,shifted,PSO,8,101.74672680099418,101.74672680099418
Griewank,30,shifted,PSO,9,116.15438471634472,116.15438471634472
Griewank,30,shifted,random,0,552.0197305325535,552.0197305325535
Griewank,30,shifted,random,1,595.8872295166127,595.8872295166127
Griewank,30,shifted,random,2,537.0376375942777,537.0376375942777
Griewank,30,shifted,random,3,578.023989229157,578.023989229157
Griewank,30,shifted,random,4,556.4754282962151,556.4754282962151
Griewank,30,shifted,random,5,456.1541165928795,456.1541165928795
Griewank,30,shifted,random,6,574.2623269477184,574.2623269477184
Griewank,30,shifted,random,7,579.7859806318437,579.7859806318437
Griewank,30,shifted,random,8,570.2705325945299,570.2705325945299
Griewank,30,shifted,random,9,574.232387129065,574.232387129065
Hartman,3,original,SOCIAL (paper Alg. 1),0,-3.8626396244434424,-0.0026396244434425675
Hartman,3,original,SOCIAL (paper Alg. 1),1,-3.8589694009084363,0.0010305990915635554
Hartman,3,original,SOCIAL (paper Alg. 1),2,-3.857573716726408,0.002426283273591956
Hartman,3,original,SOCIAL (paper Alg. 1),3,-3.862755206040877,-0.0027552060408773116
Hartman,3,original,SOCIAL (paper Alg. 1),4,-3.8596773523875676,0.0003226476124322808
Hartman,3,original,SOCIAL (paper Alg. 1),5,-3.8620803261098136,-0.0020803261098136794
Hartman,3,original,SOCIAL (paper Alg. 1),6,-3.8509998247377126,0.009000175262287247
Hartman,3,original,SOCIAL (paper Alg. 1),7,-3.8603815169215476,-0.0003815169215477532
Hartman,3,original,SOCIAL (paper Alg. 1),8,-3.8466881054487096,0.013311894551290226
Hartman,3,original,SOCIAL (paper Alg. 1),9,-3.8615418389632663,-0.0015418389632664287
Hartman,3,original,CMA-ES,0,-3.862779787332662,-0.0027797873326620426
Hartman,3,original,CMA-ES,1,-3.862779787332663,-0.0027797873326629308
Hartman,3,original,CMA-ES,2,-3.862779787332663,-0.0027797873326629308
Hartman,3,original,CMA-ES,3,-3.8627797873326624,-0.0027797873326624867
Hartman,3,original,CMA-ES,4,-3.862779787332662,-0.0027797873326620426
Hartman,3,original,CMA-ES,5,-3.8627797873326624,-0.0027797873326624867
Hartman,3,original,CMA-ES,6,-3.862779787332662,-0.0027797873326620426
Hartman,3,original,CMA-ES,7,-3.8627797873326624,-0.0027797873326624867
Hartman,3,original,CMA-ES,8,-3.8627797873326624,-0.0027797873326624867
Hartman,3,original,CMA-ES,9,-3.8627797873326624,-0.0027797873326624867
Hartman,3,original,DE,0,-3.862779787332663,-0.0027797873326629308
Hartman,3,original,DE,1,-3.862779787332663,-0.0027797873326629308
Hartman,3,original,DE,2,-3.862779787332663,-0.0027797873326629308
Hartman,3,original,DE,3,-3.862779787332663,-0.0027797873326629308
Hartman,3,original,DE,4,-3.862779787332663,-0.0027797873326629308
Hartman,3,original,DE,5,-3.862779787332663,-0.0027797873326629308
Hartman,3,original,DE,6,-3.862779787332663,-0.0027797873326629308
Hartman,3,original,DE,7,-3.862779787332663,-0.0027797873326629308
Hartman,3,original,DE,8,-3.862779787332663,-0.0027797873326629308
Hartman,3,original,DE,9,-3.862779787332663,-0.0027797873326629308
Hartman,3,original,PSO,0,-3.0897641343826487,0.7702358656173511
Hartman,3,original,PSO,1,-3.862779787332663,-0.0027797873326629308
Hartman,3,original,PSO,2,-3.862779787332663,-0.0027797873326629308
Hartman,3,original,PSO,3,-3.862779787332663,-0.0027797873326629308
Hartman,3,original,PSO,4,-3.862779787332663,-0.0027797873326629308
Hartman,3,original,PSO,5,-3.862779787332663,-0.0027797873326629308
Hartman,3,original,PSO,6,-3.862779787332663,-0.0027797873326629308
Hartman,3,original,PSO,7,-3.862779787332663,-0.0027797873326629308
Hartman,3,original,PSO,8,-3.862779787332663,-0.0027797873326629308
Hartman,3,original,PSO,9,-3.862779787332663,-0.0027797873326629308
Hartman,3,original,random,0,-3.8545729791307295,0.0054270208692703825
Hartman,3,original,random,1,-3.861798053840111,-0.0017980538401110024
Hartman,3,original,random,2,-3.852416919448702,0.0075830805512979715
Hartman,3,original,random,3,-3.8590229588098333,0.0009770411901666165
Hartman,3,original,random,4,-3.8581669064726003,0.0018330935273995763
Hartman,3,original,random,5,-3.8559068828716416,0.004093117128358248
Hartman,3,original,random,6,-3.847674919979114,0.012325080020886059
Hartman,3,original,random,7,-3.850889595497725,0.00911040450227496
Hartman,3,original,random,8,-3.8417038412798945,0.01829615872010537
Hartman,3,original,random,9,-3.8392281162961224,0.020771883703877503
Kowalik,4,original,SOCIAL (paper Alg. 1),0,0.0018415877080653388,0.0015340877080653387
Kowalik,4,original,SOCIAL (paper Alg. 1),1,0.002180707995229981,0.0018732079952299809
Kowalik,4,original,SOCIAL (paper Alg. 1),2,0.002186163885110565,0.0018786638851105647
Kowalik,4,original,SOCIAL (paper Alg. 1),3,0.002192837830853106,0.0018853378308531059
Kowalik,4,original,SOCIAL (paper Alg. 1),4,0.0021564461281829,0.0018489461281828998
Kowalik,4,original,SOCIAL (paper Alg. 1),5,0.002081538734255271,0.001774038734255271
Kowalik,4,original,SOCIAL (paper Alg. 1),6,0.0026754849399162717,0.0023679849399162716
Kowalik,4,original,SOCIAL (paper Alg. 1),7,0.0047128094766364405,0.004405309476636441
Kowalik,4,original,SOCIAL (paper Alg. 1),8,0.0038524141496012023,0.0035449141496012022
Kowalik,4,original,SOCIAL (paper Alg. 1),9,0.002184579181970939,0.001877079181970939
Kowalik,4,original,CMA-ES,0,0.002163070832683624,0.0018555708326836238
Kowalik,4,original,CMA-ES,1,0.002110022555623708,0.001802522555623708
Kowalik,4,original,CMA-ES,2,0.0021100225557040284,0.0018025225557040283
Kowalik,4,original,CMA-ES,3,0.0023081797420484006,0.0020006797420484006
Kowalik,4,original,CMA-ES,4,0.002110022555881505,0.0018025225558815049
Kowalik,4,original,CMA-ES,5,0.0010534756939074804,0.0007459756939074804
Kowalik,4,original,CMA-ES,6,0.001684589849199142,0.001377089849199142
Kowalik,4,original,CMA-ES,7,0.015764398938555056,0.015456898938555055
Kowalik,4,original,CMA-ES,8,0.0021100239141267864,0.0018025239141267863
Kowalik,4,original,CMA-ES,9,0.002130325210308628,0.0018228252103086279
Kowalik,4,original,DE,0,0.0021463191151649278,0.0018388191151649277
Kowalik,4,original,DE,1,0.016579211709773268,0.01627171170977327
Kowalik,4,original,DE,2,0.002136203479178876,0.001828703479178876
Kowalik,4,original,DE,3,0.004035410612070213,0.0037279106120702127
Kowalik,4,original,DE,4,0.002145745388531739,0.001838245388531739
Kowalik,4,original,DE,5,0.0021303252102931776,0.0018228252102931775
Kowalik,4,original,DE,6,0.006775075052657873,0.0064675750526578734
Kowalik,4,original,DE,7,0.002135460405792528,0.001827960405792528
Kowalik,4,original,DE,8,0.002110037321647179,0.0018025373216471788
Kowalik,4,original,DE,9,0.0021391643081409874,0.0018316643081409873
Kowalik,4,original,PSO,0,0.016579211709773268,0.01627171170977327
Kowalik,4,original,PSO,1,0.06412646382986457,0.06381896382986457
Kowalik,4,original,PSO,2,0.002133146624743904,0.001825646624743904
Kowalik,4,original,PSO,3,0.02409254450452859,0.02378504450452859
Kowalik,4,original,PSO,4,0.0021303252102931832,0.0018228252102931832
Kowalik,4,original,PSO,5,0.002130407311655736,0.0018229073116557359
Kowalik,4,original,PSO,6,0.0023979036026131775,0.0020904036026131775
Kowalik,4,original,PSO,7,0.019906414069801957,0.019598914069801958
Kowalik,4,original,PSO,8,0.001695309584395675,0.001387809584395675
Kowalik,4,original,PSO,9,0.004027041430719906,0.003719541430719906
Kowalik,4,original,random,0,0.008596726149855996,0.008289226149855996
Kowalik,4,original,random,1,0.0032701050692672904,0.0029626050692672904
Kowalik,4,original,random,2,0.008331507018660058,0.008024007018660058
Kowalik,4,original,random,3,0.003413565133848221,0.003106065133848221
Kowalik,4,original,random,4,0.00837442720244733,0.00806692720244733
Kowalik,4,original,random,5,0.006849718248318458,0.0065422182483184585
Kowalik,4,original,random,6,0.0033075520682409646,0.0030000520682409645
Kowalik,4,original,random,7,0.010154825814655962,0.009847325814655961
Kowalik,4,original,random,8,0.010728555811669335,0.010421055811669334
Kowalik,4,original,random,9,0.0030671310732436766,0.0027596310732436766
Penalized,30,original,SOCIAL (paper Alg. 1),0,9.70248094965408,9.70248094965408
Penalized,30,original,SOCIAL (paper Alg. 1),1,9.338204371563204,9.338204371563204
Penalized,30,original,SOCIAL (paper Alg. 1),2,6.945917048252084,6.945917048252084
Penalized,30,original,SOCIAL (paper Alg. 1),3,9.680416710965837,9.680416710965837
Penalized,30,original,SOCIAL (paper Alg. 1),4,16.341988510362214,16.341988510362214
Penalized,30,original,SOCIAL (paper Alg. 1),5,10.283819859692652,10.283819859692652
Penalized,30,original,SOCIAL (paper Alg. 1),6,9.333383541024556,9.333383541024556
Penalized,30,original,SOCIAL (paper Alg. 1),7,9.866028155077085,9.866028155077085
Penalized,30,original,SOCIAL (paper Alg. 1),8,5.453874942288501,5.453874942288501
Penalized,30,original,SOCIAL (paper Alg. 1),9,9.674477869655771,9.674477869655771
Penalized,30,original,CMA-ES,0,3.634585117419514e-14,3.634585117419514e-14
Penalized,30,original,CMA-ES,1,6.035881507383617e-14,6.035881507383617e-14
Penalized,30,original,CMA-ES,2,3.8336902279659786e-14,3.8336902279659786e-14
Penalized,30,original,CMA-ES,3,2.3487519208975582e-14,2.3487519208975582e-14
Penalized,30,original,CMA-ES,4,1.1201595017915077e-14,1.1201595017915077e-14
Penalized,30,original,CMA-ES,5,3.272918635504365e-14,3.272918635504365e-14
Penalized,30,original,CMA-ES,6,3.683350056286718e-14,3.683350056286718e-14
Penalized,30,original,CMA-ES,7,2.5001578853179115e-14,2.5001578853179115e-14
Penalized,30,original,CMA-ES,8,6.524759342374814e-14,6.524759342374814e-14
Penalized,30,original,CMA-ES,9,2.997386576036075e-14,2.997386576036075e-14
Penalized,30,original,DE,0,17499.066018766647,17499.066018766647
Penalized,30,original,DE,1,32037.109343993598,32037.109343993598
Penalized,30,original,DE,2,37747.606318716804,37747.606318716804
Penalized,30,original,DE,3,1673.1208249247354,1673.1208249247354
Penalized,30,original,DE,4,138548.8800035861,138548.8800035861
Penalized,30,original,DE,5,12589.443424401581,12589.443424401581
Penalized,30,original,DE,6,302898.33677849895,302898.33677849895
Penalized,30,original,DE,7,578.2724318338671,578.2724318338671
Penalized,30,original,DE,8,29839.50259991219,29839.50259991219
Penalized,30,original,DE,9,5527.123862440453,5527.123862440453
Penalized,30,original,PSO,0,7680052.260452192,7680052.260452192
Penalized,30,original,PSO,1,1.198563462343816e-06,1.198563462343816e-06
Penalized,30,original,PSO,2,9.21764288062867e-12,9.21764288062867e-12
Penalized,30,original,PSO,3,1.0405883953818107,1.0405883953818107
Penalized,30,original,PSO,4,5.992631079372778e-10,5.992631079372778e-10
Penalized,30,original,PSO,5,2560016.655633252,2560016.655633252
Penalized,30,original,PSO,6,2560015.7145082536,2560015.7145082536
Penalized,30,original,PSO,7,0.9369247090019011,0.9369247090019011
Penalized,30,original,PSO,8,2560016.1333589945,2560016.1333589945
Penalized,30,original,PSO,9,5120032.993189882,5120032.993189882
Penalized,30,original,random,0,16760787.080722969,16760787.080722969
Penalized,30,original,random,1,12671164.93721209,12671164.93721209
Penalized,30,original,random,2,8286436.968544529,8286436.968544529
Penalized,30,original,random,3,8484372.893973552,8484372.893973552
Penalized,30,original,random,4,11347635.396537242,11347635.396537242
Penalized,30,original,random,5,8021895.381581322,8021895.381581322
Penalized,30,original,random,6,5162309.768328623,5162309.768328623
Penalized,30,original,random,7,11124860.446560282,11124860.446560282
Penalized,30,original,random,8,11143910.23773924,11143910.23773924
Penalized,30,original,random,9,7681245.965747275,7681245.965747275
Penalized,30,shifted,SOCIAL (paper Alg. 1),0,55.750228491568386,55.750228491568386
Penalized,30,shifted,SOCIAL (paper Alg. 1),1,27.639544782726382,27.639544782726382
Penalized,30,shifted,SOCIAL (paper Alg. 1),2,34.766165051780014,34.766165051780014
Penalized,30,shifted,SOCIAL (paper Alg. 1),3,59.934787254589146,59.934787254589146
Penalized,30,shifted,SOCIAL (paper Alg. 1),4,67.30885173808184,67.30885173808184
Penalized,30,shifted,SOCIAL (paper Alg. 1),5,120.24986121006462,120.24986121006462
Penalized,30,shifted,SOCIAL (paper Alg. 1),6,51.25146284508551,51.25146284508551
Penalized,30,shifted,SOCIAL (paper Alg. 1),7,138.58386369448368,138.58386369448368
Penalized,30,shifted,SOCIAL (paper Alg. 1),8,44.85685116795667,44.85685116795667
Penalized,30,shifted,SOCIAL (paper Alg. 1),9,91.33029660303922,91.33029660303922
Penalized,30,shifted,CMA-ES,0,1.6060439030687935e-14,1.6060439030687935e-14
Penalized,30,shifted,CMA-ES,1,3.5233883144622665e-14,3.5233883144622665e-14
Penalized,30,shifted,CMA-ES,2,2.0850380954177545e-14,2.0850380954177545e-14
Penalized,30,shifted,CMA-ES,3,4.744694812771081e-14,4.744694812771081e-14
Penalized,30,shifted,CMA-ES,4,2.3126372799579715e-14,2.3126372799579715e-14
Penalized,30,shifted,CMA-ES,5,2.959472825150928e-13,2.959472825150928e-13
Penalized,30,shifted,CMA-ES,6,2.849146091427155e-14,2.849146091427155e-14
Penalized,30,shifted,CMA-ES,7,2.9549724828444405e-13,2.9549724828444405e-13
Penalized,30,shifted,CMA-ES,8,4.122048005952386e-14,4.122048005952386e-14
Penalized,30,shifted,CMA-ES,9,6.975469084752316e-14,6.975469084752316e-14
Penalized,30,shifted,DE,0,8498615.569724763,8498615.569724763
Penalized,30,shifted,DE,1,185202.35057137068,185202.35057137068
Penalized,30,shifted,DE,2,1581581.2441267371,1581581.2441267371
Penalized,30,shifted,DE,3,169310.1884731072,169310.1884731072
Penalized,30,shifted,DE,4,342368.3435869811,342368.3435869811
Penalized,30,shifted,DE,5,11110517.292977279,11110517.292977279
Penalized,30,shifted,DE,6,2743903.121443307,2743903.121443307
Penalized,30,shifted,DE,7,1891608.0107314948,1891608.0107314948
Penalized,30,shifted,DE,8,1108865.170380574,1108865.170380574
Penalized,30,shifted,DE,9,736395.3721050051,736395.3721050051
Penalized,30,shifted,PSO,0,56120334.185557164,56120334.185557164
Penalized,30,shifted,PSO,1,26070110.237516142,26070110.237516142
Penalized,30,shifted,PSO,2,26080105.252076626,26080105.252076626
Penalized,30,shifted,PSO,3,48100311.369476065,48100311.369476065
Penalized,30,shifted,PSO,4,29130218.153565284,29130218.153565284
Penalized,30,shifted,PSO,5,27190336.931067355,27190336.931067355
Penalized,30,shifted,PSO,6,6080128.75658232,6080128.75658232
Penalized,30,shifted,PSO,7,24110312.557115156,24110312.557115156
Penalized,30,shifted,PSO,8,24120315.039534666,24120315.039534666
Penalized,30,shifted,PSO,9,2020014.3624194278,2020014.3624194278
Penalized,30,shifted,random,0,70647593.78206313,70647593.78206313
Penalized,30,shifted,random,1,34799260.69972587,34799260.69972587
Penalized,30,shifted,random,2,21360401.65999826,21360401.65999826
Penalized,30,shifted,random,3,297567637.0795907,297567637.0795907
Penalized,30,shifted,random,4,70636703.67360133,70636703.67360133
Penalized,30,shifted,random,5,78842097.14711216,78842097.14711216
Penalized,30,shifted,random,6,37798802.43012475,37798802.43012475
Penalized,30,shifted,random,7,58497477.691403076,58497477.691403076
Penalized,30,shifted,random,8,60529236.6106028,60529236.6106028
Penalized,30,shifted,random,9,97257920.65887763,97257920.65887763
Penalized2,30,original,SOCIAL (paper Alg. 1),0,0.39329091140496,0.39329091140496
Penalized2,30,original,SOCIAL (paper Alg. 1),1,9.37756409942913,9.37756409942913
Penalized2,30,original,SOCIAL (paper Alg. 1),2,0.9903174110564523,0.9903174110564523
Penalized2,30,original,SOCIAL (paper Alg. 1),3,6.016672046532435,6.016672046532435
Penalized2,30,original,SOCIAL (paper Alg. 1),4,3.1237504806548744,3.1237504806548744
Penalized2,30,original,SOCIAL (paper Alg. 1),5,2.6176565644732612,2.6176565644732612
Penalized2,30,original,SOCIAL (paper Alg. 1),6,7.9725925299512825,7.9725925299512825
Penalized2,30,original,SOCIAL (paper Alg. 1),7,1.7387027218474882,1.7387027218474882
Penalized2,30,original,SOCIAL (paper Alg. 1),8,4.579844842768737,4.579844842768737
Penalized2,30,original,SOCIAL (paper Alg. 1),9,2.956406594357235,2.956406594357235
Penalized2,30,original,CMA-ES,0,1.3905250237660623e-14,1.3905250237660623e-14
Penalized2,30,original,CMA-ES,1,2.798863673771954e-14,2.798863673771954e-14
Penalized2,30,original,CMA-ES,2,3.792108604627894e-14,3.792108604627894e-14
Penalized2,30,original,CMA-ES,3,2.535830417329081e-13,2.535830417329081e-13
Penalized2,30,original,CMA-ES,4,1.3095808015981487e-14,1.3095808015981487e-14
Penalized2,30,original,CMA-ES,5,4.68624360327023e-14,4.68624360327023e-14
Penalized2,30,original,CMA-ES,6,3.8620324700274636e-14,3.8620324700274636e-14
Penalized2,30,original,CMA-ES,7,2.983793135514641e-14,2.983793135514641e-14
Penalized2,30,original,CMA-ES,8,3.136285000391032e-14,3.136285000391032e-14
Penalized2,30,original,CMA-ES,9,2.714227313595489e-14,2.714227313595489e-14
Penalized2,30,original,DE,0,1608.9868513938136,1608.9868513938136
Penalized2,30,original,DE,1,27240.921994020126,27240.921994020126
Penalized2,30,original,DE,2,43462.420482664354,43462.420482664354
Penalized2,30,original,DE,3,1707.4701826010782,1707.4701826010782
Penalized2,30,original,DE,4,8683.745925156061,8683.745925156061
Penalized2,30,original,DE,5,34.01013077570876,34.01013077570876
Penalized2,30,original,DE,6,57402.40485413152,57402.40485413152
Penalized2,30,original,DE,7,1694.7300542965947,1694.7300542965947
Penalized2,30,original,DE,8,16.54670494194124,16.54670494194124
Penalized2,30,original,DE,9,1308.954706630457,1308.954706630457
Penalized2,30,original,PSO,0,5.477528813074036e-06,5.477528813074036e-06
Penalized2,30,original,PSO,1,410303.365886579,410303.365886579
Penalized2,30,original,PSO,2,6.609938745550995e-07,6.609938745550995e-07
Penalized2,30,original,PSO,3,410302.85219240125,410302.85219240125
Penalized2,30,original,PSO,4,5.863230907516254,5.863230907516254
Penalized2,30,original,PSO,5,0.02102376578320952,0.02102376578320952
Penalized2,30,original,PSO,6,1.3816715070092148e-14,1.3816715070092148e-14
Penalized2,30,original,PSO,7,0.10986739542931408,0.10986739542931408
Penalized2,30,original,PSO,8,1.6084489608390151,1.6084489608390151
Penalized2,30,original,PSO,9,410304.610329474,410304.610329474
Penalized2,30,original,random,0,1041902.454037707,1041902.454037707
Penalized2,30,original,random,1,1455293.8259395256,1455293.8259395256
Penalized2,30,original,random,2,1042025.5502572161,1042025.5502572161
Penalized2,30,original,random,3,873180.6990428203,873180.6990428203
Penalized2,30,original,random,4,744654.3789222589,744654.3789222589
Penalized2,30,original,random,5,958751.1318429756,958751.1318429756
Penalized2,30,original,random,6,1040809.3443369219,1040809.3443369219
Penalized2,30,original,random,7,781793.0742436036,781793.0742436036
Penalized2,30,original,random,8,742584.3704897999,742584.3704897999
Penalized2,30,original,random,9,1074838.1480600296,1074838.1480600296
Penalized2,30,shifted,SOCIAL (paper Alg. 1),0,65.20732683548933,65.20732683548933
Penalized2,30,shifted,SOCIAL (paper Alg. 1),1,75.13484964356066,75.13484964356066
Penalized2,30,shifted,SOCIAL (paper Alg. 1),2,80.14559300602231,80.14559300602231
Penalized2,30,shifted,SOCIAL (paper Alg. 1),3,137.0873055438119,137.0873055438119
Penalized2,30,shifted,SOCIAL (paper Alg. 1),4,77.89153798871523,77.89153798871523
Penalized2,30,shifted,SOCIAL (paper Alg. 1),5,82.89169643272731,82.89169643272731
Penalized2,30,shifted,SOCIAL (paper Alg. 1),6,78.67116422212436,78.67116422212436
Penalized2,30,shifted,SOCIAL (paper Alg. 1),7,123.78256086590844,123.78256086590844
Penalized2,30,shifted,SOCIAL (paper Alg. 1),8,39.82797834611067,39.82797834611067
Penalized2,30,shifted,SOCIAL (paper Alg. 1),9,65.82527325267233,65.82527325267233
Penalized2,30,shifted,CMA-ES,0,2.1071215306710484e-14,2.1071215306710484e-14
Penalized2,30,shifted,CMA-ES,1,5.035299845086603e-14,5.035299845086603e-14
Penalized2,30,shifted,CMA-ES,2,2.6608395903342503e-14,2.6608395903342503e-14
Penalized2,30,shifted,CMA-ES,3,3.180281449529726e-14,3.180281449529726e-14
Penalized2,30,shifted,CMA-ES,4,2.923420601290359e-14,2.923420601290359e-14
Penalized2,30,shifted,CMA-ES,5,2.0016041006570766e-14,2.0016041006570766e-14
Penalized2,30,shifted,CMA-ES,6,1.7782522861919047e-14,1.7782522861919047e-14
Penalized2,30,shifted,CMA-ES,7,1.5174085041171042e-14,1.5174085041171042e-14
Penalized2,30,shifted,CMA-ES,8,2.071779857190739e-14,2.071779857190739e-14
Penalized2,30,shifted,CMA-ES,9,2.1987531216940872e-14,2.1987531216940872e-14
Penalized2,30,shifted,DE,0,31361.346877741144,31361.346877741144
Penalized2,30,shifted,DE,1,62548.43180304196,62548.43180304196
Penalized2,30,shifted,DE,2,133601.0188524972,133601.0188524972
Penalized2,30,shifted,DE,3,224002.85135816564,224002.85135816564
Penalized2,30,shifted,DE,4,7766.194772134826,7766.194772134826
Penalized2,30,shifted,DE,5,3535.695176466531,3535.695176466531
Penalized2,30,shifted,DE,6,30262.938084498066,30262.938084498066
Penalized2,30,shifted,DE,7,217131.8336266905,217131.8336266905
Penalized2,30,shifted,DE,8,64096.72110668169,64096.72110668169
Penalized2,30,shifted,DE,9,136466.9181719616,136466.9181719616
Penalized2,30,shifted,PSO,0,121764.45339940791,121764.45339940791
Penalized2,30,shifted,PSO,1,121736.45040859657,121736.45040859657
Penalized2,30,shifted,PSO,2,35694.4879513537,35694.4879513537
Penalized2,30,shifted,PSO,3,299237.2998349434,299237.2998349434
Penalized2,30,shifted,PSO,4,192802.6319182536,192802.6319182536
Penalized2,30,shifted,PSO,5,192812.2057417452,192812.2057417452
Penalized2,30,shifted,PSO,6,385303.1746699166,385303.1746699166
Penalized2,30,shifted,PSO,7,223079.59944664108,223079.59944664108
Penalized2,30,shifted,PSO,8,116647.7886771345,116647.7886771345
Penalized2,30,shifted,PSO,9,187709.85403887893,187709.85403887893
Penalized2,30,shifted,random,0,7687185.006402633,7687185.006402633
Penalized2,30,shifted,random,1,5538763.779944371,5538763.779944371
Penalized2,30,shifted,random,2,6638426.843474218,6638426.843474218
Penalized2,30,shifted,random,3,5463615.179417589,5463615.179417589
Penalized2,30,shifted,random,4,3562024.751523868,3562024.751523868
Penalized2,30,shifted,random,5,4240302.53525071,4240302.53525071
Penalized2,30,shifted,random,6,2562862.1221204535,2562862.1221204535
Penalized2,30,shifted,random,7,2301432.108043834,2301432.108043834
Penalized2,30,shifted,random,8,9480112.81671106,9480112.81671106
Penalized2,30,shifted,random,9,2452042.525402494,2452042.525402494
Quartic,30,original,SOCIAL (paper Alg. 1),0,6.150479084178269e-06,6.150479084178269e-06
Quartic,30,original,SOCIAL (paper Alg. 1),1,4.535782460948999e-06,4.535782460948999e-06
Quartic,30,original,SOCIAL (paper Alg. 1),2,1.0313643693324208e-05,1.0313643693324208e-05
Quartic,30,original,SOCIAL (paper Alg. 1),3,3.167358969452019e-06,3.167358969452019e-06
Quartic,30,original,SOCIAL (paper Alg. 1),4,2.3179648456293378e-06,2.3179648456293378e-06
Quartic,30,original,SOCIAL (paper Alg. 1),5,9.166674304311782e-07,9.166674304311782e-07
Quartic,30,original,SOCIAL (paper Alg. 1),6,9.986884763016468e-07,9.986884763016468e-07
Quartic,30,original,SOCIAL (paper Alg. 1),7,2.2924626707307827e-06,2.2924626707307827e-06
Quartic,30,original,SOCIAL (paper Alg. 1),8,7.931610847612871e-07,7.931610847612871e-07
Quartic,30,original,SOCIAL (paper Alg. 1),9,8.029051895138676e-07,8.029051895138676e-07
Quartic,30,original,CMA-ES,0,4.14335600268997e-17,4.14335600268997e-17
Quartic,30,original,CMA-ES,1,2.532177867496559e-16,2.532177867496559e-16
Quartic,30,original,CMA-ES,2,4.0919993174100797e-16,4.0919993174100797e-16
Quartic,30,original,CMA-ES,3,3.5570019564252376e-16,3.5570019564252376e-16
Quartic,30,original,CMA-ES,4,4.23939132962548e-16,4.23939132962548e-16
Quartic,30,original,CMA-ES,5,2.0828813711440345e-16,2.0828813711440345e-16
Quartic,30,original,CMA-ES,6,1.0820187993694082e-16,1.0820187993694082e-16
Quartic,30,original,CMA-ES,7,1.7314609177252524e-16,1.7314609177252524e-16
Quartic,30,original,CMA-ES,8,6.482297340685491e-16,6.482297340685491e-16
Quartic,30,original,CMA-ES,9,5.989535849831466e-17,5.989535849831466e-17
Quartic,30,original,DE,0,1.4877281290168793,1.4877281290168793
Quartic,30,original,DE,1,0.39897379409480244,0.39897379409480244
Quartic,30,original,DE,2,0.7894646886313791,0.7894646886313791
Quartic,30,original,DE,3,0.19381428316437663,0.19381428316437663
Quartic,30,original,DE,4,0.233495028516178,0.233495028516178
Quartic,30,original,DE,5,0.07410748699691366,0.07410748699691366
Quartic,30,original,DE,6,0.13542873466228372,0.13542873466228372
Quartic,30,original,DE,7,0.09338746901920389,0.09338746901920389
Quartic,30,original,DE,8,0.04868210725361079,0.04868210725361079
Quartic,30,original,DE,9,0.07489917758339117,0.07489917758339117
Quartic,30,original,PSO,0,2.084888328028069e-31,2.084888328028069e-31
Quartic,30,original,PSO,1,1.597005443514996e-30,1.597005443514996e-30
Quartic,30,original,PSO,2,2.1837747003208164e-34,2.1837747003208164e-34
Quartic,30,original,PSO,3,1.7315108768852897e-31,1.7315108768852897e-31
Quartic,30,original,PSO,4,5.368709120000001,5.368709120000001
Quartic,30,original,PSO,5,2.717225968882812e-31,2.717225968882812e-31
Quartic,30,original,PSO,6,6.646502678678664e-34,6.646502678678664e-34
Quartic,30,original,PSO,7,2.610755369497814e-31,2.610755369497814e-31
Quartic,30,original,PSO,8,2.653810848490727e-36,2.653810848490727e-36
Quartic,30,original,PSO,9,1.0894014807781152e-32,1.0894014807781152e-32
Quartic,30,original,random,0,44.191904700026534,44.191904700026534
Quartic,30,original,random,1,44.84465676041511,44.84465676041511
Quartic,30,original,random,2,36.66439985565165,36.66439985565165
Quartic,30,original,random,3,50.789542755764096,50.789542755764096
Quartic,30,original,random,4,42.92524063602222,42.92524063602222
Quartic,30,original,random,5,49.17110086890923,49.17110086890923
Quartic,30,original,random,6,28.862716870314575,28.862716870314575
Quartic,30,original,random,7,47.350027181739996,47.350027181739996
Quartic,30,original,random,8,42.567453879740555,42.567453879740555
Quartic,30,original,random,9,35.83481550178809,35.83481550178809
Quartic,30,shifted,SOCIAL (paper Alg. 1),0,0.00022310045832184028,0.00022310045832184028
Quartic,30,shifted,SOCIAL (paper Alg. 1),1,0.0002885715477523119,0.0002885715477523119
Quartic,30,shifted,SOCIAL (paper Alg. 1),2,0.0003966178625760935,0.0003966178625760935
Quartic,30,shifted,SOCIAL (paper Alg. 1),3,0.000631859415504456,0.000631859415504456
Quartic,30,shifted,SOCIAL (paper Alg. 1),4,0.00011721082922651444,0.00011721082922651444
Quartic,30,shifted,SOCIAL (paper Alg. 1),5,0.00017459993971952697,0.00017459993971952697
Quartic,30,shifted,SOCIAL (paper Alg. 1),6,0.0004469809372106236,0.0004469809372106236
Quartic,30,shifted,SOCIAL (paper Alg. 1),7,0.00023896385164884248,0.00023896385164884248
Quartic,30,shifted,SOCIAL (paper Alg. 1),8,0.0007117572193820287,0.0007117572193820287
Quartic,30,shifted,SOCIAL (paper Alg. 1),9,0.0005231911190938008,0.0005231911190938008
Quartic,30,shifted,CMA-ES,0,1.27002237554954e-16,1.27002237554954e-16
Quartic,30,shifted,CMA-ES,1,2.2401191997652677e-16,2.2401191997652677e-16
Quartic,30,shifted,CMA-ES,2,3.7057799157222273e-16,3.7057799157222273e-16
Quartic,30,shifted,CMA-ES,3,2.006105022390992e-16,2.006105022390992e-16
Quartic,30,shifted,CMA-ES,4,2.9574891232807627e-16,2.9574891232807627e-16
Quartic,30,shifted,CMA-ES,5,1.7840096862714184e-16,1.7840096862714184e-16
Quartic,30,shifted,CMA-ES,6,1.9090918053105784e-16,1.9090918053105784e-16
Quartic,30,shifted,CMA-ES,7,1.8297694097334212e-16,1.8297694097334212e-16
Quartic,30,shifted,CMA-ES,8,2.4762450229324103e-16,2.4762450229324103e-16
Quartic,30,shifted,CMA-ES,9,5.447891093948484e-16,5.447891093948484e-16
Quartic,30,shifted,DE,0,12.069700265369509,12.069700265369509
Quartic,30,shifted,DE,1,0.4766521404954954,0.4766521404954954
Quartic,30,shifted,DE,2,1.1186218827281367,1.1186218827281367
Quartic,30,shifted,DE,3,0.17595425516137417,0.17595425516137417
Quartic,30,shifted,DE,4,2.0622676958555317,2.0622676958555317
Quartic,30,shifted,DE,5,1.313329611062584,1.313329611062584
Quartic,30,shifted,DE,6,0.2010899386524703,0.2010899386524703
Quartic,30,shifted,DE,7,3.2483884020069795,3.2483884020069795
Quartic,30,shifted,DE,8,3.3524076584437075,3.3524076584437075
Quartic,30,shifted,DE,9,0.9091884717874527,0.9091884717874527
Quartic,30,shifted,PSO,0,14.431090114560003,14.431090114560003
Quartic,30,shifted,PSO,1,3.4359738368000006,3.4359738368000006
Quartic,30,shifted,PSO,2,17.729624997888006,17.729624997888006
Quartic,30,shifted,PSO,3,11.682311045120002,11.682311045120002
Quartic,30,shifted,PSO,4,30.786325577728004,30.786325577728004
Quartic,30,shifted,PSO,5,8.521215115264003,8.521215115264003
Quartic,30,shifted,PSO,6,116.75439097446402,116.75439097446402
Quartic,30,shifted,PSO,7,13.125420056576,13.125420056576
Quartic,30,shifted,PSO,8,7.421703487488001,7.421703487488001
Quartic,30,shifted,PSO,9,15.255723835392004,15.255723835392004
Quartic,30,shifted,random,0,82.92851826561758,82.92851826561758
Quartic,30,shifted,random,1,67.8807651418384,67.8807651418384
Quartic,30,shifted,random,2,171.28681819138652,171.28681819138652
Quartic,30,shifted,random,3,153.08410811961653,153.08410811961653
Quartic,30,shifted,random,4,98.0307475438425,98.0307475438425
Quartic,30,shifted,random,5,166.06040085740216,166.06040085740216
Quartic,30,shifted,random,6,97.08623429730245,97.08623429730245
Quartic,30,shifted,random,7,189.0757111218992,189.0757111218992
Quartic,30,shifted,random,8,146.37843307390423,146.37843307390423
Quartic,30,shifted,random,9,133.9039211807645,133.9039211807645
Rastrigin,30,original,SOCIAL (paper Alg. 1),0,50.83063611123973,50.83063611123973
Rastrigin,30,original,SOCIAL (paper Alg. 1),1,21.806823978511147,21.806823978511147
Rastrigin,30,original,SOCIAL (paper Alg. 1),2,34.45841334817544,34.45841334817544
Rastrigin,30,original,SOCIAL (paper Alg. 1),3,45.65176274424843,45.65176274424843
Rastrigin,30,original,SOCIAL (paper Alg. 1),4,41.871145727278645,41.871145727278645
Rastrigin,30,original,SOCIAL (paper Alg. 1),5,44.698475592230295,44.698475592230295
Rastrigin,30,original,SOCIAL (paper Alg. 1),6,50.2402428047256,50.2402428047256
Rastrigin,30,original,SOCIAL (paper Alg. 1),7,26.077968627537075,26.077968627537075
Rastrigin,30,original,SOCIAL (paper Alg. 1),8,26.32166049261599,26.32166049261599
Rastrigin,30,original,SOCIAL (paper Alg. 1),9,29.546733739606623,29.546733739606623
Rastrigin,30,original,CMA-ES,0,27.858833447335883,27.858833447335883
Rastrigin,30,original,CMA-ES,1,34.82354180917008,34.82354180917008
Rastrigin,30,original,CMA-ES,2,15.91934491350662,15.91934491350662
Rastrigin,30,original,CMA-ES,3,30.843710618616115,30.843710618616115
Rastrigin,30,original,CMA-ES,4,21.8890891804146,21.8890891804146
Rastrigin,30,original,CMA-ES,5,22.88404319968896,22.88404319968896
Rastrigin,30,original,CMA-ES,6,13.929426799306327,13.929426799306327
Rastrigin,30,original,CMA-ES,7,16.91430397058616,16.91430397058616
Rastrigin,30,original,CMA-ES,8,34.823546846989245,34.823546846989245
Rastrigin,30,original,CMA-ES,9,22.884048237508523,22.884048237508523
Rastrigin,30,original,DE,0,30.544885643820464,30.544885643820464
Rastrigin,30,original,DE,1,35.64373015684271,35.64373015684271
Rastrigin,30,original,DE,2,41.33288153066928,41.33288153066928
Rastrigin,30,original,DE,3,49.43672760408185,49.43672760408185
Rastrigin,30,original,DE,4,35.67772511612361,35.67772511612361
Rastrigin,30,original,DE,5,27.187841918466574,27.187841918466574
Rastrigin,30,original,DE,6,27.06007672535361,27.06007672535361
Rastrigin,30,original,DE,7,29.380519319370762,29.380519319370762
Rastrigin,30,original,DE,8,23.98131591928444,23.98131591928444
Rastrigin,30,original,DE,9,36.886967479433565,36.886967479433565
Rastrigin,30,original,PSO,0,103.47542895564112,103.47542895564112
Rastrigin,30,original,PSO,1,110.51095136998578,110.51095136998578
Rastrigin,30,original,PSO,2,109.51612975409108,109.51612975409108
Rastrigin,30,original,PSO,3,69.64675923237064,69.64675923237064
Rastrigin,30,original,PSO,4,125.36421898368215,125.36421898368215
Rastrigin,30,original,PSO,5,109.4451074117033,109.4451074117033
Rastrigin,30,original,PSO,6,153.2941109106821,153.2941109106821
Rastrigin,30,original,PSO,7,86.56115017415055,86.56115017415055
Rastrigin,30,original,PSO,8,83.64737109429731,83.64737109429731
Rastrigin,30,original,PSO,9,139.36465809517682,139.36465809517682
Rastrigin,30,original,random,0,357.20468627567203,357.20468627567203
Rastrigin,30,original,random,1,339.5183055839505,339.5183055839505
Rastrigin,30,original,random,2,348.05173021262374,348.05173021262374
Rastrigin,30,original,random,3,309.4143479161816,309.4143479161816
Rastrigin,30,original,random,4,319.23959767474935,319.23959767474935
Rastrigin,30,original,random,5,337.6966904485616,337.6966904485616
Rastrigin,30,original,random,6,306.94707271788786,306.94707271788786
Rastrigin,30,original,random,7,339.50363671270753,339.50363671270753
Rastrigin,30,original,random,8,351.21086838588997,351.21086838588997
Rastrigin,30,original,random,9,331.2396791378866,331.2396791378866
Rastrigin,30,shifted,SOCIAL (paper Alg. 1),0,292.4272131660081,292.4272131660081
Rastrigin,30,shifted,SOCIAL (paper Alg. 1),1,296.4640968620186,296.4640968620186
Rastrigin,30,shifted,SOCIAL (paper Alg. 1),2,206.06273939284017,206.06273939284017
Rastrigin,30,shifted,SOCIAL (paper Alg. 1),3,299.73527150625665,299.73527150625665
Rastrigin,30,shifted,SOCIAL (paper Alg. 1),4,265.4109412916139,265.4109412916139
Rastrigin,30,shifted,SOCIAL (paper Alg. 1),5,261.6141802563076,261.6141802563076
Rastrigin,30,shifted,SOCIAL (paper Alg. 1),6,290.92671707904816,290.92671707904816
Rastrigin,30,shifted,SOCIAL (paper Alg. 1),7,270.26209574105286,270.26209574105286
Rastrigin,30,shifted,SOCIAL (paper Alg. 1),8,249.1331686690927,249.1331686690927
Rastrigin,30,shifted,SOCIAL (paper Alg. 1),9,234.37259055898483,234.37259055898483
Rastrigin,30,shifted,CMA-ES,0,70.64201244851847,70.64201244851847
Rastrigin,30,shifted,CMA-ES,1,69.64703823252978,69.64703823252978
Rastrigin,30,shifted,CMA-ES,2,68.65209937215101,68.65209937215101
Rastrigin,30,shifted,CMA-ES,3,59.69747793395095,59.69747793395095
Rastrigin,30,shifted,CMA-ES,4,62.68235006741028,62.68235006741028
Rastrigin,30,shifted,CMA-ES,5,69.64705349880785,69.64705349880785
Rastrigin,30,shifted,CMA-ES,6,49.74790751429293,49.74790751429293
Rastrigin,30,shifted,CMA-ES,7,66.66218125796445,66.66218125796445
Rastrigin,30,shifted,CMA-ES,8,64.67225302270151,64.67225302270151
Rastrigin,30,shifted,CMA-ES,9,70.64201748633758,70.64201748633758
Rastrigin,30,shifted,DE,0,76.52767658760766,76.52767658760766
Rastrigin,30,shifted,DE,1,65.52664728012027,65.52664728012027
Rastrigin,30,shifted,DE,2,71.95265044329213,71.95265044329213
Rastrigin,30,shifted,DE,3,59.83014300842578,59.83014300842578
Rastrigin,30,shifted,DE,4,43.59637839752912,43.59637839752912
Rastrigin,30,shifted,DE,5,67.32296296169011,67.32296296169011
Rastrigin,30,shifted,DE,6,45.09913396715518,45.09913396715518
Rastrigin,30,shifted,DE,7,98.98292961358132,98.98292961358132
Rastrigin,30,shifted,DE,8,76.74120779732763,76.74120779732763
Rastrigin,30,shifted,DE,9,66.44456294427454,66.44456294427454
Rastrigin,30,shifted,PSO,0,198.00234984704804,198.00234984704804
Rastrigin,30,shifted,PSO,1,87.58656223047376,87.58656223047376
Rastrigin,30,shifted,PSO,2,99.18926400662014,99.18926400662014
Rastrigin,30,shifted,PSO,3,86.92830387806521,86.92830387806521
Rastrigin,30,shifted,PSO,4,182.37724606357438,182.37724606357438
Rastrigin,30,shifted,PSO,5,92.5612664705472,92.5612664705472
Rastrigin,30,shifted,PSO,6,182.3772410257553,182.3772410257553
Rastrigin,30,shifted,PSO,7,172.17145578249657,172.17145578249657
Rastrigin,30,shifted,PSO,8,96.22717991706511,96.22717991706511
Rastrigin,30,shifted,PSO,9,91.88785997792047,91.88785997792047
Rastrigin,30,shifted,random,0,385.5418112583177,385.5418112583177
Rastrigin,30,shifted,random,1,436.00379289384006,436.00379289384006
Rastrigin,30,shifted,random,2,447.7357006708361,447.7357006708361
Rastrigin,30,shifted,random,3,420.8477882543298,420.8477882543298
Rastrigin,30,shifted,random,4,438.8810071866678,438.8810071866678
Rastrigin,30,shifted,random,5,390.19880647397537,390.19880647397537
Rastrigin,30,shifted,random,6,446.3164884480883,446.3164884480883
Rastrigin,30,shifted,random,7,422.3260316102077,422.3260316102077
Rastrigin,30,shifted,random,8,425.04176175843776,425.04176175843776
Rastrigin,30,shifted,random,9,439.1055409831593,439.1055409831593
Rosenbrock,30,original,SOCIAL (paper Alg. 1),0,278.48099854047814,278.48099854047814
Rosenbrock,30,original,SOCIAL (paper Alg. 1),1,870.8020301947987,870.8020301947987
Rosenbrock,30,original,SOCIAL (paper Alg. 1),2,332.99968051486775,332.99968051486775
Rosenbrock,30,original,SOCIAL (paper Alg. 1),3,560.8802703809573,560.8802703809573
Rosenbrock,30,original,SOCIAL (paper Alg. 1),4,452.7184721271303,452.7184721271303
Rosenbrock,30,original,SOCIAL (paper Alg. 1),5,116.57942031057293,116.57942031057293
Rosenbrock,30,original,SOCIAL (paper Alg. 1),6,148.89680976593885,148.89680976593885
Rosenbrock,30,original,SOCIAL (paper Alg. 1),7,63.03159742360715,63.03159742360715
Rosenbrock,30,original,SOCIAL (paper Alg. 1),8,778.2550366618291,778.2550366618291
Rosenbrock,30,original,SOCIAL (paper Alg. 1),9,741.0216308555002,741.0216308555002
Rosenbrock,30,original,CMA-ES,0,1.1577172007160443,1.1577172007160443
Rosenbrock,30,original,CMA-ES,1,1.704398778523324,1.704398778523324
Rosenbrock,30,original,CMA-ES,2,1.0807053601267886,1.0807053601267886
Rosenbrock,30,original,CMA-ES,3,0.27762172538611035,0.27762172538611035
Rosenbrock,30,original,CMA-ES,4,9.437463469419228,9.437463469419228
Rosenbrock,30,original,CMA-ES,5,4.369580474937629,4.369580474937629
Rosenbrock,30,original,CMA-ES,6,2.5213051749517335,2.5213051749517335
Rosenbrock,30,original,CMA-ES,7,3.8870159863574782,3.8870159863574782
Rosenbrock,30,original,CMA-ES,8,8.381988189497825,8.381988189497825
Rosenbrock,30,original,CMA-ES,9,1.0011774107507851,1.0011774107507851
Rosenbrock,30,original,DE,0,511043.91533641773,511043.91533641773
Rosenbrock,30,original,DE,1,958255.1708450236,958255.1708450236
Rosenbrock,30,original,DE,2,23234.777629030774,23234.777629030774
Rosenbrock,30,original,DE,3,240147.96902386294,240147.96902386294
Rosenbrock,30,original,DE,4,18509.0448484444,18509.0448484444
Rosenbrock,30,original,DE,5,159867.07591589956,159867.07591589956
Rosenbrock,30,original,DE,6,556142.6848612126,556142.6848612126
Rosenbrock,30,original,DE,7,195580.6696327233,195580.6696327233
Rosenbrock,30,original,DE,8,73481.0618020477,73481.0618020477
Rosenbrock,30,original,DE,9,16979.217287739983,16979.217287739983
Rosenbrock,30,original,PSO,0,22.0069806277143,22.0069806277143
Rosenbrock,30,original,PSO,1,90023.63958703988,90023.63958703988
Rosenbrock,30,original,PSO,2,90006.23265965653,90006.23265965653
Rosenbrock,30,original,PSO,3,200.11887031936737,200.11887031936737
Rosenbrock,30,original,PSO,4,3041.1505218062316,3041.1505218062316
Rosenbrock,30,original,PSO,5,83.9877629308456,83.9877629308456
Rosenbrock,30,original,PSO,6,3.918085945448717,3.918085945448717
Rosenbrock,30,original,PSO,7,90012.1210881617,90012.1210881617
Rosenbrock,30,original,PSO,8,19.942708728525748,19.942708728525748
Rosenbrock,30,original,PSO,9,0.28026082881986136,0.28026082881986136
Rosenbrock,30,original,random,0,123441989.07993342,123441989.07993342
Rosenbrock,30,original,random,1,104516088.36528495,104516088.36528495
Rosenbrock,30,original,random,2,73430958.84195644,73430958.84195644
Rosenbrock,30,original,random,3,101230532.05618158,101230532.05618158
Rosenbrock,30,original,random,4,106014416.42232916,106014416.42232916
Rosenbrock,30,original,random,5,108948840.55488892,108948840.55488892
Rosenbrock,30,original,random,6,91265026.68872261,91265026.68872261
Rosenbrock,30,original,random,7,99723452.72529477,99723452.72529477
Rosenbrock,30,original,random,8,69877107.92363144,69877107.92363144
Rosenbrock,30,original,random,9,98758907.78529422,98758907.78529422
Rosenbrock,30,shifted,SOCIAL (paper Alg. 1),0,1516.6759871422812,1516.6759871422812
Rosenbrock,30,shifted,SOCIAL (paper Alg. 1),1,1922.7453855078134,1922.7453855078134
Rosenbrock,30,shifted,SOCIAL (paper Alg. 1),2,5284.797438911257,5284.797438911257
Rosenbrock,30,shifted,SOCIAL (paper Alg. 1),3,4158.870103880921,4158.870103880921
Rosenbrock,30,shifted,SOCIAL (paper Alg. 1),4,3256.915592818191,3256.915592818191
Rosenbrock,30,shifted,SOCIAL (paper Alg. 1),5,35680.97169891477,35680.97169891477
Rosenbrock,30,shifted,SOCIAL (paper Alg. 1),6,1850.993386072794,1850.993386072794
Rosenbrock,30,shifted,SOCIAL (paper Alg. 1),7,1820.2504860704562,1820.2504860704562
Rosenbrock,30,shifted,SOCIAL (paper Alg. 1),8,3797.3045297006506,3797.3045297006506
Rosenbrock,30,shifted,SOCIAL (paper Alg. 1),9,3546.354686751583,3546.354686751583
Rosenbrock,30,shifted,CMA-ES,0,0.14668572419732578,0.14668572419732578
Rosenbrock,30,shifted,CMA-ES,1,0.40670919571196673,0.40670919571196673
Rosenbrock,30,shifted,CMA-ES,2,4.092962750554369,4.092962750554369
Rosenbrock,30,shifted,CMA-ES,3,1.5492914598579681,1.5492914598579681
Rosenbrock,30,shifted,CMA-ES,4,21.82464216557268,21.82464216557268
Rosenbrock,30,shifted,CMA-ES,5,1.4729416694699813,1.4729416694699813
Rosenbrock,30,shifted,CMA-ES,6,5.422069497039032,5.422069497039032
Rosenbrock,30,shifted,CMA-ES,7,3.9948492504065385,3.9948492504065385
Rosenbrock,30,shifted,CMA-ES,8,1.5198470467346612,1.5198470467346612
Rosenbrock,30,shifted,CMA-ES,9,1.227258748373314,1.227258748373314
Rosenbrock,30,shifted,DE,0,908051.7499985371,908051.7499985371
Rosenbrock,30,shifted,DE,1,3727355.8170572715,3727355.8170572715
Rosenbrock,30,shifted,DE,2,288675.3753077218,288675.3753077218
Rosenbrock,30,shifted,DE,3,4281630.696089679,4281630.696089679
Rosenbrock,30,shifted,DE,4,5028326.023745525,5028326.023745525
Rosenbrock,30,shifted,DE,5,512391.7520909507,512391.7520909507
Rosenbrock,30,shifted,DE,6,665168.1239724958,665168.1239724958
Rosenbrock,30,shifted,DE,7,10852431.149038374,10852431.149038374
Rosenbrock,30,shifted,DE,8,4961036.757765679,4961036.757765679
Rosenbrock,30,shifted,DE,9,823445.4342325649,823445.4342325649
Rosenbrock,30,shifted,PSO,0,28361866.301480446,28361866.301480446
Rosenbrock,30,shifted,PSO,1,23338497.514154017,23338497.514154017
Rosenbrock,30,shifted,PSO,2,6859112.784836972,6859112.784836972
Rosenbrock,30,shifted,PSO,3,25637384.20352127,25637384.20352127
Rosenbrock,30,shifted,PSO,4,21423109.195039354,21423109.195039354
Rosenbrock,30,shifted,PSO,5,24263331.386722736,24263331.386722736
Rosenbrock,30,shifted,PSO,6,14309055.788120562,14309055.788120562
Rosenbrock,30,shifted,PSO,7,34887624.56234528,34887624.56234528
Rosenbrock,30,shifted,PSO,8,18463836.315811746,18463836.315811746
Rosenbrock,30,shifted,PSO,9,16758418.78969498,16758418.78969498
Rosenbrock,30,shifted,random,0,367942257.3112495,367942257.3112495
Rosenbrock,30,shifted,random,1,387452653.9933685,387452653.9933685
Rosenbrock,30,shifted,random,2,303132838.7022831,303132838.7022831
Rosenbrock,30,shifted,random,3,336901885.6873472,336901885.6873472
Rosenbrock,30,shifted,random,4,237470489.60143846,237470489.60143846
Rosenbrock,30,shifted,random,5,287424566.0747863,287424566.0747863
Rosenbrock,30,shifted,random,6,311781766.88826597,311781766.88826597
Rosenbrock,30,shifted,random,7,193877205.8731742,193877205.8731742
Rosenbrock,30,shifted,random,8,319384015.7381347,319384015.7381347
Rosenbrock,30,shifted,random,9,372085891.8186694,372085891.8186694
Schwefel_1_2,30,original,SOCIAL (paper Alg. 1),0,737.5491265653602,737.5491265653602
Schwefel_1_2,30,original,SOCIAL (paper Alg. 1),1,709.0453398648581,709.0453398648581
Schwefel_1_2,30,original,SOCIAL (paper Alg. 1),2,1009.6097204578241,1009.6097204578241
Schwefel_1_2,30,original,SOCIAL (paper Alg. 1),3,1161.1367779895536,1161.1367779895536
Schwefel_1_2,30,original,SOCIAL (paper Alg. 1),4,913.6858243043463,913.6858243043463
Schwefel_1_2,30,original,SOCIAL (paper Alg. 1),5,860.8313547001025,860.8313547001025
Schwefel_1_2,30,original,SOCIAL (paper Alg. 1),6,914.104852759318,914.104852759318
Schwefel_1_2,30,original,SOCIAL (paper Alg. 1),7,557.1295553691338,557.1295553691338
Schwefel_1_2,30,original,SOCIAL (paper Alg. 1),8,777.4417454027882,777.4417454027882
Schwefel_1_2,30,original,SOCIAL (paper Alg. 1),9,807.5690350781083,807.5690350781083
Schwefel_1_2,30,original,CMA-ES,0,2.374203366940274e-14,2.374203366940274e-14
Schwefel_1_2,30,original,CMA-ES,1,3.477647282766737e-14,3.477647282766737e-14
Schwefel_1_2,30,original,CMA-ES,2,9.290708616076832e-14,9.290708616076832e-14
Schwefel_1_2,30,original,CMA-ES,3,4.533147685558585e-14,4.533147685558585e-14
Schwefel_1_2,30,original,CMA-ES,4,2.5008016779526513e-14,2.5008016779526513e-14
Schwefel_1_2,30,original,CMA-ES,5,2.5510951270602637e-14,2.5510951270602637e-14
Schwefel_1_2,30,original,CMA-ES,6,4.215065541006347e-14,4.215065541006347e-14
Schwefel_1_2,30,original,CMA-ES,7,2.848271871947959e-14,2.848271871947959e-14
Schwefel_1_2,30,original,CMA-ES,8,5.241072068258733e-14,5.241072068258733e-14
Schwefel_1_2,30,original,CMA-ES,9,1.4479373700567716e-14,1.4479373700567716e-14
Schwefel_1_2,30,original,DE,0,1393.398696722569,1393.398696722569
Schwefel_1_2,30,original,DE,1,3691.425364545985,3691.425364545985
Schwefel_1_2,30,original,DE,2,2246.0337165748783,2246.0337165748783
Schwefel_1_2,30,original,DE,3,781.5712994624132,781.5712994624132
Schwefel_1_2,30,original,DE,4,1003.1670034835994,1003.1670034835994
Schwefel_1_2,30,original,DE,5,384.8162055071274,384.8162055071274
Schwefel_1_2,30,original,DE,6,868.7228439922831,868.7228439922831
Schwefel_1_2,30,original,DE,7,1083.5779849751284,1083.5779849751284
Schwefel_1_2,30,original,DE,8,1621.7960998119652,1621.7960998119652
Schwefel_1_2,30,original,DE,9,587.1346426348134,587.1346426348134
Schwefel_1_2,30,original,PSO,0,16.746955459340096,16.746955459340096
Schwefel_1_2,30,original,PSO,1,21826.150771518136,21826.150771518136
Schwefel_1_2,30,original,PSO,2,38.39854604040865,38.39854604040865
Schwefel_1_2,30,original,PSO,3,10011.997490851934,10011.997490851934
Schwefel_1_2,30,original,PSO,4,20004.97538081967,20004.97538081967
Schwefel_1_2,30,original,PSO,5,5005.199018771831,5005.199018771831
Schwefel_1_2,30,original,PSO,6,51.43544834490642,51.43544834490642
Schwefel_1_2,30,original,PSO,7,11683.433705269634,11683.433705269634
Schwefel_1_2,30,original,PSO,8,15000.532979023697,15000.532979023697
Schwefel_1_2,30,original,PSO,9,20000.76623188679,20000.76623188679
Schwefel_1_2,30,original,random,0,45500.89206315637,45500.89206315637
Schwefel_1_2,30,original,random,1,43362.60409257976,43362.60409257976
Schwefel_1_2,30,original,random,2,49347.46034196264,49347.46034196264
Schwefel_1_2,30,original,random,3,36960.74167146709,36960.74167146709
Schwefel_1_2,30,original,random,4,52779.234892324814,52779.234892324814
Schwefel_1_2,30,original,random,5,45281.96541013003,45281.96541013003
Schwefel_1_2,30,original,random,6,43003.658290503365,43003.658290503365
Schwefel_1_2,30,original,random,7,47226.601877090936,47226.601877090936
Schwefel_1_2,30,original,random,8,35072.262771414025,35072.262771414025
Schwefel_1_2,30,original,random,9,46523.56501063265,46523.56501063265
Schwefel_1_2,30,shifted,SOCIAL (paper Alg. 1),0,6510.146313100371,6510.146313100371
Schwefel_1_2,30,shifted,SOCIAL (paper Alg. 1),1,10680.672966021637,10680.672966021637
Schwefel_1_2,30,shifted,SOCIAL (paper Alg. 1),2,13526.426939170735,13526.426939170735
Schwefel_1_2,30,shifted,SOCIAL (paper Alg. 1),3,7507.935919494547,7507.935919494547
Schwefel_1_2,30,shifted,SOCIAL (paper Alg. 1),4,10198.835478472782,10198.835478472782
Schwefel_1_2,30,shifted,SOCIAL (paper Alg. 1),5,7559.540587018989,7559.540587018989
Schwefel_1_2,30,shifted,SOCIAL (paper Alg. 1),6,8454.49202402155,8454.49202402155
Schwefel_1_2,30,shifted,SOCIAL (paper Alg. 1),7,5373.873512913647,5373.873512913647
Schwefel_1_2,30,shifted,SOCIAL (paper Alg. 1),8,7318.8384491206125,7318.8384491206125
Schwefel_1_2,30,shifted,SOCIAL (paper Alg. 1),9,10961.764595538241,10961.764595538241
Schwefel_1_2,30,shifted,CMA-ES,0,3.788930961407449e-14,3.788930961407449e-14
Schwefel_1_2,30,shifted,CMA-ES,1,2.1897950025687447e-14,2.1897950025687447e-14
Schwefel_1_2,30,shifted,CMA-ES,2,3.972276242612257e-14,3.972276242612257e-14
Schwefel_1_2,30,shifted,CMA-ES,3,3.392311510167599e-14,3.392311510167599e-14
Schwefel_1_2,30,shifted,CMA-ES,4,2.7582914155118264e-14,2.7582914155118264e-14
Schwefel_1_2,30,shifted,CMA-ES,5,6.291147976241097e-14,6.291147976241097e-14
Schwefel_1_2,30,shifted,CMA-ES,6,1.977616180106015e-14,1.977616180106015e-14
Schwefel_1_2,30,shifted,CMA-ES,7,5.475807275489536e-14,5.475807275489536e-14
Schwefel_1_2,30,shifted,CMA-ES,8,4.618051891288835e-14,4.618051891288835e-14
Schwefel_1_2,30,shifted,CMA-ES,9,2.3071728194668216e-14,2.3071728194668216e-14
Schwefel_1_2,30,shifted,DE,0,7709.9157647269885,7709.9157647269885
Schwefel_1_2,30,shifted,DE,1,1973.9017817862637,1973.9017817862637
Schwefel_1_2,30,shifted,DE,2,2980.2952846922813,2980.2952846922813
Schwefel_1_2,30,shifted,DE,3,1731.3147033651585,1731.3147033651585
Schwefel_1_2,30,shifted,DE,4,13035.456684450626,13035.456684450626
Schwefel_1_2,30,shifted,DE,5,1562.5640832257466,1562.5640832257466
Schwefel_1_2,30,shifted,DE,6,8749.176852003093,8749.176852003093
Schwefel_1_2,30,shifted,DE,7,6355.230631885198,6355.230631885198
Schwefel_1_2,30,shifted,DE,8,15245.010606486236,15245.010606486236
Schwefel_1_2,30,shifted,DE,9,3409.326211300873,3409.326211300873
Schwefel_1_2,30,shifted,PSO,0,18933.33521006985,18933.33521006985
Schwefel_1_2,30,shifted,PSO,1,37333.333383194986,37333.333383194986
Schwefel_1_2,30,shifted,PSO,2,8271.40672551131,8271.40672551131
Schwefel_1_2,30,shifted,PSO,3,63733.33333333333,63733.33333333333
Schwefel_1_2,30,shifted,PSO,4,85973.33333333333,85973.33333333333
Schwefel_1_2,30,shifted,PSO,5,4000.6925394552254,4000.6925394552254
Schwefel_1_2,30,shifted,PSO,6,1218.0650452108257,1218.0650452108257
Schwefel_1_2,30,shifted,PSO,7,29334.842523957166,29334.842523957166
Schwefel_1_2,30,shifted,PSO,8,69866.69826732345,69866.69826732345
Schwefel_1_2,30,shifted,PSO,9,4801.138293899531,4801.138293899531
Schwefel_1_2,30,shifted,random,0,94681.30038163868,94681.30038163868
Schwefel_1_2,30,shifted,random,1,93724.17468765785,93724.17468765785
Schwefel_1_2,30,shifted,random,2,104799.3316582927,104799.3316582927
Schwefel_1_2,30,shifted,random,3,94483.76407392177,94483.76407392177
Schwefel_1_2,30,shifted,random,4,84606.735958212,84606.735958212
Schwefel_1_2,30,shifted,random,5,69744.23892813873,69744.23892813873
Schwefel_1_2,30,shifted,random,6,84608.07505447697,84608.07505447697
Schwefel_1_2,30,shifted,random,7,58561.74119950966,58561.74119950966
Schwefel_1_2,30,shifted,random,8,101057.8354687871,101057.8354687871
Schwefel_1_2,30,shifted,random,9,108857.57751799346,108857.57751799346
Schwefel_2_21,30,original,SOCIAL (paper Alg. 1),0,10.90883788650504,10.90883788650504
Schwefel_2_21,30,original,SOCIAL (paper Alg. 1),1,15.312541013966879,15.312541013966879
Schwefel_2_21,30,original,SOCIAL (paper Alg. 1),2,13.99956964287341,13.99956964287341
Schwefel_2_21,30,original,SOCIAL (paper Alg. 1),3,20.61853127749727,20.61853127749727
Schwefel_2_21,30,original,SOCIAL (paper Alg. 1),4,14.494829800748121,14.494829800748121
Schwefel_2_21,30,original,SOCIAL (paper Alg. 1),5,13.047705934100762,13.047705934100762
Schwefel_2_21,30,original,SOCIAL (paper Alg. 1),6,11.17767831364165,11.17767831364165
Schwefel_2_21,30,original,SOCIAL (paper Alg. 1),7,8.43328982675419,8.43328982675419
Schwefel_2_21,30,original,SOCIAL (paper Alg. 1),8,15.268346596704646,15.268346596704646
Schwefel_2_21,30,original,SOCIAL (paper Alg. 1),9,18.88419406660067,18.88419406660067
Schwefel_2_21,30,original,CMA-ES,0,3.5011282761843177e-09,3.5011282761843177e-09
Schwefel_2_21,30,original,CMA-ES,1,4.148233756495756e-09,4.148233756495756e-09
Schwefel_2_21,30,original,CMA-ES,2,6.0811800040028174e-09,6.0811800040028174e-09
Schwefel_2_21,30,original,CMA-ES,3,5.18545562044892e-09,5.18545562044892e-09
Schwefel_2_21,30,original,CMA-ES,4,3.1794087362868595e-09,3.1794087362868595e-09
Schwefel_2_21,30,original,CMA-ES,5,4.458442504073901e-09,4.458442504073901e-09
Schwefel_2_21,30,original,CMA-ES,6,5.742535336139554e-09,5.742535336139554e-09
Schwefel_2_21,30,original,CMA-ES,7,4.251660357112996e-09,4.251660357112996e-09
Schwefel_2_21,30,original,CMA-ES,8,1.0612836831569439e-08,1.0612836831569439e-08
Schwefel_2_21,30,original,CMA-ES,9,8.478366453346098e-09,8.478366453346098e-09
Schwefel_2_21,30,original,DE,0,44.05993642417826,44.05993642417826
Schwefel_2_21,30,original,DE,1,44.67284479426027,44.67284479426027
Schwefel_2_21,30,original,DE,2,36.98033043814212,36.98033043814212
Schwefel_2_21,30,original,DE,3,28.83142070034873,28.83142070034873
Schwefel_2_21,30,original,DE,4,36.314838267585316,36.314838267585316
Schwefel_2_21,30,original,DE,5,24.158797739857278,24.158797739857278
Schwefel_2_21,30,original,DE,6,32.66889539003705,32.66889539003705
Schwefel_2_21,30,original,DE,7,37.81167651649857,37.81167651649857
Schwefel_2_21,30,original,DE,8,23.036155844673004,23.036155844673004
Schwefel_2_21,30,original,DE,9,31.103554454119006,31.103554454119006
Schwefel_2_21,30,original,PSO,0,6.695425340168555,6.695425340168555
Schwefel_2_21,30,original,PSO,1,10.507406646029565,10.507406646029565
Schwefel_2_21,30,original,PSO,2,2.4967196750826446,2.4967196750826446
Schwefel_2_21,30,original,PSO,3,4.574528832287243,4.574528832287243
Schwefel_2_21,30,original,PSO,4,5.878511989242895,5.878511989242895
Schwefel_2_21,30,original,PSO,5,2.466693462880528,2.466693462880528
Schwefel_2_21,30,original,PSO,6,1.771140312968214,1.771140312968214
Schwefel_2_21,30,original,PSO,7,7.807839474694049,7.807839474694049
Schwefel_2_21,30,original,PSO,8,4.572955382190514,4.572955382190514
Schwefel_2_21,30,original,PSO,9,3.4101897803343633,3.4101897803343633
Schwefel_2_21,30,original,random,0,70.82598157575781,70.82598157575781
Schwefel_2_21,30,original,random,1,65.84548368156223,65.84548368156223
Schwefel_2_21,30,original,random,2,70.64375539871605,70.64375539871605
Schwefel_2_21,30,original,random,3,71.23507784378049,71.23507784378049
Schwefel_2_21,30,original,random,4,70.66204618925346,70.66204618925346
Schwefel_2_21,30,original,random,5,72.66373134689104,72.66373134689104
Schwefel_2_21,30,original,random,6,70.36746936820708,70.36746936820708
Schwefel_2_21,30,original,random,7,69.9731050611726,69.9731050611726
Schwefel_2_21,30,original,random,8,60.958082146781,60.958082146781
Schwefel_2_21,30,original,random,9,70.64455204306549,70.64455204306549
Schwefel_2_21,30,shifted,SOCIAL (paper Alg. 1),0,51.386814368784215,51.386814368784215
Schwefel_2_21,30,shifted,SOCIAL (paper Alg. 1),1,63.85180737853936,63.85180737853936
Schwefel_2_21,30,shifted,SOCIAL (paper Alg. 1),2,65.7482282764416,65.7482282764416
Schwefel_2_21,30,shifted,SOCIAL (paper Alg. 1),3,55.74597507922191,55.74597507922191
Schwefel_2_21,30,shifted,SOCIAL (paper Alg. 1),4,56.093050646984295,56.093050646984295
Schwefel_2_21,30,shifted,SOCIAL (paper Alg. 1),5,53.13523137608128,53.13523137608128
Schwefel_2_21,30,shifted,SOCIAL (paper Alg. 1),6,63.17784128989311,63.17784128989311
Schwefel_2_21,30,shifted,SOCIAL (paper Alg. 1),7,49.16639028338108,49.16639028338108
Schwefel_2_21,30,shifted,SOCIAL (paper Alg. 1),8,63.11921422571157,63.11921422571157
Schwefel_2_21,30,shifted,SOCIAL (paper Alg. 1),9,62.860197859782616,62.860197859782616
Schwefel_2_21,30,shifted,CMA-ES,0,6.028919585787662e-09,6.028919585787662e-09
Schwefel_2_21,30,shifted,CMA-ES,1,1.1262741850259772e-08,1.1262741850259772e-08
Schwefel_2_21,30,shifted,CMA-ES,2,7.0824626163812354e-09,7.0824626163812354e-09
Schwefel_2_21,30,shifted,CMA-ES,3,4.241712758812355e-09,4.241712758812355e-09
Schwefel_2_21,30,shifted,CMA-ES,4,5.0372648274787934e-09,5.0372648274787934e-09
Schwefel_2_21,30,shifted,CMA-ES,5,4.6577355305998935e-09,4.6577355305998935e-09
Schwefel_2_21,30,shifted,CMA-ES,6,3.973212869823328e-09,3.973212869823328e-09
Schwefel_2_21,30,shifted,CMA-ES,7,4.459501212750183e-09,4.459501212750183e-09
Schwefel_2_21,30,shifted,CMA-ES,8,4.209368853480555e-09,4.209368853480555e-09
Schwefel_2_21,30,shifted,CMA-ES,9,4.341707438015874e-09,4.341707438015874e-09
Schwefel_2_21,30,shifted,DE,0,48.1775330539524,48.1775330539524
Schwefel_2_21,30,shifted,DE,1,76.85291741571756,76.85291741571756
Schwefel_2_21,30,shifted,DE,2,51.059568557857816,51.059568557857816
Schwefel_2_21,30,shifted,DE,3,91.6178994434167,91.6178994434167
Schwefel_2_21,30,shifted,DE,4,81.36446659096369,81.36446659096369
Schwefel_2_21,30,shifted,DE,5,68.20247734351133,68.20247734351133
Schwefel_2_21,30,shifted,DE,6,52.00222778378509,52.00222778378509
Schwefel_2_21,30,shifted,DE,7,83.46735925592628,83.46735925592628
Schwefel_2_21,30,shifted,DE,8,75.69776491653339,75.69776491653339
Schwefel_2_21,30,shifted,DE,9,63.66532296249453,63.66532296249453
Schwefel_2_21,30,shifted,PSO,0,40.0,40.0
Schwefel_2_21,30,shifted,PSO,1,40.0,40.0
Schwefel_2_21,30,shifted,PSO,2,40.0,40.0
Schwefel_2_21,30,shifted,PSO,3,40.0,40.0
Schwefel_2_21,30,shifted,PSO,4,40.0,40.0
Schwefel_2_21,30,shifted,PSO,5,40.0,40.0
Schwefel_2_21,30,shifted,PSO,6,40.0,40.0
Schwefel_2_21,30,shifted,PSO,7,40.0,40.0
Schwefel_2_21,30,shifted,PSO,8,40.0,40.0
Schwefel_2_21,30,shifted,PSO,9,40.0,40.0
Schwefel_2_21,30,shifted,random,0,104.68519047673362,104.68519047673362
Schwefel_2_21,30,shifted,random,1,100.51666662053935,100.51666662053935
Schwefel_2_21,30,shifted,random,2,101.9309677997221,101.9309677997221
Schwefel_2_21,30,shifted,random,3,94.84116433655987,94.84116433655987
Schwefel_2_21,30,shifted,random,4,105.85582254250842,105.85582254250842
Schwefel_2_21,30,shifted,random,5,82.7894855707333,82.7894855707333
Schwefel_2_21,30,shifted,random,6,102.53215266170497,102.53215266170497
Schwefel_2_21,30,shifted,random,7,97.49178252603122,97.49178252603122
Schwefel_2_21,30,shifted,random,8,107.53711438704111,107.53711438704111
Schwefel_2_21,30,shifted,random,9,91.70365622489811,91.70365622489811
Schwefel_2_22,30,original,SOCIAL (paper Alg. 1),0,3.931616884169493,3.931616884169493
Schwefel_2_22,30,original,SOCIAL (paper Alg. 1),1,5.504080374632531,5.504080374632531
Schwefel_2_22,30,original,SOCIAL (paper Alg. 1),2,3.796230180731266,3.796230180731266
Schwefel_2_22,30,original,SOCIAL (paper Alg. 1),3,6.217655939632806,6.217655939632806
Schwefel_2_22,30,original,SOCIAL (paper Alg. 1),4,3.3101871191069083,3.3101871191069083
Schwefel_2_22,30,original,SOCIAL (paper Alg. 1),5,7.5950980395796215,7.5950980395796215
Schwefel_2_22,30,original,SOCIAL (paper Alg. 1),6,7.599843782356915,7.599843782356915
Schwefel_2_22,30,original,SOCIAL (paper Alg. 1),7,4.952375140401564,4.952375140401564
Schwefel_2_22,30,original,SOCIAL (paper Alg. 1),8,4.261168353884642,4.261168353884642
Schwefel_2_22,30,original,SOCIAL (paper Alg. 1),9,3.971076706293463,3.971076706293463
Schwefel_2_22,30,original,CMA-ES,0,3.873147136346233e-09,3.873147136346233e-09
Schwefel_2_22,30,original,CMA-ES,1,2.748643979089138e-09,2.748643979089138e-09
Schwefel_2_22,30,original,CMA-ES,2,3.3399452092908177e-09,3.3399452092908177e-09
Schwefel_2_22,30,original,CMA-ES,3,2.78672729336904e-09,2.78672729336904e-09
Schwefel_2_22,30,original,CMA-ES,4,3.3614426797612396e-09,3.3614426797612396e-09
Schwefel_2_22,30,original,CMA-ES,5,3.2631302104846327e-09,3.2631302104846327e-09
Schwefel_2_22,30,original,CMA-ES,6,2.74843081626841e-09,2.74843081626841e-09
Schwefel_2_22,30,original,CMA-ES,7,3.4532092740846565e-09,3.4532092740846565e-09
Schwefel_2_22,30,original,CMA-ES,8,3.2536799920990234e-09,3.2536799920990234e-09
Schwefel_2_22,30,original,CMA-ES,9,3.1263951427717984e-09,3.1263951427717984e-09
Schwefel_2_22,30,original,DE,0,9.189687529114394,9.189687529114394
Schwefel_2_22,30,original,DE,1,2.9049489079384614,2.9049489079384614
Schwefel_2_22,30,original,DE,2,0.21535334513658988,0.21535334513658988
Schwefel_2_22,30,original,DE,3,0.841105091562433,0.841105091562433
Schwefel_2_22,30,original,DE,4,3.234333178305123,3.234333178305123
Schwefel_2_22,30,original,DE,5,0.3307626832914554,0.3307626832914554
Schwefel_2_22,30,original,DE,6,0.1512663375588481,0.1512663375588481
Schwefel_2_22,30,original,DE,7,2.539564738509611,2.539564738509611
Schwefel_2_22,30,original,DE,8,0.8746285164006604,0.8746285164006604
Schwefel_2_22,30,original,DE,9,1.5849996656814103,1.5849996656814103
Schwefel_2_22,30,original,PSO,0,10.00000636774774,10.00000636774774
Schwefel_2_22,30,original,PSO,1,10.030100811135458,10.030100811135458
Schwefel_2_22,30,original,PSO,2,10.000112439911906,10.000112439911906
Schwefel_2_22,30,original,PSO,3,0.04309490851371045,0.04309490851371045
Schwefel_2_22,30,original,PSO,4,50.000016026979424,50.000016026979424
Schwefel_2_22,30,original,PSO,5,50.0006224710139,50.0006224710139
Schwefel_2_22,30,original,PSO,6,10.000002734969053,10.000002734969053
Schwefel_2_22,30,original,PSO,7,20.00002247543747,20.00002247543747
Schwefel_2_22,30,original,PSO,8,0.005675169772704436,0.005675169772704436
Schwefel_2_22,30,original,PSO,9,20.00007133615062,20.00007133615062
Schwefel_2_22,30,original,random,0,1244.2524739272314,1244.2524739272314
Schwefel_2_22,30,original,random,1,2204.289098997598,2204.289098997598
Schwefel_2_22,30,original,random,2,441806.5301697802,441806.5301697802
Schwefel_2_22,30,original,random,3,592.6887614939188,592.6887614939188
Schwefel_2_22,30,original,random,4,4365073.530194855,4365073.530194855
Schwefel_2_22,30,original,random,5,18406.52246815058,18406.52246815058
Schwefel_2_22,30,original,random,6,344835.91841787053,344835.91841787053
Schwefel_2_22,30,original,random,7,36125.4562166118,36125.4562166118
Schwefel_2_22,30,original,random,8,123279.8879253442,123279.8879253442
Schwefel_2_22,30,original,random,9,59531.94638550756,59531.94638550756
Schwefel_2_22,30,shifted,SOCIAL (paper Alg. 1),0,136.9187121773141,136.9187121773141
Schwefel_2_22,30,shifted,SOCIAL (paper Alg. 1),1,557.2179108424832,557.2179108424832
Schwefel_2_22,30,shifted,SOCIAL (paper Alg. 1),2,132.16272196895153,132.16272196895153
Schwefel_2_22,30,shifted,SOCIAL (paper Alg. 1),3,104.45822723050526,104.45822723050526
Schwefel_2_22,30,shifted,SOCIAL (paper Alg. 1),4,251998.55817492667,251998.55817492667
Schwefel_2_22,30,shifted,SOCIAL (paper Alg. 1),5,118.44628474154555,118.44628474154555
Schwefel_2_22,30,shifted,SOCIAL (paper Alg. 1),6,16465.05823463189,16465.05823463189
Schwefel_2_22,30,shifted,SOCIAL (paper Alg. 1),7,1189.9683056034933,1189.9683056034933
Schwefel_2_22,30,shifted,SOCIAL (paper Alg. 1),8,34216.715011591645,34216.715011591645
Schwefel_2_22,30,shifted,SOCIAL (paper Alg. 1),9,127.09415583098567,127.09415583098567
Schwefel_2_22,30,shifted,CMA-ES,0,3.321127373112631e-09,3.321127373112631e-09
Schwefel_2_22,30,shifted,CMA-ES,1,3.58106078124365e-09,3.58106078124365e-09
Schwefel_2_22,30,shifted,CMA-ES,2,3.4313476504621576e-09,3.4313476504621576e-09
Schwefel_2_22,30,shifted,CMA-ES,3,4.150694898896745e-09,4.150694898896745e-09
Schwefel_2_22,30,shifted,CMA-ES,4,3.0366100745027325e-09,3.0366100745027325e-09
Schwefel_2_22,30,shifted,CMA-ES,5,3.827654637689193e-09,3.827654637689193e-09
Schwefel_2_22,30,shifted,CMA-ES,6,3.535997272763325e-09,3.535997272763325e-09
Schwefel_2_22,30,shifted,CMA-ES,7,4.2368357711097815e-09,4.2368357711097815e-09
Schwefel_2_22,30,shifted,CMA-ES,8,3.6515901413736174e-09,3.6515901413736174e-09
Schwefel_2_22,30,shifted,CMA-ES,9,3.5482576876688654e-09,3.5482576876688654e-09
Schwefel_2_22,30,shifted,DE,0,0.20481117196738463,0.20481117196738463
Schwefel_2_22,30,shifted,DE,1,21.068425027987242,21.068425027987242
Schwefel_2_22,30,shifted,DE,2,1.6422901186031842,1.6422901186031842
Schwefel_2_22,30,shifted,DE,3,0.4364264705055403,0.4364264705055403
Schwefel_2_22,30,shifted,DE,4,0.8858493013797997,0.8858493013797997
Schwefel_2_22,30,shifted,DE,5,1.2382432519254465,1.2382432519254465
Schwefel_2_22,30,shifted,DE,6,1.0569584030465444,1.0569584030465444
Schwefel_2_22,30,shifted,DE,7,0.47525080637470296,0.47525080637470296
Schwefel_2_22,30,shifted,DE,8,0.7500718180867665,0.7500718180867665
Schwefel_2_22,30,shifted,DE,9,12.88572865102784,12.88572865102784
Schwefel_2_22,30,shifted,PSO,0,32.00000055872019,32.00000055872019
Schwefel_2_22,30,shifted,PSO,1,12.000002989525274,12.000002989525274
Schwefel_2_22,30,shifted,PSO,2,16.000000501458757,16.000000501458757
Schwefel_2_22,30,shifted,PSO,3,28.000003149896465,28.000003149896465
Schwefel_2_22,30,shifted,PSO,4,32.00032658859021,32.00032658859021
Schwefel_2_22,30,shifted,PSO,5,32.00004821181465,32.00004821181465
Schwefel_2_22,30,shifted,PSO,6,32.000144875316906,32.000144875316906
Schwefel_2_22,30,shifted,PSO,7,28.000110142577576,28.000110142577576
Schwefel_2_22,30,shifted,PSO,8,36.00000322530928,36.00000322530928
Schwefel_2_22,30,shifted,PSO,9,48.0041724649556,48.0041724649556
Schwefel_2_22,30,shifted,random,0,35225498.851849265,35225498.851849265
Schwefel_2_22,30,shifted,random,1,1504155.6452845675,1504155.6452845675
Schwefel_2_22,30,shifted,random,2,34844671.39127894,34844671.39127894
Schwefel_2_22,30,shifted,random,3,57512.8134359512,57512.8134359512
Schwefel_2_22,30,shifted,random,4,76315.55201039583,76315.55201039583
Schwefel_2_22,30,shifted,random,5,333959.99986522255,333959.99986522255
Schwefel_2_22,30,shifted,random,6,11142310.650044736,11142310.650044736
Schwefel_2_22,30,shifted,random,7,1230248.1872246251,1230248.1872246251
Schwefel_2_22,30,shifted,random,8,505017.35261248454,505017.35261248454
Schwefel_2_22,30,shifted,random,9,794368.513496544,794368.513496544
Schwefel_2_26,30,original,SOCIAL (paper Alg. 1),0,-20012.288371952483,-20012.288371952483
Schwefel_2_26,30,original,SOCIAL (paper Alg. 1),1,-19634.39896664483,-19634.39896664483
Schwefel_2_26,30,original,SOCIAL (paper Alg. 1),2,-16778.485772760665,-16778.485772760665
Schwefel_2_26,30,original,SOCIAL (paper Alg. 1),3,-18841.798789296306,-18841.798789296306
Schwefel_2_26,30,original,SOCIAL (paper Alg. 1),4,-18783.533672613536,-18783.533672613536
Schwefel_2_26,30,original,SOCIAL (paper Alg. 1),5,-18206.274874264058,-18206.274874264058
Schwefel_2_26,30,original,SOCIAL (paper Alg. 1),6,-19018.905141910243,-19018.905141910243
Schwefel_2_26,30,original,SOCIAL (paper Alg. 1),7,-18806.64827413272,-18806.64827413272
Schwefel_2_26,30,original,SOCIAL (paper Alg. 1),8,-19026.068749647187,-19026.068749647187
Schwefel_2_26,30,original,SOCIAL (paper Alg. 1),9,-18852.759583345694,-18852.759583345694
Schwefel_2_26,30,original,CMA-ES,0,-20178.02594724482,-20178.02594724482
Schwefel_2_26,30,original,CMA-ES,1,-22276.567568145445,-22276.567568145445
Schwefel_2_26,30,original,CMA-ES,2,-23757.187602471582,-23757.187602471582
Schwefel_2_26,30,original,CMA-ES,3,-22552.923431486663,-22552.923431486663
Schwefel_2_26,30,original,CMA-ES,4,-22414.693441110703,-22414.693441110703
Schwefel_2_26,30,original,CMA-ES,5,-21915.506583387192,-21915.506583387192
Schwefel_2_26,30,original,CMA-ES,6,-22413.25711308027,-22413.25711308027
Schwefel_2_26,30,original,CMA-ES,7,-22215.884635576476,-22215.884635576476
Schwefel_2_26,30,original,CMA-ES,8,-22730.16939625785,-22730.16939625785
Schwefel_2_26,30,original,CMA-ES,9,-21901.5473719133,-21901.5473719133
Schwefel_2_26,30,original,DE,0,-22246.628792094118,-22246.628792094118
Schwefel_2_26,30,original,DE,1,-20626.66549174977,-20626.66549174977
Schwefel_2_26,30,original,DE,2,-21898.60014538641,-21898.60014538641
Schwefel_2_26,30,original,DE,3,-21843.60301179612,-21843.60301179612
Schwefel_2_26,30,original,DE,4,-21572.08198691968,-21572.08198691968
Schwefel_2_26,30,original,DE,5,-21682.354363942275,-21682.354363942275
Schwefel_2_26,30,original,DE,6,-22401.768903819207,-22401.768903819207
Schwefel_2_26,30,original,DE,7,-21130.742386849903,-21130.742386849903
Schwefel_2_26,30,original,DE,8,-21826.65527154292,-21826.65527154292
Schwefel_2_26,30,original,DE,9,-21176.211591804255,-21176.211591804255
Schwefel_2_26,30,original,PSO,0,-19874.146099977195,-19874.146099977195
Schwefel_2_26,30,original,PSO,1,-20943.675133158125,-20943.675133158125
Schwefel_2_26,30,original,PSO,2,-20741.56772008745,-20741.56772008745
Schwefel_2_26,30,original,PSO,3,-20675.928827622258,-20675.928827622258
Schwefel_2_26,30,original,PSO,4,-22070.211560962925,-22070.211560962925
Schwefel_2_26,30,original,PSO,5,-21479.517902388172,-21479.517902388172
Schwefel_2_26,30,original,PSO,6,-20136.564105226695,-20136.564105226695
Schwefel_2_26,30,original,PSO,7,-20196.495932974463,-20196.495932974463
Schwefel_2_26,30,original,PSO,8,-21228.773990440233,-21228.773990440233
Schwefel_2_26,30,original,PSO,9,-21303.208901286416,-21303.208901286416
Schwefel_2_26,30,original,random,0,-16765.27323359996,-16765.27323359996
Schwefel_2_26,30,original,random,1,-17034.612790530537,-17034.612790530537
Schwefel_2_26,30,original,random,2,-16792.867227518516,-16792.867227518516
Schwefel_2_26,30,original,random,3,-16682.978508723118,-16682.978508723118
Schwefel_2_26,30,original,random,4,-16838.06276068921,-16838.06276068921
Schwefel_2_26,30,original,random,5,-18062.696758942016,-18062.696758942016
Schwefel_2_26,30,original,random,6,-16577.775086667512,-16577.775086667512
Schwefel_2_26,30,original,random,7,-17382.837718865325,-17382.837718865325
Schwefel_2_26,30,original,random,8,-16981.937772131794,-16981.937772131794
Schwefel_2_26,30,original,random,9,-16483.23732806696,-16483.23732806696
Schwefel_2_26,30,shifted,SOCIAL (paper Alg. 1),0,-21486.370581504198,-21486.370581504198
Schwefel_2_26,30,shifted,SOCIAL (paper Alg. 1),1,-20234.671418914062,-20234.671418914062
Schwefel_2_26,30,shifted,SOCIAL (paper Alg. 1),2,-22331.926541182194,-22331.926541182194
Schwefel_2_26,30,shifted,SOCIAL (paper Alg. 1),3,-21665.458884811233,-21665.458884811233
Schwefel_2_26,30,shifted,SOCIAL (paper Alg. 1),4,-22081.788275236446,-22081.788275236446
Schwefel_2_26,30,shifted,SOCIAL (paper Alg. 1),5,-22990.50266651513,-22990.50266651513
Schwefel_2_26,30,shifted,SOCIAL (paper Alg. 1),6,-20959.205255783127,-20959.205255783127
Schwefel_2_26,30,shifted,SOCIAL (paper Alg. 1),7,-24466.770808195506,-24466.770808195506
Schwefel_2_26,30,shifted,SOCIAL (paper Alg. 1),8,-22254.4169436625,-22254.4169436625
Schwefel_2_26,30,shifted,SOCIAL (paper Alg. 1),9,-21779.365434139232,-21779.365434139232
Schwefel_2_26,30,shifted,CMA-ES,0,-23921.63385407734,-23921.63385407734
Schwefel_2_26,30,shifted,CMA-ES,1,-28413.55325172685,-28413.55325172685
Schwefel_2_26,30,shifted,CMA-ES,2,-28551.83686505939,-28551.83686505939
Schwefel_2_26,30,shifted,CMA-ES,3,-24146.066639867437,-24146.066639867437
Schwefel_2_26,30,shifted,CMA-ES,4,-27758.583468795725,-27758.583468795725
Schwefel_2_26,30,shifted,CMA-ES,5,-28036.8811152102,-28036.8811152102
Schwefel_2_26,30,shifted,CMA-ES,6,-25048.772050637905,-25048.772050637905
Schwefel_2_26,30,shifted,CMA-ES,7,-28226.89805535949,-28226.89805535949
Schwefel_2_26,30,shifted,CMA-ES,8,-25856.229171682073,-25856.229171682073
Schwefel_2_26,30,shifted,CMA-ES,9,-26455.592322923698,-26455.592322923698
Schwefel_2_26,30,shifted,DE,0,-27286.418814544893,-27286.418814544893
Schwefel_2_26,30,shifted,DE,1,-27060.77337528302,-27060.77337528302
Schwefel_2_26,30,shifted,DE,2,-26381.300352678445,-26381.300352678445
Schwefel_2_26,30,shifted,DE,3,-28503.080110024355,-28503.080110024355
Schwefel_2_26,30,shifted,DE,4,-26284.552316816902,-26284.552316816902
Schwefel_2_26,30,shifted,DE,5,-27664.841661254977,-27664.841661254977
Schwefel_2_26,30,shifted,DE,6,-25384.323438492174,-25384.323438492174
Schwefel_2_26,30,shifted,DE,7,-27440.86152183261,-27440.86152183261
Schwefel_2_26,30,shifted,DE,8,-27614.655733856285,-27614.655733856285
Schwefel_2_26,30,shifted,DE,9,-27792.094176036426,-27792.094176036426
Schwefel_2_26,30,shifted,PSO,0,-24623.909703178986,-24623.909703178986
Schwefel_2_26,30,shifted,PSO,1,-24061.76565484987,-24061.76565484987
Schwefel_2_26,30,shifted,PSO,2,-25793.767907987123,-25793.767907987123
Schwefel_2_26,30,shifted,PSO,3,-22900.809012887526,-22900.809012887526
Schwefel_2_26,30,shifted,PSO,4,-23979.2003996031,-23979.2003996031
Schwefel_2_26,30,shifted,PSO,5,-26181.423596615277,-26181.423596615277
Schwefel_2_26,30,shifted,PSO,6,-26418.073271100344,-26418.073271100344
Schwefel_2_26,30,shifted,PSO,7,-23805.134882178776,-23805.134882178776
Schwefel_2_26,30,shifted,PSO,8,-24307.689695689056,-24307.689695689056
Schwefel_2_26,30,shifted,PSO,9,-26450.50032080793,-26450.50032080793
Schwefel_2_26,30,shifted,random,0,-19571.554998136384,-19571.554998136384
Schwefel_2_26,30,shifted,random,1,-17909.530962624856,-17909.530962624856
Schwefel_2_26,30,shifted,random,2,-19116.409179572536,-19116.409179572536
Schwefel_2_26,30,shifted,random,3,-18716.89918069376,-18716.89918069376
Schwefel_2_26,30,shifted,random,4,-20070.020139056673,-20070.020139056673
Schwefel_2_26,30,shifted,random,5,-18006.76343584077,-18006.76343584077
Schwefel_2_26,30,shifted,random,6,-19970.444764107066,-19970.444764107066
Schwefel_2_26,30,shifted,random,7,-19060.25561544767,-19060.25561544767
Schwefel_2_26,30,shifted,random,8,-18390.678461230407,-18390.678461230407
Schwefel_2_26,30,shifted,random,9,-19935.105922658782,-19935.105922658782
Shekel1,6,original,SOCIAL (paper Alg. 1),0,-3.3223635640058053,-0.0003635640058052836
Shekel1,6,original,SOCIAL (paper Alg. 1),1,-3.3222894501289657,-0.0002894501289656404
Shekel1,6,original,SOCIAL (paper Alg. 1),2,-3.193103777848953,0.128896222151047
Shekel1,6,original,SOCIAL (paper Alg. 1),3,-3.3223449526667745,-0.00034495266677447844
Shekel1,6,original,SOCIAL (paper Alg. 1),4,-3.3222555885952256,-0.0002555885952255643
Shekel1,6,original,SOCIAL (paper Alg. 1),5,-3.3223617032742307,-0.0003617032742306847
Shekel1,6,original,SOCIAL (paper Alg. 1),6,-3.322365640020788,-0.00036564002078787183
Shekel1,6,original,SOCIAL (paper Alg. 1),7,-3.3223588916741904,-0.0003588916741903425
Shekel1,6,original,SOCIAL (paper Alg. 1),8,-3.322333475331188,-0.00033347533118810446
Shekel1,6,original,SOCIAL (paper Alg. 1),9,-3.3223433217634715,-0.00034332176347140475
Shekel1,6,original,CMA-ES,0,-3.3223680114155028,-0.00036801141550268923
Shekel1,6,original,CMA-ES,1,-3.322368011415506,-0.00036801141550579786
Shekel1,6,original,CMA-ES,2,-3.3223680114154828,-0.0003680114154827052
Shekel1,6,original,CMA-ES,3,-3.3223680114154854,-0.00036801141548536975
Shekel1,6,original,CMA-ES,4,-3.3223680114155125,-0.0003680114155124592
Shekel1,6,original,CMA-ES,5,-3.322361207937039,-0.00036120793703897647
Shekel1,6,original,CMA-ES,6,-3.322368011415511,-0.0003680114155111269
Shekel1,6,original,CMA-ES,7,-3.322368011415502,-0.00036801141550180105
Shekel1,6,original,CMA-ES,8,-3.32236801141549,-0.00036801141548981064
Shekel1,6,original,CMA-ES,9,-3.322368011415499,-0.0003680114154991365
Shekel1,6,original,DE,0,-3.1889942489196175,0.1330057510803826
Shekel1,6,original,DE,1,-3.322368011415515,-0.00036801141551512373
Shekel1,6,original,DE,2,-3.322368011415515,-0.00036801141551512373
Shekel1,6,original,DE,3,-3.3196227363952686,0.00237726360473145
Shekel1,6,original,DE,4,-3.2030420921321237,0.11895790786787641
Shekel1,6,original,DE,5,-3.0318611318263984,0.2901388681736017
Shekel1,6,original,DE,6,-3.322368011393518,-0.0003680113935180529
Shekel1,6,original,DE,7,-2.8685689664111207,0.4534310335888794
Shekel1,6,original,DE,8,-3.322368011413133,-0.0003680114131330292
Shekel1,6,original,DE,9,-3.199366660809714,0.12263333919028607
Shekel1,6,original,PSO,0,-3.322368011415515,-0.00036801141551512373
Shekel1,6,original,PSO,1,-3.322368011415515,-0.00036801141551512373
Shekel1,6,original,PSO,2,-3.132709821259915,0.18929017874008514
Shekel1,6,original,PSO,3,-3.322368011415515,-0.00036801141551512373
Shekel1,6,original,PSO,4,-3.137679114973426,0.18432088502657384
Shekel1,6,original,PSO,5,-3.199614120386107,0.12238587961389324
Shekel1,6,original,PSO,6,-3.322368011415515,-0.00036801141551512373
Shekel1,6,original,PSO,7,-3.322368011415515,-0.00036801141551512373
Shekel1,6,original,PSO,8,-3.322368011415515,-0.00036801141551512373
Shekel1,6,original,PSO,9,-3.137679114973426,0.18432088502657384
Shekel1,6,original,random,0,-2.93687238210708,0.38512761789292016
Shekel1,6,original,random,1,-3.2122114229511927,0.1097885770488074
Shekel1,6,original,random,2,-2.935176310936616,0.38682368906338427
Shekel1,6,original,random,3,-3.1470686825628933,0.17493131743710677
Shekel1,6,original,random,4,-3.091205745302707,0.23079425469729298
Shekel1,6,original,random,5,-2.9933932772414638,0.3286067227585363
Shekel1,6,original,random,6,-2.9158778540199184,0.4061221459800817
Shekel1,6,original,random,7,-3.0486907489493924,0.27330925105060766
Shekel1,6,original,random,8,-2.7978060131942715,0.5241939868057286
Shekel1,6,original,random,9,-2.996809658910411,0.3251903410895891
Shekel2,4,original,SOCIAL (paper Alg. 1),0,-10.155165344267749,-0.0019653442677487476
Shekel2,4,original,SOCIAL (paper Alg. 1),1,-10.183941692097918,-0.03074169209791755
Shekel2,4,original,SOCIAL (paper Alg. 1),2,-10.183871111630946,-0.030671111630946157
Shekel2,4,original,SOCIAL (paper Alg. 1),3,-10.180586797346665,-0.02738679734666505
Shekel2,4,original,SOCIAL (paper Alg. 1),4,-10.18154340047729,-0.028343400477290004
Shekel2,4,original,SOCIAL (paper Alg. 1),5,-10.18379568300085,-0.03059568300085047
Shekel2,4,original,SOCIAL (paper Alg. 1),6,-10.183760369114324,-0.03056036911432436
Shekel2,4,original,SOCIAL (paper Alg. 1),7,-10.154828857528644,-0.0016288575286438345
Shekel2,4,original,SOCIAL (paper Alg. 1),8,-10.155020388309081,-0.0018203883090812667
Shekel2,4,original,SOCIAL (paper Alg. 1),9,-10.183596928150182,-0.030396928150182134
Shekel2,4,original,CMA-ES,0,-10.18396619043831,-0.030766190438310304
Shekel2,4,original,CMA-ES,1,-10.183966190438305,-0.030766190438304974
Shekel2,4,original,CMA-ES,2,-10.183966190438307,-0.03076619043830675
Shekel2,4,original,CMA-ES,3,-10.183966190438309,-0.030766190438308527
Shekel2,4,original,CMA-ES,4,-10.183966190438312,-0.03076619043831208
Shekel2,4,original,CMA-ES,5,-10.18396619043831,-0.030766190438310304
Shekel2,4,original,CMA-ES,6,-10.183966190438312,-0.03076619043831208
Shekel2,4,original,CMA-ES,7,-10.18396619043831,-0.030766190438310304
Shekel2,4,original,CMA-ES,8,-10.183966190438312,-0.03076619043831208
Shekel2,4,original,CMA-ES,9,-10.183966190438312,-0.03076619043831208
Shekel2,4,original,DE,0,-10.155168622625,-0.0019686226250001937
Shekel2,4,original,DE,1,-10.102009725761311,0.051190274238688716
Shekel2,4,original,DE,2,-10.131185545307607,0.022014454692392604
Shekel2,4,original,DE,3,-10.102009725761311,0.051190274238688716
Shekel2,4,original,DE,4,-10.130612141542706,0.022587858457294274
Shekel2,4,original,DE,5,-10.155168622625,-0.0019686226250001937
Shekel2,4,original,DE,6,-10.131185545307607,0.022014454692392604
Shekel2,4,original,DE,7,-10.131185545307607,0.022014454692392604
Shekel2,4,original,DE,8,-10.131185545307607,0.022014454692392604
Shekel2,4,original,DE,9,-10.131185545307607,0.022014454692392604
Shekel2,4,original,PSO,0,-10.10200972576131,0.05119027423869049
Shekel2,4,original,PSO,1,-10.102009725761311,0.051190274238688716
Shekel2,4,original,PSO,2,-10.183966190438316,-0.030766190438315633
Shekel2,4,original,PSO,3,-10.183966190438316,-0.030766190438315633
Shekel2,4,original,PSO,4,-10.183966190438316,-0.030766190438315633
Shekel2,4,original,PSO,5,-10.155168622625,-0.0019686226250001937
Shekel2,4,original,PSO,6,-10.155168622625,-0.0019686226250001937
Shekel2,4,original,PSO,7,-10.155168622625,-0.0019686226250001937
Shekel2,4,original,PSO,8,-10.155168622625,-0.0019686226250001937
Shekel2,4,original,PSO,9,-10.131185545307607,0.022014454692392604
Shekel2,4,original,random,0,-2.648010746343222,7.505189253656778
Shekel2,4,original,random,1,-3.484837954362456,6.668362045637544
Shekel2,4,original,random,2,-4.000199469026971,6.153000530973029
Shekel2,4,original,random,3,-3.210051153448764,6.943148846551236
Shekel2,4,original,random,4,-7.235336651942412,2.9178633480575877
Shekel2,4,original,random,5,-4.295884633317851,5.857315366682149
Shekel2,4,original,random,6,-3.772043411445961,6.381156588554039
Shekel2,4,original,random,7,-3.3076760161417633,6.845523983858237
Shekel2,4,original,random,8,-4.679284680861464,5.473915319138536
Shekel2,4,original,random,9,-4.029496307758156,6.123703692241844
Shekel3,4,original,SOCIAL (paper Alg. 1),0,-10.416419007372642,-0.01361900737264321
Shekel3,4,original,SOCIAL (paper Alg. 1),1,-10.251711577701341,0.15108842229865793
Shekel3,4,original,SOCIAL (paper Alg. 1),2,-10.25364357697844,0.14915642302155874
Shekel3,4,original,SOCIAL (paper Alg. 1),3,-10.2531366354628,0.14966336453719897
Shekel3,4,original,SOCIAL (paper Alg. 1),4,-10.253548196732538,0.14925180326746101
Shekel3,4,original,SOCIAL (paper Alg. 1),5,-10.416059121312102,-0.013259121312103161
Shekel3,4,original,SOCIAL (paper Alg. 1),6,-10.415936680458225,-0.013136680458226024
Shekel3,4,original,SOCIAL (paper Alg. 1),7,-10.416279290716036,-0.013479290716036374
Shekel3,4,original,SOCIAL (paper Alg. 1),8,-10.416423260014398,-0.013623260014398397
Shekel3,4,original,SOCIAL (paper Alg. 1),9,-10.253142074035706,0.14965792596429317
Shekel3,4,original,CMA-ES,0,-10.253680675897243,0.14911932410275597
Shekel3,4,original,CMA-ES,1,-10.416425330487206,-0.01362533048720671
Shekel3,4,original,CMA-ES,2,-10.391042847537681,0.011757152462317677
Shekel3,4,original,CMA-ES,3,-10.416425330487206,-0.01362533048720671
Shekel3,4,original,CMA-ES,4,-10.416425330487211,-0.01362533048721204
Shekel3,4,original,CMA-ES,5,-10.416425330487199,-0.013625330487199605
Shekel3,4,original,CMA-ES,6,-10.4164253304872,-0.013625330487201381
Shekel3,4,original,CMA-ES,7,-10.41642533048721,-0.013625330487210263
Shekel3,4,original,CMA-ES,8,-10.416425330487202,-0.013625330487203158
Shekel3,4,original,CMA-ES,9,-10.41642533048721,-0.013625330487210263
Shekel3,4,original,DE,0,-10.271632545211585,0.13116745478841452
Shekel3,4,original,DE,1,-10.130190467343915,0.2726095326560838
Shekel3,4,original,DE,2,-10.173481836456178,0.22931816354382129
Shekel3,4,original,DE,3,-10.130190467343915,0.2726095326560838
Shekel3,4,original,DE,4,-10.173481627178953,0.22931837282104617
Shekel3,4,original,DE,5,-10.271685075641381,0.13111492435861827
Shekel3,4,original,DE,6,-10.391042847537689,0.011757152462310572
Shekel3,4,original,DE,7,-10.391042847537689,0.011757152462310572
Shekel3,4,original,DE,8,-10.173481836456178,0.22931816354382129
Shekel3,4,original,DE,9,-10.271685075641381,0.13111492435861827
Shekel3,4,original,PSO,0,-10.173481836456178,0.22931816354382129
Shekel3,4,original,PSO,1,-10.271685075641381,0.13111492435861827
Shekel3,4,original,PSO,2,-10.25368067589725,0.14911932410274886
Shekel3,4,original,PSO,3,-10.25368067589725,0.14911932410274886
Shekel3,4,original,PSO,4,-10.391042847537687,0.011757152462312348
Shekel3,4,original,PSO,5,-10.391042847537687,0.011757152462312348
Shekel3,4,original,PSO,6,-10.416425330487215,-0.013625330487215592
Shekel3,4,original,PSO,7,-10.391042847537687,0.011757152462312348
Shekel3,4,original,PSO,8,-10.416425330487215,-0.013625330487215592
Shekel3,4,original,PSO,9,-10.271685075641381,0.13111492435861827
Shekel3,4,original,random,0,-2.958726416322497,7.444073583677502
Shekel3,4,original,random,1,-3.7543306515408075,6.648469348459192
Shekel3,4,original,random,2,-4.249285814614658,6.153514185385341
Shekel3,4,original,random,3,-5.143481564641961,5.259318435358038
Shekel3,4,original,random,4,-7.370467771136841,3.032332228863158
Shekel3,4,original,random,5,-4.49685272204897,5.90594727795103
Shekel3,4,original,random,6,-3.804404666805512,6.598395333194487
Shekel3,4,original,random,7,-3.3388157185608374,7.063984281439161
Shekel3,4,original,random,8,-4.812155086698423,5.590644913301576
Shekel3,4,original,random,9,-5.301615275385506,5.101184724614493
Shekel4,4,original,SOCIAL (paper Alg. 1),0,-10.438345475156481,0.09795452484351941
Shekel4,4,original,SOCIAL (paper Alg. 1),1,-10.375291688273341,0.16100831172665941
Shekel4,4,original,SOCIAL (paper Alg. 1),2,-10.37519060166576,0.16110939833423998
Shekel4,4,original,SOCIAL (paper Alg. 1),3,-10.374592566152032,0.16170743384796893
Shekel4,4,original,SOCIAL (paper Alg. 1),4,-10.375241786887997,0.1610582131120033
Shekel4,4,original,SOCIAL (paper Alg. 1),5,-10.374981700388826,0.1613182996111746
Shekel4,4,original,SOCIAL (paper Alg. 1),6,-10.552731999685298,-0.016431999685297072
Shekel4,4,original,SOCIAL (paper Alg. 1),7,-10.55276108627368,-0.01646108627367937
Shekel4,4,original,SOCIAL (paper Alg. 1),8,-10.552701143180268,-0.016401143180267752
Shekel4,4,original,SOCIAL (paper Alg. 1),9,-10.312396593850384,0.223903406149617
Shekel4,4,original,CMA-ES,0,-10.552790878811992,-0.016490878811991294
Shekel4,4,original,CMA-ES,1,-10.503909244793894,0.0323907552061069
Shekel4,4,original,CMA-ES,2,-10.552790878811999,-0.0164908788119984
Shekel4,4,original,CMA-ES,3,-10.552790878812,-0.016490878812000176
Shekel4,4,original,CMA-ES,4,-10.552790878812003,-0.016490878812001952
Shekel4,4,original,CMA-ES,5,-10.552790878812004,-0.01649087881200373
Shekel4,4,original,CMA-ES,6,-10.552790878811999,-0.0164908788119984
Shekel4,4,original,CMA-ES,7,-10.503909244793894,0.0323907552061069
Shekel4,4,original,CMA-ES,8,-10.552790878811974,-0.01649087881197353
Shekel4,4,original,CMA-ES,9,-10.552790878812,-0.016490878812000176
Shekel4,4,original,DE,0,-10.438386116741574,0.09791388325842654
Shekel4,4,original,DE,1,-10.438385764514296,0.09791423548570499
Shekel4,4,original,DE,2,-10.438386116741574,0.09791388325842654
Shekel4,4,original,DE,3,-10.438386116741574,0.09791388325842654
Shekel4,4,original,DE,4,-10.37547172270927,0.16082827729073124
Shekel4,4,original,DE,5,-10.31266888715688,0.22363111284312076
Shekel4,4,original,DE,6,-10.37547172270927,0.16082827729073124
Shekel4,4,original,DE,7,-10.552790878812008,-0.01649087881200728
Shekel4,4,original,DE,8,-10.195390639487018,0.34090936051298293
Shekel4,4,original,DE,9,-10.31266888715688,0.22363111284312076
Shekel4,4,original,PSO,0,-10.438386116741574,0.09791388325842654
Shekel4,4,original,PSO,1,-10.37547172270927,0.16082827729073124
Shekel4,4,original,PSO,2,-10.438386116741574,0.09791388325842654
Shekel4,4,original,PSO,3,-10.438386116741574,0.09791388325842654
Shekel4,4,original,PSO,4,-10.252290550942206,0.2840094490577947
Shekel4,4,original,PSO,5,-10.552790878812008,-0.01649087881200728
Shekel4,4,original,PSO,6,-10.438386116741574,0.09791388325842654
Shekel4,4,original,PSO,7,-10.434621391877522,0.10167860812247831
Shekel4,4,original,PSO,8,-10.434621391877522,0.10167860812247831
Shekel4,4,original,PSO,9,-10.31266888715688,0.22363111284312076
Shekel4,4,original,random,0,-5.095991969741609,5.440308030258391
Shekel4,4,original,random,1,-4.392112350151119,6.144187649848882
Shekel4,4,original,random,2,-4.391374887546748,6.144925112453253
Shekel4,4,original,random,3,-5.266578628199162,5.269721371800839
Shekel4,4,original,random,4,-8.493602228532636,2.042697771467365
Shekel4,4,original,random,5,-6.137932719177486,4.398367280822515
Shekel4,4,original,random,6,-3.843723292648848,6.692576707351153
Shekel4,4,original,random,7,-3.3812923664363383,7.155007633563662
Shekel4,4,original,random,8,-4.855158951102613,5.681141048897388
Shekel4,4,original,random,9,-5.32321399393469,5.213086006065311
Sphere,30,original,SOCIAL (paper Alg. 1),0,6.711460515505878,6.711460515505878
Sphere,30,original,SOCIAL (paper Alg. 1),1,3.611000454652735,3.611000454652735
Sphere,30,original,SOCIAL (paper Alg. 1),2,7.5269548740046766,7.5269548740046766
Sphere,30,original,SOCIAL (paper Alg. 1),3,5.109027905760629,5.109027905760629
Sphere,30,original,SOCIAL (paper Alg. 1),4,4.332227988039066,4.332227988039066
Sphere,30,original,SOCIAL (paper Alg. 1),5,9.796386898751647,9.796386898751647
Sphere,30,original,SOCIAL (paper Alg. 1),6,12.472250659497645,12.472250659497645
Sphere,30,original,SOCIAL (paper Alg. 1),7,2.8542756510409086,2.8542756510409086
Sphere,30,original,SOCIAL (paper Alg. 1),8,2.8757927509935732,2.8757927509935732
Sphere,30,original,SOCIAL (paper Alg. 1),9,8.628442809579234,8.628442809579234
Sphere,30,original,CMA-ES,0,1.947616119254758e-14,1.947616119254758e-14
Sphere,30,original,CMA-ES,1,2.1643130890900506e-14,2.1643130890900506e-14
Sphere,30,original,CMA-ES,2,2.1607709286853098e-14,2.1607709286853098e-14
Sphere,30,original,CMA-ES,3,1.0451558226239447e-13,1.0451558226239447e-13
Sphere,30,original,CMA-ES,4,4.261277973171296e-14,4.261277973171296e-14
Sphere,30,original,CMA-ES,5,1.9309292718219657e-14,1.9309292718219657e-14
Sphere,30,original,CMA-ES,6,4.95643783455703e-14,4.95643783455703e-14
Sphere,30,original,CMA-ES,7,2.874169768345152e-14,2.874169768345152e-14
Sphere,30,original,CMA-ES,8,1.9965655666779387e-14,1.9965655666779387e-14
Sphere,30,original,CMA-ES,9,2.059039313153491e-14,2.059039313153491e-14
Sphere,30,original,DE,0,1275.4709784589415,1275.4709784589415
Sphere,30,original,DE,1,477.55853688991346,477.55853688991346
Sphere,30,original,DE,2,182.35407615328103,182.35407615328103
Sphere,30,original,DE,3,1204.4343502747363,1204.4343502747363
Sphere,30,original,DE,4,1925.9125485605773,1925.9125485605773
Sphere,30,original,DE,5,2351.4018534724432,2351.4018534724432
Sphere,30,original,DE,6,101.9491691962055,101.9491691962055
Sphere,30,original,DE,7,93.20215561079266,93.20215561079266
Sphere,30,original,DE,8,266.90214888560047,266.90214888560047
Sphere,30,original,DE,9,167.71091556672215,167.71091556672215
Sphere,30,original,PSO,0,7.599756147370381e-16,7.599756147370381e-16
Sphere,30,original,PSO,1,2.6166474616554038e-11,2.6166474616554038e-11
Sphere,30,original,PSO,2,2.004411525576507e-14,2.004411525576507e-14
Sphere,30,original,PSO,3,1.6588536574849373e-14,1.6588536574849373e-14
Sphere,30,original,PSO,4,7.815469656425976e-13,7.815469656425976e-13
Sphere,30,original,PSO,5,10000.000000000004,10000.000000000004
Sphere,30,original,PSO,6,6.289866818640395e-16,6.289866818640395e-16
Sphere,30,original,PSO,7,1.315332984897607e-16,1.315332984897607e-16
Sphere,30,original,PSO,8,1.733796827654534e-12,1.733796827654534e-12
Sphere,30,original,PSO,9,2.0078937080939966e-15,2.0078937080939966e-15
Sphere,30,original,random,0,43120.7756387843,43120.7756387843
Sphere,30,original,random,1,42318.36548346111,42318.36548346111
Sphere,30,original,random,2,38444.57195677945,38444.57195677945
Sphere,30,original,random,3,38396.45911323891,38396.45911323891
Sphere,30,original,random,4,42743.18889138212,42743.18889138212
Sphere,30,original,random,5,44681.283085628296,44681.283085628296
Sphere,30,original,random,6,37681.44391913461,37681.44391913461
Sphere,30,original,random,7,40758.22037505693,40758.22037505693
Sphere,30,original,random,8,40733.117390947125,40733.117390947125
Sphere,30,original,random,9,38809.11451469534,38809.11451469534
Sphere,30,shifted,SOCIAL (paper Alg. 1),0,11.996923933839346,11.996923933839346
Sphere,30,shifted,SOCIAL (paper Alg. 1),1,17.099513575856175,17.099513575856175
Sphere,30,shifted,SOCIAL (paper Alg. 1),2,8.657041078471554,8.657041078471554
Sphere,30,shifted,SOCIAL (paper Alg. 1),3,7.497400397992985,7.497400397992985
Sphere,30,shifted,SOCIAL (paper Alg. 1),4,8.530939015229709,8.530939015229709
Sphere,30,shifted,SOCIAL (paper Alg. 1),5,7.898816367684394,7.898816367684394
Sphere,30,shifted,SOCIAL (paper Alg. 1),6,12.026208992735654,12.026208992735654
Sphere,30,shifted,SOCIAL (paper Alg. 1),7,4.932036981652956,4.932036981652956
Sphere,30,shifted,SOCIAL (paper Alg. 1),8,5.069482136034793,5.069482136034793
Sphere,30,shifted,SOCIAL (paper Alg. 1),9,29.45541068067763,29.45541068067763
Sphere,30,shifted,CMA-ES,0,1.309860160976644e-14,1.309860160976644e-14
Sphere,30,shifted,CMA-ES,1,2.5203736025185506e-14,2.5203736025185506e-14
Sphere,30,shifted,CMA-ES,2,3.4039135044102156e-14,3.4039135044102156e-14
Sphere,30,shifted,CMA-ES,3,3.6531401940278746e-14,3.6531401940278746e-14
Sphere,30,shifted,CMA-ES,4,1.2263038035198606e-14,1.2263038035198606e-14
Sphere,30,shifted,CMA-ES,5,4.8259687947169436e-14,4.8259687947169436e-14
Sphere,30,shifted,CMA-ES,6,2.6733887622328674e-14,2.6733887622328674e-14
Sphere,30,shifted,CMA-ES,7,2.4374153167463133e-14,2.4374153167463133e-14
Sphere,30,shifted,CMA-ES,8,2.7899513184621995e-14,2.7899513184621995e-14
Sphere,30,shifted,CMA-ES,9,3.338088474238932e-14,3.338088474238932e-14
Sphere,30,shifted,DE,0,563.7579438460601,563.7579438460601
Sphere,30,shifted,DE,1,5547.159086035058,5547.159086035058
Sphere,30,shifted,DE,2,2437.3919643376153,2437.3919643376153
Sphere,30,shifted,DE,3,273.0005304058929,273.0005304058929
Sphere,30,shifted,DE,4,2249.9654346394964,2249.9654346394964
Sphere,30,shifted,DE,5,2124.2627916139463,2124.2627916139463
Sphere,30,shifted,DE,6,5257.932379858976,5257.932379858976
Sphere,30,shifted,DE,7,726.5908740232157,726.5908740232157
Sphere,30,shifted,DE,8,2350.9316661343923,2350.9316661343923
Sphere,30,shifted,DE,9,1828.1128189464066,1828.1128189464066
Sphere,30,shifted,PSO,0,9600.000000000004,9600.000000000004
Sphere,30,shifted,PSO,1,24000.0,24000.0
Sphere,30,shifted,PSO,2,19200.0,19200.0
Sphere,30,shifted,PSO,3,14400.0,14400.0
Sphere,30,shifted,PSO,4,12800.0,12800.0
Sphere,30,shifted,PSO,5,20800.0,20800.0
Sphere,30,shifted,PSO,6,12800.00000000002,12800.00000000002
Sphere,30,shifted,PSO,7,11200.0,11200.0
Sphere,30,shifted,PSO,8,16000.0,16000.0
Sphere,30,shifted,PSO,9,22400.0,22400.0
Sphere,30,shifted,random,0,69331.02275551873,69331.02275551873
Sphere,30,shifted,random,1,63046.47281613329,63046.47281613329
Sphere,30,shifted,random,2,62451.91933319397,62451.91933319397
Sphere,30,shifted,random,3,56940.74180502778,56940.74180502778
Sphere,30,shifted,random,4,66468.32191043303,66468.32191043303
Sphere,30,shifted,random,5,70465.16193440712,70465.16193440712
Sphere,30,shifted,random,6,67859.22566278014,67859.22566278014
Sphere,30,shifted,random,7,66355.16064962295,66355.16064962295
Sphere,30,shifted,random,8,67909.57188856442,67909.57188856442
Sphere,30,shifted,random,9,71600.23276314297,71600.23276314297
Step,30,original,SOCIAL (paper Alg. 1),0,79.0,79.0
Step,30,original,SOCIAL (paper Alg. 1),1,26.0,26.0
Step,30,original,SOCIAL (paper Alg. 1),2,30.0,30.0
Step,30,original,SOCIAL (paper Alg. 1),3,32.0,32.0
Step,30,original,SOCIAL (paper Alg. 1),4,48.0,48.0
Step,30,original,SOCIAL (paper Alg. 1),5,47.0,47.0
Step,30,original,SOCIAL (paper Alg. 1),6,51.0,51.0
Step,30,original,SOCIAL (paper Alg. 1),7,74.0,74.0
Step,30,original,SOCIAL (paper Alg. 1),8,44.0,44.0
Step,30,original,SOCIAL (paper Alg. 1),9,48.0,48.0
Step,30,original,CMA-ES,0,0.0,0.0
Step,30,original,CMA-ES,1,0.0,0.0
Step,30,original,CMA-ES,2,0.0,0.0
Step,30,original,CMA-ES,3,0.0,0.0
Step,30,original,CMA-ES,4,0.0,0.0
Step,30,original,CMA-ES,5,0.0,0.0
Step,30,original,CMA-ES,6,0.0,0.0
Step,30,original,CMA-ES,7,0.0,0.0
Step,30,original,CMA-ES,8,0.0,0.0
Step,30,original,CMA-ES,9,0.0,0.0
Step,30,original,DE,0,10.0,10.0
Step,30,original,DE,1,361.0,361.0
Step,30,original,DE,2,365.0,365.0
Step,30,original,DE,3,27.0,27.0
Step,30,original,DE,4,65.0,65.0
Step,30,original,DE,5,5.0,5.0
Step,30,original,DE,6,441.0,441.0
Step,30,original,DE,7,265.0,265.0
Step,30,original,DE,8,16.0,16.0
Step,30,original,DE,9,1.0,1.0
Step,30,original,PSO,0,30.0,30.0
Step,30,original,PSO,1,15.0,15.0
Step,30,original,PSO,2,4.0,4.0
Step,30,original,PSO,3,103.0,103.0
Step,30,original,PSO,4,0.0,0.0
Step,30,original,PSO,5,1.0,1.0
Step,30,original,PSO,6,0.0,0.0
Step,30,original,PSO,7,10.0,10.0
Step,30,original,PSO,8,28.0,28.0
Step,30,original,PSO,9,10.0,10.0
Step,30,original,random,0,42954.0,42954.0
Step,30,original,random,1,42493.0,42493.0
Step,30,original,random,2,38388.0,38388.0
Step,30,original,random,3,38342.0,38342.0
Step,30,original,random,4,42867.0,42867.0
Step,30,original,random,5,45007.0,45007.0
Step,30,original,random,6,37686.0,37686.0
Step,30,original,random,7,40926.0,40926.0
Step,30,original,random,8,40741.0,40741.0
Step,30,original,random,9,38741.0,38741.0
Step,30,shifted,SOCIAL (paper Alg. 1),0,68.0,68.0
Step,30,shifted,SOCIAL (paper Alg. 1),1,210.0,210.0
Step,30,shifted,SOCIAL (paper Alg. 1),2,194.0,194.0
Step,30,shifted,SOCIAL (paper Alg. 1),3,80.0,80.0
Step,30,shifted,SOCIAL (paper Alg. 1),4,133.0,133.0
Step,30,shifted,SOCIAL (paper Alg. 1),5,285.0,285.0
Step,30,shifted,SOCIAL (paper Alg. 1),6,69.0,69.0
Step,30,shifted,SOCIAL (paper Alg. 1),7,65.0,65.0
Step,30,shifted,SOCIAL (paper Alg. 1),8,110.0,110.0
Step,30,shifted,SOCIAL (paper Alg. 1),9,78.0,78.0
Step,30,shifted,CMA-ES,0,0.0,0.0
Step,30,shifted,CMA-ES,1,0.0,0.0
Step,30,shifted,CMA-ES,2,0.0,0.0
Step,30,shifted,CMA-ES,3,0.0,0.0
Step,30,shifted,CMA-ES,4,0.0,0.0
Step,30,shifted,CMA-ES,5,0.0,0.0
Step,30,shifted,CMA-ES,6,0.0,0.0
Step,30,shifted,CMA-ES,7,0.0,0.0
Step,30,shifted,CMA-ES,8,0.0,0.0
Step,30,shifted,CMA-ES,9,0.0,0.0
Step,30,shifted,DE,0,103.0,103.0
Step,30,shifted,DE,1,1300.0,1300.0
Step,30,shifted,DE,2,4.0,4.0
Step,30,shifted,DE,3,689.0,689.0
Step,30,shifted,DE,4,225.0,225.0
Step,30,shifted,DE,5,901.0,901.0
Step,30,shifted,DE,6,1542.0,1542.0
Step,30,shifted,DE,7,395.0,395.0
Step,30,shifted,DE,8,1108.0,1108.0
Step,30,shifted,DE,9,3738.0,3738.0
Step,30,shifted,PSO,0,11200.0,11200.0
Step,30,shifted,PSO,1,22400.0,22400.0
Step,30,shifted,PSO,2,17604.0,17604.0
Step,30,shifted,PSO,3,16001.0,16001.0
Step,30,shifted,PSO,4,12801.0,12801.0
Step,30,shifted,PSO,5,19200.0,19200.0
Step,30,shifted,PSO,6,11201.0,11201.0
Step,30,shifted,PSO,7,14426.0,14426.0
Step,30,shifted,PSO,8,11241.0,11241.0
Step,30,shifted,PSO,9,11123.0,11123.0
Step,30,shifted,random,0,75590.0,75590.0
Step,30,shifted,random,1,66162.0,66162.0
Step,30,shifted,random,2,66870.0,66870.0
Step,30,shifted,random,3,55024.0,55024.0
Step,30,shifted,random,4,71363.0,71363.0
Step,30,shifted,random,5,66744.0,66744.0
Step,30,shifted,random,6,52005.0,52005.0
Step,30,shifted,random,7,62019.0,62019.0
Step,30,shifted,random,8,39614.0,39614.0
Step,30,shifted,random,9,64002.0,64002.0
