seed,objective,budget_frac,budget,N,hits_K,hit_share_innermost_quarter,method,final_recall,wall_time_s
0,O1,0.02,122,6065,61,0.06557377049180328,graph_social,0.01639344262295082,0.025660375133156776
0,O1,0.02,122,6065,61,0.06557377049180328,random,0.03278688524590164,0.0001990830060094595
0,O1,0.02,122,6065,61,0.06557377049180328,ensemble_ts,0.21311475409836064,11.752997583011165
0,O1,0.02,122,6065,61,0.06557377049180328,cmaes,0.18032786885245902,0.14109970815479755
0,O1,0.02,122,6065,61,0.06557377049180328,centroid_policy_with_init,0.0,0.0
0,O1,0.05,304,6065,61,0.06557377049180328,graph_social,0.01639344262295082,0.06815533409826458
0,O1,0.05,304,6065,61,0.06557377049180328,random,0.04918032786885246,0.0003158331383019686
0,O1,0.05,304,6065,61,0.06557377049180328,ensemble_ts,0.45901639344262296,52.27813612506725
0,O1,0.05,304,6065,61,0.06557377049180328,cmaes,0.3770491803278688,0.08528016693890095
0,O1,0.05,304,6065,61,0.06557377049180328,centroid_policy_with_init,0.0,0.0
0,O2,0.02,122,6065,61,0.47540983606557374,graph_social,0.08196721311475409,0.03614141698926687
0,O2,0.02,122,6065,61,0.47540983606557374,random,0.0,0.00019537494517862797
0,O2,0.02,122,6065,61,0.47540983606557374,ensemble_ts,0.01639344262295082,10.523618166102096
0,O2,0.02,122,6065,61,0.47540983606557374,cmaes,0.01639344262295082,0.030595416203141212
0,O2,0.02,122,6065,61,0.47540983606557374,centroid_policy_with_init,0.08196721311475409,0.0
0,O2,0.05,304,6065,61,0.47540983606557374,graph_social,0.09836065573770492,0.07542470819316804
0,O2,0.05,304,6065,61,0.47540983606557374,random,0.06557377049180328,0.00029891706071794033
0,O2,0.05,304,6065,61,0.47540983606557374,ensemble_ts,0.16393442622950818,49.62755849980749
0,O2,0.05,304,6065,61,0.47540983606557374,cmaes,0.16393442622950818,0.06932125007733703
0,O2,0.05,304,6065,61,0.47540983606557374,centroid_policy_with_init,0.13114754098360656,0.0
0,O3,0.02,122,6065,61,0.21311475409836064,graph_social,0.06557377049180328,0.0337994999717921
0,O3,0.02,122,6065,61,0.21311475409836064,random,0.03278688524590164,0.00017458293586969376
0,O3,0.02,122,6065,61,0.21311475409836064,ensemble_ts,0.06557377049180328,9.204427249962464
0,O3,0.02,122,6065,61,0.21311475409836064,cmaes,0.08196721311475409,0.036212709033861756
0,O3,0.02,122,6065,61,0.21311475409836064,centroid_policy_with_init,0.04918032786885246,0.0
0,O3,0.05,304,6065,61,0.21311475409836064,graph_social,0.09836065573770492,0.09460199996829033
0,O3,0.05,304,6065,61,0.21311475409836064,random,0.03278688524590164,0.0002888748422265053
0,O3,0.05,304,6065,61,0.21311475409836064,ensemble_ts,0.19672131147540983,44.424153374973685
0,O3,0.05,304,6065,61,0.21311475409836064,cmaes,0.13114754098360656,0.07609199988655746
0,O3,0.05,304,6065,61,0.21311475409836064,centroid_policy_with_init,0.04918032786885246,0.0
0,O4,0.02,75,3724,38,0.07894736842105263,graph_social,0.0,0.006019541993737221
0,O4,0.02,75,3724,38,0.07894736842105263,random,0.02631578947368421,0.00011537503451108932
0,O4,0.02,75,3724,38,0.07894736842105263,ensemble_ts,0.10526315789473684,3.909491832833737
0,O4,0.02,75,3724,38,0.07894736842105263,cmaes,0.07894736842105263,0.01275916607119143
0,O4,0.02,75,3724,38,0.07894736842105263,centroid_policy_with_init,0.0,0.0
0,O4,0.05,187,3724,38,0.07894736842105263,graph_social,0.05263157894736842,0.01504329196177423
0,O4,0.05,187,3724,38,0.07894736842105263,random,0.10526315789473684,0.00017645792104303837
0,O4,0.05,187,3724,38,0.07894736842105263,ensemble_ts,0.5263157894736842,17.085319458972663
0,O4,0.05,187,3724,38,0.07894736842105263,cmaes,0.10526315789473684,0.025668916990980506
0,O4,0.05,187,3724,38,0.07894736842105263,centroid_policy_with_init,0.0,0.0
1,O1,0.02,122,6065,61,0.06557377049180328,graph_social,0.09836065573770492,0.03856045799329877
1,O1,0.02,122,6065,61,0.06557377049180328,random,0.01639344262295082,0.0001995412167161703
1,O1,0.02,122,6065,61,0.06557377049180328,ensemble_ts,0.32786885245901637,11.836347333155572
1,O1,0.02,122,6065,61,0.06557377049180328,cmaes,0.21311475409836064,0.1598372501321137
1,O1,0.02,122,6065,61,0.06557377049180328,centroid_policy_with_init,0.0,0.0
1,O1,0.05,304,6065,61,0.06557377049180328,graph_social,0.18032786885245902,0.057429583044722676
1,O1,0.05,304,6065,61,0.06557377049180328,random,0.04918032786885246,0.0002963340375572443
1,O1,0.05,304,6065,61,0.06557377049180328,ensemble_ts,0.639344262295082,53.100613332819194
1,O1,0.05,304,6065,61,0.06557377049180328,cmaes,0.32786885245901637,0.07123070885427296
1,O1,0.05,304,6065,61,0.06557377049180328,centroid_policy_with_init,0.0,0.0
1,O2,0.02,122,6065,61,0.4262295081967213,graph_social,0.08196721311475409,0.03500699996948242
1,O2,0.02,122,6065,61,0.4262295081967213,random,0.03278688524590164,0.00018495903350412846
1,O2,0.02,122,6065,61,0.4262295081967213,ensemble_ts,0.01639344262295082,10.488220790866762
1,O2,0.02,122,6065,61,0.4262295081967213,cmaes,0.01639344262295082,0.037543582962825894
1,O2,0.02,122,6065,61,0.4262295081967213,centroid_policy_with_init,0.06557377049180328,0.0
1,O2,0.05,304,6065,61,0.4262295081967213,graph_social,0.09836065573770492,0.09539195895195007
1,O2,0.05,304,6065,61,0.4262295081967213,random,0.08196721311475409,0.00032454216852784157
1,O2,0.05,304,6065,61,0.4262295081967213,ensemble_ts,0.03278688524590164,45.609491041861475
1,O2,0.05,304,6065,61,0.4262295081967213,cmaes,0.09836065573770492,0.06082462496124208
1,O2,0.05,304,6065,61,0.4262295081967213,centroid_policy_with_init,0.09836065573770492,0.0
1,O3,0.02,122,6065,61,0.22950819672131148,graph_social,0.0,0.038407082902267575
1,O3,0.02,122,6065,61,0.22950819672131148,random,0.01639344262295082,0.00017437501810491085
1,O3,0.02,122,6065,61,0.22950819672131148,ensemble_ts,0.01639344262295082,9.267353374976665
1,O3,0.02,122,6065,61,0.22950819672131148,cmaes,0.0,0.03232879098504782
1,O3,0.02,122,6065,61,0.22950819672131148,centroid_policy_with_init,0.01639344262295082,0.0
1,O3,0.05,304,6065,61,0.22950819672131148,graph_social,0.04918032786885246,0.07609187485650182
1,O3,0.05,304,6065,61,0.22950819672131148,random,0.01639344262295082,0.00029012514278292656
1,O3,0.05,304,6065,61,0.22950819672131148,ensemble_ts,0.18032786885245902,44.20302270795219
1,O3,0.05,304,6065,61,0.22950819672131148,cmaes,0.0,0.060174375073984265
1,O3,0.05,304,6065,61,0.22950819672131148,centroid_policy_with_init,0.01639344262295082,0.0
1,O4,0.02,75,3710,38,0.05263157894736842,graph_social,0.07894736842105263,0.010776459006592631
1,O4,0.02,75,3710,38,0.05263157894736842,random,0.0,0.0001496670302003622
1,O4,0.02,75,3710,38,0.05263157894736842,ensemble_ts,0.2631578947368421,3.958146832883358
1,O4,0.02,75,3710,38,0.05263157894736842,cmaes,0.07894736842105263,0.012545250123366714
1,O4,0.02,75,3710,38,0.05263157894736842,centroid_policy_with_init,0.0,0.0
1,O4,0.05,186,3710,38,0.05263157894736842,graph_social,0.2631578947368421,0.013507249997928739
1,O4,0.05,186,3710,38,0.05263157894736842,random,0.02631578947368421,0.00017799995839595795
1,O4,0.05,186,3710,38,0.05263157894736842,ensemble_ts,0.6578947368421053,16.508305333089083
1,O4,0.05,186,3710,38,0.05263157894736842,cmaes,0.23684210526315788,0.0393505000974983
1,O4,0.05,186,3710,38,0.05263157894736842,centroid_policy_with_init,0.0,0.0
2,O1,0.02,122,6065,61,0.06557377049180328,graph_social,0.08196721311475409,0.023311875062063336
2,O1,0.02,122,6065,61,0.06557377049180328,random,0.03278688524590164,0.0001975828781723976
2,O1,0.02,122,6065,61,0.06557377049180328,ensemble_ts,0.2459016393442623,12.046469541965052
2,O1,0.02,122,6065,61,0.06557377049180328,cmaes,0.0,0.16132979188114405
2,O1,0.02,122,6065,61,0.06557377049180328,centroid_policy_with_init,0.0,0.0
2,O1,0.05,304,6065,61,0.06557377049180328,graph_social,0.09836065573770492,0.09170529106631875
2,O1,0.05,304,6065,61,0.06557377049180328,random,0.04918032786885246,0.00032166694290935993
2,O1,0.05,304,6065,61,0.06557377049180328,ensemble_ts,0.6557377049180327,51.823837583186105
2,O1,0.05,304,6065,61,0.06557377049180328,cmaes,0.04918032786885246,0.08642950002104044
2,O1,0.05,304,6065,61,0.06557377049180328,centroid_policy_with_init,0.0,0.0
2,O2,0.02,122,6065,61,0.4426229508196721,graph_social,0.03278688524590164,0.04125441703945398
2,O2,0.02,122,6065,61,0.4426229508196721,random,0.03278688524590164,0.0002366248518228531
2,O2,0.02,122,6065,61,0.4426229508196721,ensemble_ts,0.16393442622950818,10.398223791038617
2,O2,0.02,122,6065,61,0.4426229508196721,cmaes,0.01639344262295082,0.03151945909485221
2,O2,0.02,122,6065,61,0.4426229508196721,centroid_policy_with_init,0.08196721311475409,0.0
2,O2,0.05,304,6065,61,0.4426229508196721,graph_social,0.04918032786885246,0.11821979191154242
2,O2,0.05,304,6065,61,0.4426229508196721,random,0.04918032786885246,0.00030983309261500835
2,O2,0.05,304,6065,61,0.4426229508196721,ensemble_ts,0.29508196721311475,49.749662291957065
2,O2,0.05,304,6065,61,0.4426229508196721,cmaes,0.14754098360655737,0.06054187496192753
2,O2,0.05,304,6065,61,0.4426229508196721,centroid_policy_with_init,0.11475409836065574,0.0
2,O3,0.02,122,6065,61,0.19672131147540983,graph_social,0.01639344262295082,0.026965583208948374
2,O3,0.02,122,6065,61,0.19672131147540983,random,0.01639344262295082,0.00017087487503886223
2,O3,0.02,122,6065,61,0.19672131147540983,ensemble_ts,0.06557377049180328,9.059861000161618
2,O3,0.02,122,6065,61,0.19672131147540983,cmaes,0.04918032786885246,0.03283320809714496
2,O3,0.02,122,6065,61,0.19672131147540983,centroid_policy_with_init,0.01639344262295082,0.0
2,O3,0.05,304,6065,61,0.19672131147540983,graph_social,0.04918032786885246,0.06524320901371539
2,O3,0.05,304,6065,61,0.19672131147540983,random,0.01639344262295082,0.0002789159771054983
2,O3,0.05,304,6065,61,0.19672131147540983,ensemble_ts,0.19672131147540983,44.144957583164796
2,O3,0.05,304,6065,61,0.19672131147540983,cmaes,0.08196721311475409,0.06773374998010695
2,O3,0.05,304,6065,61,0.19672131147540983,centroid_policy_with_init,0.01639344262295082,0.0
2,O4,0.02,75,3702,38,0.05263157894736842,graph_social,0.02631578947368421,0.006938416976481676
2,O4,0.02,75,3702,38,0.05263157894736842,random,0.0,0.00011508283205330372
2,O4,0.02,75,3702,38,0.05263157894736842,ensemble_ts,0.10526315789473684,3.9623068331275135
2,O4,0.02,75,3702,38,0.05263157894736842,cmaes,0.05263157894736842,0.012695542071014643
2,O4,0.02,75,3702,38,0.05263157894736842,centroid_policy_with_init,0.0,0.0
2,O4,0.05,186,3702,38,0.05263157894736842,graph_social,0.02631578947368421,0.024463834008201957
2,O4,0.05,186,3702,38,0.05263157894736842,random,0.02631578947368421,0.00019416678696870804
2,O4,0.05,186,3702,38,0.05263157894736842,ensemble_ts,0.4473684210526316,16.80416683293879
2,O4,0.05,186,3702,38,0.05263157894736842,cmaes,0.07894736842105263,0.03351737488992512
2,O4,0.05,186,3702,38,0.05263157894736842,centroid_policy_with_init,0.0,0.0
3,O1,0.02,122,6065,61,0.06557377049180328,graph_social,0.01639344262295082,0.039770040893927217
3,O1,0.02,122,6065,61,0.06557377049180328,random,0.01639344262295082,0.00019712490029633045
3,O1,0.02,122,6065,61,0.06557377049180328,ensemble_ts,0.13114754098360656,11.827221457846463
3,O1,0.02,122,6065,61,0.06557377049180328,cmaes,0.19672131147540983,0.14990833401679993
3,O1,0.02,122,6065,61,0.06557377049180328,centroid_policy_with_init,0.0,0.0
3,O1,0.05,304,6065,61,0.06557377049180328,graph_social,0.08196721311475409,0.06791279115714133
3,O1,0.05,304,6065,61,0.06557377049180328,random,0.04918032786885246,0.0007660000119358301
3,O1,0.05,304,6065,61,0.06557377049180328,ensemble_ts,0.6885245901639344,52.39578454196453
3,O1,0.05,304,6065,61,0.06557377049180328,cmaes,0.36065573770491804,0.06526258401572704
3,O1,0.05,304,6065,61,0.06557377049180328,centroid_policy_with_init,0.0,0.0
3,O2,0.02,122,6065,61,0.45901639344262296,graph_social,0.01639344262295082,0.03467045817524195
3,O2,0.02,122,6065,61,0.45901639344262296,random,0.0,0.0002007081639021635
3,O2,0.02,122,6065,61,0.45901639344262296,ensemble_ts,0.0,10.675585499964654
3,O2,0.02,122,6065,61,0.45901639344262296,cmaes,0.06557377049180328,0.04645029199309647
3,O2,0.02,122,6065,61,0.45901639344262296,centroid_policy_with_init,0.06557377049180328,0.0
3,O2,0.05,304,6065,61,0.45901639344262296,graph_social,0.14754098360655737,0.11966866697184741
3,O2,0.05,304,6065,61,0.45901639344262296,random,0.08196721311475409,0.00034316699020564556
3,O2,0.05,304,6065,61,0.45901639344262296,ensemble_ts,0.11475409836065574,48.39730495796539
3,O2,0.05,304,6065,61,0.45901639344262296,cmaes,0.19672131147540983,0.0627916669473052
3,O2,0.05,304,6065,61,0.45901639344262296,centroid_policy_with_init,0.09836065573770492,0.0
3,O3,0.02,122,6065,61,0.19672131147540983,graph_social,0.0,0.032993000000715256
3,O3,0.02,122,6065,61,0.19672131147540983,random,0.01639344262295082,0.00018304097466170788
3,O3,0.02,122,6065,61,0.19672131147540983,ensemble_ts,0.08196721311475409,9.32256470900029
3,O3,0.02,122,6065,61,0.19672131147540983,cmaes,0.0,0.03453958313912153
3,O3,0.02,122,6065,61,0.19672131147540983,centroid_policy_with_init,0.01639344262295082,0.0
3,O3,0.05,304,6065,61,0.19672131147540983,graph_social,0.04918032786885246,0.07183824991807342
3,O3,0.05,304,6065,61,0.19672131147540983,random,0.03278688524590164,0.000297625083476305
3,O3,0.05,304,6065,61,0.19672131147540983,ensemble_ts,0.2459016393442623,46.9416135000065
3,O3,0.05,304,6065,61,0.19672131147540983,cmaes,0.04918032786885246,0.06996262515895069
3,O3,0.05,304,6065,61,0.19672131147540983,centroid_policy_with_init,0.01639344262295082,0.0
3,O4,0.02,75,3715,38,0.05263157894736842,graph_social,0.02631578947368421,0.005741874920204282
3,O4,0.02,75,3715,38,0.05263157894736842,random,0.05263157894736842,0.00011579110287129879
3,O4,0.02,75,3715,38,0.05263157894736842,ensemble_ts,0.0,3.989144291030243
3,O4,0.02,75,3715,38,0.05263157894736842,cmaes,0.0,0.023439875105395913
3,O4,0.02,75,3715,38,0.05263157894736842,centroid_policy_with_init,0.0,0.0
3,O4,0.05,186,3715,38,0.05263157894736842,graph_social,0.02631578947368421,0.01725558307953179
3,O4,0.05,186,3715,38,0.05263157894736842,random,0.18421052631578946,0.00019295909442007542
3,O4,0.05,186,3715,38,0.05263157894736842,ensemble_ts,0.5,16.034642584156245
3,O4,0.05,186,3715,38,0.05263157894736842,cmaes,0.0,0.03498508385382593
3,O4,0.05,186,3715,38,0.05263157894736842,centroid_policy_with_init,0.0,0.0
4,O1,0.02,122,6065,61,0.04918032786885246,graph_social,0.03278688524590164,0.0392794581130147
4,O1,0.02,122,6065,61,0.04918032786885246,random,0.0,0.00021316716447472572
4,O1,0.02,122,6065,61,0.04918032786885246,ensemble_ts,0.2786885245901639,11.719108666060492
4,O1,0.02,122,6065,61,0.04918032786885246,cmaes,0.08196721311475409,0.1497816659975797
4,O1,0.02,122,6065,61,0.04918032786885246,centroid_policy_with_init,0.0,0.0
4,O1,0.05,304,6065,61,0.04918032786885246,graph_social,0.08196721311475409,0.07687591598369181
4,O1,0.05,304,6065,61,0.04918032786885246,random,0.08196721311475409,0.0007419998291879892
4,O1,0.05,304,6065,61,0.04918032786885246,ensemble_ts,0.7377049180327869,51.425323750125244
4,O1,0.05,304,6065,61,0.04918032786885246,cmaes,0.2786885245901639,0.07251020800322294
4,O1,0.05,304,6065,61,0.04918032786885246,centroid_policy_with_init,0.0,0.0
4,O2,0.02,122,6065,61,0.47540983606557374,graph_social,0.03278688524590164,0.045608791988343
4,O2,0.02,122,6065,61,0.47540983606557374,random,0.01639344262295082,0.00018583284690976143
4,O2,0.02,122,6065,61,0.47540983606557374,ensemble_ts,0.08196721311475409,10.700032875174657
4,O2,0.02,122,6065,61,0.47540983606557374,cmaes,0.03278688524590164,0.048353167017921805
4,O2,0.02,122,6065,61,0.47540983606557374,centroid_policy_with_init,0.08196721311475409,0.0
4,O2,0.05,304,6065,61,0.47540983606557374,graph_social,0.18032786885245902,0.10487458296120167
4,O2,0.05,304,6065,61,0.47540983606557374,random,0.03278688524590164,0.0003339590039104223
4,O2,0.05,304,6065,61,0.47540983606557374,ensemble_ts,0.21311475409836064,50.910243708174676
4,O2,0.05,304,6065,61,0.47540983606557374,cmaes,0.09836065573770492,0.08060116600245237
4,O2,0.05,304,6065,61,0.47540983606557374,centroid_policy_with_init,0.11475409836065574,0.0
4,O3,0.02,122,6065,61,0.2459016393442623,graph_social,0.01639344262295082,0.04410075000487268
4,O3,0.02,122,6065,61,0.2459016393442623,random,0.0,0.00017737504094839096
4,O3,0.02,122,6065,61,0.2459016393442623,ensemble_ts,0.04918032786885246,9.455022915964946
4,O3,0.02,122,6065,61,0.2459016393442623,cmaes,0.0,0.025784665951505303
4,O3,0.02,122,6065,61,0.2459016393442623,centroid_policy_with_init,0.01639344262295082,0.0
4,O3,0.05,304,6065,61,0.2459016393442623,graph_social,0.06557377049180328,0.09531120792962611
4,O3,0.05,304,6065,61,0.2459016393442623,random,0.08196721311475409,0.0002906250301748514
4,O3,0.05,304,6065,61,0.2459016393442623,ensemble_ts,0.09836065573770492,45.40852216701023
4,O3,0.05,304,6065,61,0.2459016393442623,cmaes,0.01639344262295082,0.06659625004976988
4,O3,0.05,304,6065,61,0.2459016393442623,centroid_policy_with_init,0.01639344262295082,0.0
4,O4,0.02,75,3714,38,0.05263157894736842,graph_social,0.05263157894736842,0.006061166990548372
4,O4,0.02,75,3714,38,0.05263157894736842,random,0.0,0.00011583301238715649
4,O4,0.02,75,3714,38,0.05263157894736842,ensemble_ts,0.18421052631578946,3.993549417005852
4,O4,0.02,75,3714,38,0.05263157894736842,cmaes,0.0,0.013045958010479808
4,O4,0.02,75,3714,38,0.05263157894736842,centroid_policy_with_init,0.0,0.0
4,O4,0.05,186,3714,38,0.05263157894736842,graph_social,0.10526315789473684,0.025750917149707675
4,O4,0.05,186,3714,38,0.05263157894736842,random,0.02631578947368421,0.0005383340176194906
4,O4,0.05,186,3714,38,0.05263157894736842,ensemble_ts,0.5,16.66068779095076
4,O4,0.05,186,3714,38,0.05263157894736842,cmaes,0.0,0.03113908297382295
4,O4,0.05,186,3714,38,0.05263157894736842,centroid_policy_with_init,0.0,0.0
5,O1,0.02,122,6065,61,0.04918032786885246,graph_social,0.0,0.03779374994337559
5,O1,0.02,122,6065,61,0.04918032786885246,random,0.0,0.0002101671416312456
5,O1,0.02,122,6065,61,0.04918032786885246,ensemble_ts,0.13114754098360656,11.737901458982378
5,O1,0.02,122,6065,61,0.04918032786885246,cmaes,0.04918032786885246,0.1365266249049455
5,O1,0.02,122,6065,61,0.04918032786885246,centroid_policy_with_init,0.0,0.0
5,O1,0.05,304,6065,61,0.04918032786885246,graph_social,0.01639344262295082,0.08545650006271899
5,O1,0.05,304,6065,61,0.04918032786885246,random,0.01639344262295082,0.0003109578974545002
5,O1,0.05,304,6065,61,0.04918032786885246,ensemble_ts,0.5573770491803278,51.73321370780468
5,O1,0.05,304,6065,61,0.04918032786885246,cmaes,0.08196721311475409,0.09209699998609722
5,O1,0.05,304,6065,61,0.04918032786885246,centroid_policy_with_init,0.0,0.0
5,O2,0.02,122,6065,61,0.4098360655737705,graph_social,0.06557377049180328,0.03130045812577009
5,O2,0.02,122,6065,61,0.4098360655737705,random,0.01639344262295082,0.0001924170646816492
5,O2,0.02,122,6065,61,0.4098360655737705,ensemble_ts,0.09836065573770492,10.705217916984111
5,O2,0.02,122,6065,61,0.4098360655737705,cmaes,0.0,0.050447999965399504
5,O2,0.02,122,6065,61,0.4098360655737705,centroid_policy_with_init,0.08196721311475409,0.0
5,O2,0.05,304,6065,61,0.4098360655737705,graph_social,0.09836065573770492,0.09142758278176188
5,O2,0.05,304,6065,61,0.4098360655737705,random,0.04918032786885246,0.0003119581378996372
5,O2,0.05,304,6065,61,0.4098360655737705,ensemble_ts,0.14754098360655737,52.079249875154346
5,O2,0.05,304,6065,61,0.4098360655737705,cmaes,0.14754098360655737,0.07201270805671811
5,O2,0.05,304,6065,61,0.4098360655737705,centroid_policy_with_init,0.11475409836065574,0.0
5,O3,0.02,122,6065,61,0.19672131147540983,graph_social,0.04918032786885246,0.03101537493057549
5,O3,0.02,122,6065,61,0.19672131147540983,random,0.01639344262295082,0.0001829999964684248
5,O3,0.02,122,6065,61,0.19672131147540983,ensemble_ts,0.03278688524590164,9.215390583965927
5,O3,0.02,122,6065,61,0.19672131147540983,cmaes,0.01639344262295082,0.033532083965837955
5,O3,0.02,122,6065,61,0.19672131147540983,centroid_policy_with_init,0.01639344262295082,0.0
5,O3,0.05,304,6065,61,0.19672131147540983,graph_social,0.04918032786885246,0.07560491701588035
5,O3,0.05,304,6065,61,0.19672131147540983,random,0.06557377049180328,0.0003061669413000345
5,O3,0.05,304,6065,61,0.19672131147540983,ensemble_ts,0.08196721311475409,45.00524420803413
5,O3,0.05,304,6065,61,0.19672131147540983,cmaes,0.06557377049180328,0.0762718750629574
5,O3,0.05,304,6065,61,0.19672131147540983,centroid_policy_with_init,0.03278688524590164,0.0
5,O4,0.02,75,3726,38,0.07894736842105263,graph_social,0.05263157894736842,0.005865749903023243
5,O4,0.02,75,3726,38,0.07894736842105263,random,0.0,0.00011495803482830524
5,O4,0.02,75,3726,38,0.07894736842105263,ensemble_ts,0.0,4.008739875163883
5,O4,0.02,75,3726,38,0.07894736842105263,cmaes,0.0,0.019909291993826628
5,O4,0.02,75,3726,38,0.07894736842105263,centroid_policy_with_init,0.0,0.0
5,O4,0.05,187,3726,38,0.07894736842105263,graph_social,0.05263157894736842,0.015546042006462812
5,O4,0.05,187,3726,38,0.07894736842105263,random,0.02631578947368421,0.00018149986863136292
5,O4,0.05,187,3726,38,0.07894736842105263,ensemble_ts,0.34210526315789475,16.537847750121728
5,O4,0.05,187,3726,38,0.07894736842105263,cmaes,0.0,0.040238792076706886
5,O4,0.05,187,3726,38,0.07894736842105263,centroid_policy_with_init,0.0,0.0
6,O1,0.02,122,6065,61,0.04918032786885246,graph_social,0.01639344262295082,0.026483583031222224
6,O1,0.02,122,6065,61,0.04918032786885246,random,0.03278688524590164,0.00020033307373523712
6,O1,0.02,122,6065,61,0.04918032786885246,ensemble_ts,0.06557377049180328,12.207875833148137
6,O1,0.02,122,6065,61,0.04918032786885246,cmaes,0.22950819672131148,0.13473529205657542
6,O1,0.02,122,6065,61,0.04918032786885246,centroid_policy_with_init,0.01639344262295082,0.0
6,O1,0.05,304,6065,61,0.04918032786885246,graph_social,0.11475409836065574,0.06278412509709597
6,O1,0.05,304,6065,61,0.04918032786885246,random,0.04918032786885246,0.0007798748556524515
6,O1,0.05,304,6065,61,0.04918032786885246,ensemble_ts,0.45901639344262296,55.58124312479049
6,O1,0.05,304,6065,61,0.04918032786885246,cmaes,0.3770491803278688,0.05960637493990362
6,O1,0.05,304,6065,61,0.04918032786885246,centroid_policy_with_init,0.01639344262295082,0.0
6,O2,0.02,122,6065,61,0.4098360655737705,graph_social,0.03278688524590164,0.026048041880130768
6,O2,0.02,122,6065,61,0.4098360655737705,random,0.01639344262295082,0.00018566707149147987
6,O2,0.02,122,6065,61,0.4098360655737705,ensemble_ts,0.01639344262295082,11.27116166590713
6,O2,0.02,122,6065,61,0.4098360655737705,cmaes,0.0,0.04370516701601446
6,O2,0.02,122,6065,61,0.4098360655737705,centroid_policy_with_init,0.04918032786885246,0.0
6,O2,0.05,304,6065,61,0.4098360655737705,graph_social,0.08196721311475409,0.07160829100757837
6,O2,0.05,304,6065,61,0.4098360655737705,random,0.03278688524590164,0.0003241670783609152
6,O2,0.05,304,6065,61,0.4098360655737705,ensemble_ts,0.13114754098360656,50.75430779112503
6,O2,0.05,304,6065,61,0.4098360655737705,cmaes,0.08196721311475409,0.06993700005114079
6,O2,0.05,304,6065,61,0.4098360655737705,centroid_policy_with_init,0.08196721311475409,0.0
6,O3,0.02,122,6065,61,0.19672131147540983,graph_social,0.04918032786885246,0.029232875211164355
6,O3,0.02,122,6065,61,0.19672131147540983,random,0.03278688524590164,0.0004394170828163624
6,O3,0.02,122,6065,61,0.19672131147540983,ensemble_ts,0.03278688524590164,9.230772624956444
6,O3,0.02,122,6065,61,0.19672131147540983,cmaes,0.01639344262295082,0.032486916054040194
6,O3,0.02,122,6065,61,0.19672131147540983,centroid_policy_with_init,0.01639344262295082,0.0
6,O3,0.05,304,6065,61,0.19672131147540983,graph_social,0.13114754098360656,0.05978541588410735
6,O3,0.05,304,6065,61,0.19672131147540983,random,0.08196721311475409,0.00028987484984099865
6,O3,0.05,304,6065,61,0.19672131147540983,ensemble_ts,0.09836065573770492,42.50984145794064
6,O3,0.05,304,6065,61,0.19672131147540983,cmaes,0.04918032786885246,0.07547408295795321
6,O3,0.05,304,6065,61,0.19672131147540983,centroid_policy_with_init,0.01639344262295082,0.0
6,O4,0.02,75,3701,38,0.05263157894736842,graph_social,0.0,0.007041250122711062
6,O4,0.02,75,3701,38,0.05263157894736842,random,0.02631578947368421,0.00011312495917081833
6,O4,0.02,75,3701,38,0.05263157894736842,ensemble_ts,0.21052631578947367,4.010838708840311
6,O4,0.02,75,3701,38,0.05263157894736842,cmaes,0.07894736842105263,0.012609000084921718
6,O4,0.02,75,3701,38,0.05263157894736842,centroid_policy_with_init,0.0,0.0
6,O4,0.05,186,3701,38,0.05263157894736842,graph_social,0.10526315789473684,0.016985125141218305
6,O4,0.05,186,3701,38,0.05263157894736842,random,0.05263157894736842,0.00018541701138019562
6,O4,0.05,186,3701,38,0.05263157894736842,ensemble_ts,0.6842105263157895,16.459137042053044
6,O4,0.05,186,3701,38,0.05263157894736842,cmaes,0.07894736842105263,0.02805958385579288
6,O4,0.05,186,3701,38,0.05263157894736842,centroid_policy_with_init,0.0,0.0
7,O1,0.02,122,6065,61,0.06557377049180328,graph_social,0.01639344262295082,0.04374729096889496
7,O1,0.02,122,6065,61,0.06557377049180328,random,0.0,0.00020566699095070362
7,O1,0.02,122,6065,61,0.06557377049180328,ensemble_ts,0.26229508196721313,11.853556708898395
7,O1,0.02,122,6065,61,0.06557377049180328,cmaes,0.13114754098360656,0.15758112515322864
7,O1,0.02,122,6065,61,0.06557377049180328,centroid_policy_with_init,0.0,0.0
7,O1,0.05,304,6065,61,0.06557377049180328,graph_social,0.13114754098360656,0.0814276251476258
7,O1,0.05,304,6065,61,0.06557377049180328,random,0.0,0.00029908400028944016
7,O1,0.05,304,6065,61,0.06557377049180328,ensemble_ts,0.7213114754098361,54.087697834009305
7,O1,0.05,304,6065,61,0.06557377049180328,cmaes,0.3114754098360656,0.08532641688361764
7,O1,0.05,304,6065,61,0.06557377049180328,centroid_policy_with_init,0.0,0.0
7,O2,0.02,122,6065,61,0.4262295081967213,graph_social,0.0,0.04998108302243054
7,O2,0.02,122,6065,61,0.4262295081967213,random,0.01639344262295082,0.0005028331652283669
7,O2,0.02,122,6065,61,0.4262295081967213,ensemble_ts,0.09836065573770492,10.829993583029136
7,O2,0.02,122,6065,61,0.4262295081967213,cmaes,0.01639344262295082,0.035780665930360556
7,O2,0.02,122,6065,61,0.4262295081967213,centroid_policy_with_init,0.06557377049180328,0.0
7,O2,0.05,304,6065,61,0.4262295081967213,graph_social,0.03278688524590164,0.1780311248730868
7,O2,0.05,304,6065,61,0.4262295081967213,random,0.09836065573770492,0.0011851249728351831
7,O2,0.05,304,6065,61,0.4262295081967213,ensemble_ts,0.14754098360655737,48.694787374930456
7,O2,0.05,304,6065,61,0.4262295081967213,cmaes,0.13114754098360656,0.06066812505014241
7,O2,0.05,304,6065,61,0.4262295081967213,centroid_policy_with_init,0.09836065573770492,0.0
7,O3,0.02,122,6065,61,0.18032786885245902,graph_social,0.01639344262295082,0.03945837519131601
7,O3,0.02,122,6065,61,0.18032786885245902,random,0.01639344262295082,0.00018133409321308136
7,O3,0.02,122,6065,61,0.18032786885245902,ensemble_ts,0.06557377049180328,9.147861041827127
7,O3,0.02,122,6065,61,0.18032786885245902,cmaes,0.03278688524590164,0.02489666687324643
7,O3,0.02,122,6065,61,0.18032786885245902,centroid_policy_with_init,0.01639344262295082,0.0
7,O3,0.05,304,6065,61,0.18032786885245902,graph_social,0.0,0.08684312482364476
7,O3,0.05,304,6065,61,0.18032786885245902,random,0.03278688524590164,0.0003041669260710478
7,O3,0.05,304,6065,61,0.18032786885245902,ensemble_ts,0.13114754098360656,42.37777699995786
7,O3,0.05,304,6065,61,0.18032786885245902,cmaes,0.11475409836065574,0.05403812485747039
7,O3,0.05,304,6065,61,0.18032786885245902,centroid_policy_with_init,0.01639344262295082,0.0
7,O4,0.02,75,3719,38,0.05263157894736842,graph_social,0.0,0.006623374996706843
7,O4,0.02,75,3719,38,0.05263157894736842,random,0.05263157894736842,0.00011270795948803425
7,O4,0.02,75,3719,38,0.05263157894736842,ensemble_ts,0.2894736842105263,4.039094999898225
7,O4,0.02,75,3719,38,0.05263157894736842,cmaes,0.0,0.019386833999305964
7,O4,0.02,75,3719,38,0.05263157894736842,centroid_policy_with_init,0.0,0.0
7,O4,0.05,186,3719,38,0.05263157894736842,graph_social,0.10526315789473684,0.02492891694419086
7,O4,0.05,186,3719,38,0.05263157894736842,random,0.05263157894736842,0.0001895411405712366
7,O4,0.05,186,3719,38,0.05263157894736842,ensemble_ts,0.631578947368421,16.69082500017248
7,O4,0.05,186,3719,38,0.05263157894736842,cmaes,0.02631578947368421,0.027954042190685868
7,O4,0.05,186,3719,38,0.05263157894736842,centroid_policy_with_init,0.0,0.0
8,O1,0.02,122,6065,61,0.06557377049180328,graph_social,0.03278688524590164,0.03068229090422392
8,O1,0.02,122,6065,61,0.06557377049180328,random,0.03278688524590164,0.0001807499211281538
8,O1,0.02,122,6065,61,0.06557377049180328,ensemble_ts,0.18032786885245902,9.21371699986048
8,O1,0.02,122,6065,61,0.06557377049180328,cmaes,0.09836065573770492,0.027886540861800313
8,O1,0.02,122,6065,61,0.06557377049180328,centroid_policy_with_init,0.0,0.0
8,O1,0.05,304,6065,61,0.06557377049180328,graph_social,0.04918032786885246,0.0740962908603251
8,O1,0.05,304,6065,61,0.06557377049180328,random,0.04918032786885246,0.0002959580160677433
8,O1,0.05,304,6065,61,0.06557377049180328,ensemble_ts,0.5737704918032787,41.62978137494065
8,O1,0.05,304,6065,61,0.06557377049180328,cmaes,0.21311475409836064,0.06265174993313849
8,O1,0.05,304,6065,61,0.06557377049180328,centroid_policy_with_init,0.0,0.0
8,O2,0.02,122,6065,61,0.4262295081967213,graph_social,0.04918032786885246,0.02974204090423882
8,O2,0.02,122,6065,61,0.4262295081967213,random,0.04918032786885246,0.00019808392971754074
8,O2,0.02,122,6065,61,0.4262295081967213,ensemble_ts,0.04918032786885246,9.232837417162955
8,O2,0.02,122,6065,61,0.4262295081967213,cmaes,0.06557377049180328,0.032057249918580055
8,O2,0.02,122,6065,61,0.4262295081967213,centroid_policy_with_init,0.04918032786885246,0.0
8,O2,0.05,304,6065,61,0.4262295081967213,graph_social,0.18032786885245902,0.08572941599413753
8,O2,0.05,304,6065,61,0.4262295081967213,random,0.08196721311475409,0.0003166249953210354
8,O2,0.05,304,6065,61,0.4262295081967213,ensemble_ts,0.16393442622950818,47.3292588328477
8,O2,0.05,304,6065,61,0.4262295081967213,cmaes,0.11475409836065574,0.05611845897510648
8,O2,0.05,304,6065,61,0.4262295081967213,centroid_policy_with_init,0.09836065573770492,0.0
8,O3,0.02,122,6065,61,0.19672131147540983,graph_social,0.0,0.027343583991751075
8,O3,0.02,122,6065,61,0.19672131147540983,random,0.04918032786885246,0.00017112516798079014
8,O3,0.02,122,6065,61,0.19672131147540983,ensemble_ts,0.03278688524590164,9.043368542101234
8,O3,0.02,122,6065,61,0.19672131147540983,cmaes,0.0,0.03276175004430115
8,O3,0.02,122,6065,61,0.19672131147540983,centroid_policy_with_init,0.01639344262295082,0.0
8,O3,0.05,304,6065,61,0.19672131147540983,graph_social,0.04918032786885246,0.07654341706074774
8,O3,0.05,304,6065,61,0.19672131147540983,random,0.11475409836065574,0.00029245903715491295
8,O3,0.05,304,6065,61,0.19672131147540983,ensemble_ts,0.04918032786885246,43.91817537508905
8,O3,0.05,304,6065,61,0.19672131147540983,cmaes,0.01639344262295082,0.06770795793272555
8,O3,0.05,304,6065,61,0.19672131147540983,centroid_policy_with_init,0.01639344262295082,0.0
8,O4,0.02,75,3710,38,0.05263157894736842,graph_social,0.0,0.010228667175397277
8,O4,0.02,75,3710,38,0.05263157894736842,random,0.0,0.0002971249632537365
8,O4,0.02,75,3710,38,0.05263157894736842,ensemble_ts,0.13157894736842105,3.9690119170118123
8,O4,0.02,75,3710,38,0.05263157894736842,cmaes,0.0,0.015315582975745201
8,O4,0.02,75,3710,38,0.05263157894736842,centroid_policy_with_init,0.0,0.0
8,O4,0.05,186,3710,38,0.05263157894736842,graph_social,0.02631578947368421,0.015102582983672619
8,O4,0.05,186,3710,38,0.05263157894736842,random,0.02631578947368421,0.00017608306370675564
8,O4,0.05,186,3710,38,0.05263157894736842,ensemble_ts,0.6052631578947368,16.08269500010647
8,O4,0.05,186,3710,38,0.05263157894736842,cmaes,0.0,0.02484049997292459
8,O4,0.05,186,3710,38,0.05263157894736842,centroid_policy_with_init,0.0,0.0
9,O1,0.02,122,6065,61,0.06557377049180328,graph_social,0.03278688524590164,0.03636737517081201
9,O1,0.02,122,6065,61,0.06557377049180328,random,0.01639344262295082,0.0001842910423874855
9,O1,0.02,122,6065,61,0.06557377049180328,ensemble_ts,0.29508196721311475,8.975354250054806
9,O1,0.02,122,6065,61,0.06557377049180328,cmaes,0.13114754098360656,0.03618800011463463
9,O1,0.02,122,6065,61,0.06557377049180328,centroid_policy_with_init,0.0,0.0
9,O1,0.05,304,6065,61,0.06557377049180328,graph_social,0.16393442622950818,0.07575954194180667
9,O1,0.05,304,6065,61,0.06557377049180328,random,0.01639344262295082,0.0003024169709533453
9,O1,0.05,304,6065,61,0.06557377049180328,ensemble_ts,0.6885245901639344,42.41038220888004
9,O1,0.05,304,6065,61,0.06557377049180328,cmaes,0.21311475409836064,0.05763725005090237
9,O1,0.05,304,6065,61,0.06557377049180328,centroid_policy_with_init,0.0,0.0
9,O2,0.02,122,6065,61,0.4098360655737705,graph_social,0.06557377049180328,0.022923125186935067
9,O2,0.02,122,6065,61,0.4098360655737705,random,0.03278688524590164,0.0001629998441785574
9,O2,0.02,122,6065,61,0.4098360655737705,ensemble_ts,0.13114754098360656,9.21356966602616
9,O2,0.02,122,6065,61,0.4098360655737705,cmaes,0.08196721311475409,0.2259276658296585
9,O2,0.02,122,6065,61,0.4098360655737705,centroid_policy_with_init,0.08196721311475409,0.0
9,O2,0.05,304,6065,61,0.4098360655737705,graph_social,0.11475409836065574,0.42043512500822544
9,O2,0.05,304,6065,61,0.4098360655737705,random,0.08196721311475409,0.0003481670282781124
9,O2,0.05,304,6065,61,0.4098360655737705,ensemble_ts,0.22950819672131148,46.34939937503077
9,O2,0.05,304,6065,61,0.4098360655737705,cmaes,0.16393442622950818,0.06979683297686279
9,O2,0.05,304,6065,61,0.4098360655737705,centroid_policy_with_init,0.11475409836065574,0.0
9,O3,0.02,122,6065,61,0.21311475409836064,graph_social,0.01639344262295082,0.025808332953602076
9,O3,0.02,122,6065,61,0.21311475409836064,random,0.03278688524590164,0.00016675004735589027
9,O3,0.02,122,6065,61,0.21311475409836064,ensemble_ts,0.06557377049180328,9.307575582992285
9,O3,0.02,122,6065,61,0.21311475409836064,cmaes,0.01639344262295082,0.025683541083708405
9,O3,0.02,122,6065,61,0.21311475409836064,centroid_policy_with_init,0.01639344262295082,0.0
9,O3,0.05,304,6065,61,0.21311475409836064,graph_social,0.06557377049180328,0.07597600016742945
9,O3,0.05,304,6065,61,0.21311475409836064,random,0.03278688524590164,0.0007455421146005392
9,O3,0.05,304,6065,61,0.21311475409836064,ensemble_ts,0.14754098360655737,44.14823450008407
9,O3,0.05,304,6065,61,0.21311475409836064,cmaes,0.01639344262295082,0.07320270803757012
9,O3,0.05,304,6065,61,0.21311475409836064,centroid_policy_with_init,0.03278688524590164,0.0
9,O4,0.02,75,3713,38,0.07894736842105263,graph_social,0.0,0.008855458814650774
9,O4,0.02,75,3713,38,0.07894736842105263,random,0.0,0.00012233294546604156
9,O4,0.02,75,3713,38,0.07894736842105263,ensemble_ts,0.2631578947368421,3.983904750086367
9,O4,0.02,75,3713,38,0.07894736842105263,cmaes,0.0,0.012772082816809416
9,O4,0.02,75,3713,38,0.07894736842105263,centroid_policy_with_init,0.0,0.0
9,O4,0.05,186,3713,38,0.07894736842105263,graph_social,0.0,0.015029290923848748
9,O4,0.05,186,3713,38,0.07894736842105263,random,0.05263157894736842,0.00017483392730355263
9,O4,0.05,186,3713,38,0.07894736842105263,ensemble_ts,0.631578947368421,16.739069417119026
9,O4,0.05,186,3713,38,0.07894736842105263,cmaes,0.13157894736842105,0.033384500071406364
9,O4,0.05,186,3713,38,0.07894736842105263,centroid_policy_with_init,0.0,0.0
10,O1,0.02,122,6065,61,0.06557377049180328,graph_social,0.06557377049180328,0.02153720799833536
10,O1,0.02,122,6065,61,0.06557377049180328,random,0.03278688524590164,0.00017220806330442429
10,O1,0.02,122,6065,61,0.06557377049180328,ensemble_ts,0.26229508196721313,8.947907665977255
10,O1,0.02,122,6065,61,0.06557377049180328,cmaes,0.21311475409836064,0.0314403329975903
10,O1,0.02,122,6065,61,0.06557377049180328,centroid_policy_with_init,0.0,0.0
10,O1,0.05,304,6065,61,0.06557377049180328,graph_social,0.04918032786885246,0.08479166612960398
10,O1,0.05,304,6065,61,0.06557377049180328,random,0.08196721311475409,0.0002919579856097698
10,O1,0.05,304,6065,61,0.06557377049180328,ensemble_ts,0.5901639344262295,42.650790833868086
10,O1,0.05,304,6065,61,0.06557377049180328,cmaes,0.2459016393442623,0.05667762481607497
10,O1,0.05,304,6065,61,0.06557377049180328,centroid_policy_with_init,0.0,0.0
10,O2,0.02,122,6065,61,0.4426229508196721,graph_social,0.08196721311475409,0.03831204213202
10,O2,0.02,122,6065,61,0.4426229508196721,random,0.0,0.00018041697330772877
10,O2,0.02,122,6065,61,0.4426229508196721,ensemble_ts,0.03278688524590164,9.960305582964793
10,O2,0.02,122,6065,61,0.4426229508196721,cmaes,0.0,0.02530600014142692
10,O2,0.02,122,6065,61,0.4426229508196721,centroid_policy_with_init,0.08196721311475409,0.0
10,O2,0.05,304,6065,61,0.4426229508196721,graph_social,0.13114754098360656,0.06285945791751146
10,O2,0.05,304,6065,61,0.4426229508196721,random,0.01639344262295082,0.0003100000321865082
10,O2,0.05,304,6065,61,0.4426229508196721,ensemble_ts,0.13114754098360656,46.07200191705488
10,O2,0.05,304,6065,61,0.4426229508196721,cmaes,0.08196721311475409,0.07153179193846881
10,O2,0.05,304,6065,61,0.4426229508196721,centroid_policy_with_init,0.11475409836065574,0.0
10,O3,0.02,122,6065,61,0.21311475409836064,graph_social,0.03278688524590164,0.026439750101417303
10,O3,0.02,122,6065,61,0.21311475409836064,random,0.03278688524590164,0.0004597911611199379
10,O3,0.02,122,6065,61,0.21311475409836064,ensemble_ts,0.01639344262295082,8.971647458150983
10,O3,0.02,122,6065,61,0.21311475409836064,cmaes,0.01639344262295082,0.04037762503139675
10,O3,0.02,122,6065,61,0.21311475409836064,centroid_policy_with_init,0.01639344262295082,0.0
10,O3,0.05,304,6065,61,0.21311475409836064,graph_social,0.04918032786885246,0.06641095806844532
10,O3,0.05,304,6065,61,0.21311475409836064,random,0.04918032786885246,0.0002961249556392431
10,O3,0.05,304,6065,61,0.21311475409836064,ensemble_ts,0.06557377049180328,42.869003584142774
10,O3,0.05,304,6065,61,0.21311475409836064,cmaes,0.04918032786885246,0.06058083311654627
10,O3,0.05,304,6065,61,0.21311475409836064,centroid_policy_with_init,0.03278688524590164,0.0
10,O4,0.02,75,3701,38,0.05263157894736842,graph_social,0.0,0.010573833948001266
10,O4,0.02,75,3701,38,0.05263157894736842,random,0.02631578947368421,0.00032066600397229195
10,O4,0.02,75,3701,38,0.05263157894736842,ensemble_ts,0.23684210526315788,3.9745775000192225
10,O4,0.02,75,3701,38,0.05263157894736842,cmaes,0.13157894736842105,0.019715834176167846
10,O4,0.02,75,3701,38,0.05263157894736842,centroid_policy_with_init,0.0,0.0
10,O4,0.05,186,3701,38,0.05263157894736842,graph_social,0.0,0.016527540981769562
10,O4,0.05,186,3701,38,0.05263157894736842,random,0.05263157894736842,0.0001765838824212551
10,O4,0.05,186,3701,38,0.05263157894736842,ensemble_ts,0.5526315789473685,16.206429541110992
10,O4,0.05,186,3701,38,0.05263157894736842,cmaes,0.23684210526315788,0.03252466698177159
10,O4,0.05,186,3701,38,0.05263157894736842,centroid_policy_with_init,0.0,0.0
11,O1,0.02,122,6065,61,0.04918032786885246,graph_social,0.03278688524590164,0.029086958151310682
11,O1,0.02,122,6065,61,0.04918032786885246,random,0.0,0.00017683394253253937
11,O1,0.02,122,6065,61,0.04918032786885246,ensemble_ts,0.2786885245901639,9.115084666991606
11,O1,0.02,122,6065,61,0.04918032786885246,cmaes,0.0,0.028901875019073486
11,O1,0.02,122,6065,61,0.04918032786885246,centroid_policy_with_init,0.0,0.0
11,O1,0.05,304,6065,61,0.04918032786885246,graph_social,0.04918032786885246,0.07755562500096858
11,O1,0.05,304,6065,61,0.04918032786885246,random,0.01639344262295082,0.00029262504540383816
11,O1,0.05,304,6065,61,0.04918032786885246,ensemble_ts,0.6557377049180327,41.53475999995135
11,O1,0.05,304,6065,61,0.04918032786885246,cmaes,0.0,0.06480254209600389
11,O1,0.05,304,6065,61,0.04918032786885246,centroid_policy_with_init,0.0,0.0
11,O2,0.02,122,6065,61,0.39344262295081966,graph_social,0.06557377049180328,0.032777541084215045
11,O2,0.02,122,6065,61,0.39344262295081966,random,0.04918032786885246,0.0001771249808371067
11,O2,0.02,122,6065,61,0.39344262295081966,ensemble_ts,0.0,10.165212000021711
11,O2,0.02,122,6065,61,0.39344262295081966,cmaes,0.03278688524590164,0.02532358397729695
11,O2,0.02,122,6065,61,0.39344262295081966,centroid_policy_with_init,0.04918032786885246,0.0
11,O2,0.05,304,6065,61,0.39344262295081966,graph_social,0.09836065573770492,0.07923250016756356
11,O2,0.05,304,6065,61,0.39344262295081966,random,0.08196721311475409,0.0002925840672105551
11,O2,0.05,304,6065,61,0.39344262295081966,ensemble_ts,0.09836065573770492,46.4420449170284
11,O2,0.05,304,6065,61,0.39344262295081966,cmaes,0.11475409836065574,0.07050983305089176
11,O2,0.05,304,6065,61,0.39344262295081966,centroid_policy_with_init,0.09836065573770492,0.0
11,O3,0.02,122,6065,61,0.16393442622950818,graph_social,0.01639344262295082,0.03851474984548986
11,O3,0.02,122,6065,61,0.16393442622950818,random,0.04918032786885246,0.00017620902508497238
11,O3,0.02,122,6065,61,0.16393442622950818,ensemble_ts,0.01639344262295082,9.535055125132203
11,O3,0.02,122,6065,61,0.16393442622950818,cmaes,0.0,0.025510957930237055
11,O3,0.02,122,6065,61,0.16393442622950818,centroid_policy_with_init,0.01639344262295082,0.0
11,O3,0.05,304,6065,61,0.16393442622950818,graph_social,0.01639344262295082,0.06842416594736278
11,O3,0.05,304,6065,61,0.16393442622950818,random,0.06557377049180328,0.00028608390130102634
11,O3,0.05,304,6065,61,0.16393442622950818,ensemble_ts,0.06557377049180328,45.90886195912026
11,O3,0.05,304,6065,61,0.16393442622950818,cmaes,0.06557377049180328,0.06595812505111098
11,O3,0.05,304,6065,61,0.16393442622950818,centroid_policy_with_init,0.01639344262295082,0.0
11,O4,0.02,75,3711,38,0.05263157894736842,graph_social,0.0,0.007480916799977422
11,O4,0.02,75,3711,38,0.05263157894736842,random,0.0,0.00032012490555644035
11,O4,0.02,75,3711,38,0.05263157894736842,ensemble_ts,0.18421052631578946,4.019519374938682
11,O4,0.02,75,3711,38,0.05263157894736842,cmaes,0.05263157894736842,0.01266954094171524
11,O4,0.02,75,3711,38,0.05263157894736842,centroid_policy_with_init,0.0,0.0
11,O4,0.05,186,3711,38,0.05263157894736842,graph_social,0.18421052631578946,0.021742458920925856
11,O4,0.05,186,3711,38,0.05263157894736842,random,0.02631578947368421,0.00018466683104634285
11,O4,0.05,186,3711,38,0.05263157894736842,ensemble_ts,0.5526315789473685,16.24615279189311
11,O4,0.05,186,3711,38,0.05263157894736842,cmaes,0.23684210526315788,0.030480707995593548
11,O4,0.05,186,3711,38,0.05263157894736842,centroid_policy_with_init,0.0,0.0
12,O1,0.02,122,6065,61,0.06557377049180328,graph_social,0.03278688524590164,0.026422042166814208
12,O1,0.02,122,6065,61,0.06557377049180328,random,0.03278688524590164,0.00018625007942318916
12,O1,0.02,122,6065,61,0.06557377049180328,ensemble_ts,0.13114754098360656,9.026064499979839
12,O1,0.02,122,6065,61,0.06557377049180328,cmaes,0.16393442622950818,0.02503366698510945
12,O1,0.02,122,6065,61,0.06557377049180328,centroid_policy_with_init,0.0,0.0
12,O1,0.05,304,6065,61,0.06557377049180328,graph_social,0.04918032786885246,0.0768149581272155
12,O1,0.05,304,6065,61,0.06557377049180328,random,0.03278688524590164,0.0003182501532137394
12,O1,0.05,304,6065,61,0.06557377049180328,ensemble_ts,0.6229508196721312,42.389179499819875
12,O1,0.05,304,6065,61,0.06557377049180328,cmaes,0.21311475409836064,0.059860208071768284
12,O1,0.05,304,6065,61,0.06557377049180328,centroid_policy_with_init,0.0,0.0
12,O2,0.02,122,6065,61,0.4262295081967213,graph_social,0.08196721311475409,0.0392916661221534
12,O2,0.02,122,6065,61,0.4262295081967213,random,0.03278688524590164,0.00019308296032249928
12,O2,0.02,122,6065,61,0.4262295081967213,ensemble_ts,0.16393442622950818,9.896053125150502
12,O2,0.02,122,6065,61,0.4262295081967213,cmaes,0.01639344262295082,0.028322125086560845
12,O2,0.02,122,6065,61,0.4262295081967213,centroid_policy_with_init,0.08196721311475409,0.0
12,O2,0.05,304,6065,61,0.4262295081967213,graph_social,0.09836065573770492,0.07392325019463897
12,O2,0.05,304,6065,61,0.4262295081967213,random,0.08196721311475409,0.0008442080579698086
12,O2,0.05,304,6065,61,0.4262295081967213,ensemble_ts,0.26229508196721313,45.59640124998987
12,O2,0.05,304,6065,61,0.4262295081967213,cmaes,0.14754098360655737,0.06648462498560548
12,O2,0.05,304,6065,61,0.4262295081967213,centroid_policy_with_init,0.11475409836065574,0.0
12,O3,0.02,122,6065,61,0.19672131147540983,graph_social,0.03278688524590164,0.03182687517255545
12,O3,0.02,122,6065,61,0.19672131147540983,random,0.0,0.0001799999736249447
12,O3,0.02,122,6065,61,0.19672131147540983,ensemble_ts,0.03278688524590164,9.343243374954909
12,O3,0.02,122,6065,61,0.19672131147540983,cmaes,0.03278688524590164,0.0342690828256309
12,O3,0.02,122,6065,61,0.19672131147540983,centroid_policy_with_init,0.01639344262295082,0.0
12,O3,0.05,304,6065,61,0.19672131147540983,graph_social,0.06557377049180328,0.07555433386005461
12,O3,0.05,304,6065,61,0.19672131147540983,random,0.08196721311475409,0.0003572918940335512
12,O3,0.05,304,6065,61,0.19672131147540983,ensemble_ts,0.11475409836065574,44.64707254199311
12,O3,0.05,304,6065,61,0.19672131147540983,cmaes,0.06557377049180328,0.0693750421050936
12,O3,0.05,304,6065,61,0.19672131147540983,centroid_policy_with_init,0.03278688524590164,0.0
12,O4,0.02,75,3726,38,0.07894736842105263,graph_social,0.0,0.00570795894600451
12,O4,0.02,75,3726,38,0.07894736842105263,random,0.0,0.00011875014752149582
12,O4,0.02,75,3726,38,0.07894736842105263,ensemble_ts,0.15789473684210525,4.044536917004734
12,O4,0.02,75,3726,38,0.07894736842105263,cmaes,0.0,0.013520999811589718
12,O4,0.02,75,3726,38,0.07894736842105263,centroid_policy_with_init,0.0,0.0
12,O4,0.05,187,3726,38,0.07894736842105263,graph_social,0.02631578947368421,0.01566654210910201
12,O4,0.05,187,3726,38,0.07894736842105263,random,0.07894736842105263,0.00018179207108914852
12,O4,0.05,187,3726,38,0.07894736842105263,ensemble_ts,0.2631578947368421,16.261924874968827
12,O4,0.05,187,3726,38,0.07894736842105263,cmaes,0.15789473684210525,0.03254904202185571
12,O4,0.05,187,3726,38,0.07894736842105263,centroid_policy_with_init,0.0,0.0
13,O1,0.02,122,6065,61,0.06557377049180328,graph_social,0.01639344262295082,0.032831541961058974
13,O1,0.02,122,6065,61,0.06557377049180328,random,0.0,0.00018229195848107338
13,O1,0.02,122,6065,61,0.06557377049180328,ensemble_ts,0.13114754098360656,8.983589708106592
13,O1,0.02,122,6065,61,0.06557377049180328,cmaes,0.03278688524590164,0.025367542169988155
13,O1,0.02,122,6065,61,0.06557377049180328,centroid_policy_with_init,0.0,0.0
13,O1,0.05,304,6065,61,0.06557377049180328,graph_social,0.09836065573770492,0.07291841693222523
13,O1,0.05,304,6065,61,0.06557377049180328,random,0.03278688524590164,0.0002852079924196005
13,O1,0.05,304,6065,61,0.06557377049180328,ensemble_ts,0.7049180327868853,41.050708167022094
13,O1,0.05,304,6065,61,0.06557377049180328,cmaes,0.03278688524590164,0.07196083292365074
13,O1,0.05,304,6065,61,0.06557377049180328,centroid_policy_with_init,0.0,0.0
13,O2,0.02,122,6065,61,0.39344262295081966,graph_social,0.04918032786885246,0.023923041997477412
13,O2,0.02,122,6065,61,0.39344262295081966,random,0.04918032786885246,0.00017324998043477535
13,O2,0.02,122,6065,61,0.39344262295081966,ensemble_ts,0.09836065573770492,9.838770207948983
13,O2,0.02,122,6065,61,0.39344262295081966,cmaes,0.01639344262295082,0.026731542078778148
13,O2,0.02,122,6065,61,0.39344262295081966,centroid_policy_with_init,0.06557377049180328,0.0
13,O2,0.05,304,6065,61,0.39344262295081966,graph_social,0.14754098360655737,0.06814899994060397
13,O2,0.05,304,6065,61,0.39344262295081966,random,0.09836065573770492,0.00028245802968740463
13,O2,0.05,304,6065,61,0.39344262295081966,ensemble_ts,0.19672131147540983,44.635124209104106
13,O2,0.05,304,6065,61,0.39344262295081966,cmaes,0.08196721311475409,0.058806957909837365
13,O2,0.05,304,6065,61,0.39344262295081966,centroid_policy_with_init,0.09836065573770492,0.0
13,O3,0.02,122,6065,61,0.14754098360655737,graph_social,0.04918032786885246,0.020201458130031824
13,O3,0.02,122,6065,61,0.14754098360655737,random,0.04918032786885246,0.00016458402387797832
13,O3,0.02,122,6065,61,0.14754098360655737,ensemble_ts,0.03278688524590164,9.229934708215296
13,O3,0.02,122,6065,61,0.14754098360655737,cmaes,0.01639344262295082,0.03352141613140702
13,O3,0.02,122,6065,61,0.14754098360655737,centroid_policy_with_init,0.03278688524590164,0.0
13,O3,0.05,304,6065,61,0.14754098360655737,graph_social,0.06557377049180328,0.06547304196283221
13,O3,0.05,304,6065,61,0.14754098360655737,random,0.08196721311475409,0.0002846668940037489
13,O3,0.05,304,6065,61,0.14754098360655737,ensemble_ts,0.18032786885245902,42.859702416928485
13,O3,0.05,304,6065,61,0.14754098360655737,cmaes,0.04918032786885246,0.073434374993667
13,O3,0.05,304,6065,61,0.14754098360655737,centroid_policy_with_init,0.03278688524590164,0.0
13,O4,0.02,75,3716,38,0.05263157894736842,graph_social,0.05263157894736842,0.011350500164553523
13,O4,0.02,75,3716,38,0.05263157894736842,random,0.02631578947368421,0.00012670806609094143
13,O4,0.02,75,3716,38,0.05263157894736842,ensemble_ts,0.10526315789473684,4.083582292078063
13,O4,0.02,75,3716,38,0.05263157894736842,cmaes,0.0,0.0157369589433074
13,O4,0.02,75,3716,38,0.05263157894736842,centroid_policy_with_init,0.0,0.0
13,O4,0.05,186,3716,38,0.05263157894736842,graph_social,0.0,0.028219208819791675
13,O4,0.05,186,3716,38,0.05263157894736842,random,0.05263157894736842,0.00018812506459653378
13,O4,0.05,186,3716,38,0.05263157894736842,ensemble_ts,0.47368421052631576,16.35844950005412
13,O4,0.05,186,3716,38,0.05263157894736842,cmaes,0.0,0.03532441612333059
13,O4,0.05,186,3716,38,0.05263157894736842,centroid_policy_with_init,0.0,0.0
14,O1,0.02,122,6065,61,0.06557377049180328,graph_social,0.0,0.03076183400116861
14,O1,0.02,122,6065,61,0.06557377049180328,random,0.01639344262295082,0.00017654197290539742
14,O1,0.02,122,6065,61,0.06557377049180328,ensemble_ts,0.06557377049180328,8.957324833841994
14,O1,0.02,122,6065,61,0.06557377049180328,cmaes,0.14754098360655737,0.04144425014965236
14,O1,0.02,122,6065,61,0.06557377049180328,centroid_policy_with_init,0.0,0.0
14,O1,0.05,304,6065,61,0.06557377049180328,graph_social,0.09836065573770492,0.052176374942064285
14,O1,0.05,304,6065,61,0.06557377049180328,random,0.04918032786885246,0.00028020795434713364
14,O1,0.05,304,6065,61,0.06557377049180328,ensemble_ts,0.4426229508196721,43.72071716701612
14,O1,0.05,304,6065,61,0.06557377049180328,cmaes,0.4098360655737705,0.0647597499191761
14,O1,0.05,304,6065,61,0.06557377049180328,centroid_policy_with_init,0.0,0.0
14,O2,0.02,122,6065,61,0.4262295081967213,graph_social,0.06557377049180328,0.013832415919750929
14,O2,0.02,122,6065,61,0.4262295081967213,random,0.0,0.00018008309416472912
14,O2,0.02,122,6065,61,0.4262295081967213,ensemble_ts,0.04918032786885246,9.998051000060514
14,O2,0.02,122,6065,61,0.4262295081967213,cmaes,0.01639344262295082,0.03302829200401902
14,O2,0.02,122,6065,61,0.4262295081967213,centroid_policy_with_init,0.08196721311475409,0.0
14,O2,0.05,304,6065,61,0.4262295081967213,graph_social,0.14754098360655737,0.06474470905959606
14,O2,0.05,304,6065,61,0.4262295081967213,random,0.0,0.0002851251047104597
14,O2,0.05,304,6065,61,0.4262295081967213,ensemble_ts,0.09836065573770492,44.68535783304833
14,O2,0.05,304,6065,61,0.4262295081967213,cmaes,0.14754098360655737,0.08433520910330117
14,O2,0.05,304,6065,61,0.4262295081967213,centroid_policy_with_init,0.11475409836065574,0.0
14,O3,0.02,122,6065,61,0.18032786885245902,graph_social,0.01639344262295082,0.02703570807352662
14,O3,0.02,122,6065,61,0.18032786885245902,random,0.0,0.00018370896577835083
14,O3,0.02,122,6065,61,0.18032786885245902,ensemble_ts,0.09836065573770492,9.116351083153859
14,O3,0.02,122,6065,61,0.18032786885245902,cmaes,0.0,0.027940124971792102
14,O3,0.02,122,6065,61,0.18032786885245902,centroid_policy_with_init,0.01639344262295082,0.0
14,O3,0.05,304,6065,61,0.18032786885245902,graph_social,0.03278688524590164,0.07225262490101159
14,O3,0.05,304,6065,61,0.18032786885245902,random,0.03278688524590164,0.0002934171352535486
14,O3,0.05,304,6065,61,0.18032786885245902,ensemble_ts,0.21311475409836064,44.64558795792982
14,O3,0.05,304,6065,61,0.18032786885245902,cmaes,0.04918032786885246,0.07298191706649959
14,O3,0.05,304,6065,61,0.18032786885245902,centroid_policy_with_init,0.03278688524590164,0.0
14,O4,0.02,75,3716,38,0.07894736842105263,graph_social,0.02631578947368421,0.008381083142012358
14,O4,0.02,75,3716,38,0.07894736842105263,random,0.0,0.00031045801006257534
14,O4,0.02,75,3716,38,0.07894736842105263,ensemble_ts,0.02631578947368421,3.9683273329865187
14,O4,0.02,75,3716,38,0.07894736842105263,cmaes,0.07894736842105263,0.012937625171616673
14,O4,0.02,75,3716,38,0.07894736842105263,centroid_policy_with_init,0.0,0.0
14,O4,0.05,186,3716,38,0.07894736842105263,graph_social,0.13157894736842105,0.01515129185281694
14,O4,0.05,186,3716,38,0.07894736842105263,random,0.05263157894736842,0.00018174992874264717
14,O4,0.05,186,3716,38,0.07894736842105263,ensemble_ts,0.5,16.42974170902744
14,O4,0.05,186,3716,38,0.07894736842105263,cmaes,0.13157894736842105,0.030856834026053548
14,O4,0.05,186,3716,38,0.07894736842105263,centroid_policy_with_init,0.0,0.0
15,O1,0.02,122,6065,61,0.06557377049180328,graph_social,0.01639344262295082,0.026952125132083893
15,O1,0.02,122,6065,61,0.06557377049180328,random,0.03278688524590164,0.00041620805859565735
15,O1,0.02,122,6065,61,0.06557377049180328,ensemble_ts,0.3442622950819672,9.06196170905605
15,O1,0.02,122,6065,61,0.06557377049180328,cmaes,0.0,0.03286320902407169
15,O1,0.02,122,6065,61,0.06557377049180328,centroid_policy_with_init,0.0,0.0
15,O1,0.05,304,6065,61,0.06557377049180328,graph_social,0.13114754098360656,0.06520437495782971
15,O1,0.05,304,6065,61,0.06557377049180328,random,0.03278688524590164,0.0002898341044783592
15,O1,0.05,304,6065,61,0.06557377049180328,ensemble_ts,0.5737704918032787,44.569138625171036
15,O1,0.05,304,6065,61,0.06557377049180328,cmaes,0.11475409836065574,0.06226970790885389
15,O1,0.05,304,6065,61,0.06557377049180328,centroid_policy_with_init,0.0,0.0
15,O2,0.02,122,6065,61,0.4262295081967213,graph_social,0.06557377049180328,0.02801979216746986
15,O2,0.02,122,6065,61,0.4262295081967213,random,0.03278688524590164,0.00016495794989168644
15,O2,0.02,122,6065,61,0.4262295081967213,ensemble_ts,0.14754098360655737,10.079029541928321
15,O2,0.02,122,6065,61,0.4262295081967213,cmaes,0.04918032786885246,0.024960458977147937
15,O2,0.02,122,6065,61,0.4262295081967213,centroid_policy_with_init,0.08196721311475409,0.0
15,O2,0.05,304,6065,61,0.4262295081967213,graph_social,0.18032786885245902,0.07059487490914762
15,O2,0.05,304,6065,61,0.4262295081967213,random,0.04918032786885246,0.0002868750598281622
15,O2,0.05,304,6065,61,0.4262295081967213,ensemble_ts,0.22950819672131148,48.004605709109455
15,O2,0.05,304,6065,61,0.4262295081967213,cmaes,0.09836065573770492,0.053288749884814024
15,O2,0.05,304,6065,61,0.4262295081967213,centroid_policy_with_init,0.11475409836065574,0.0
15,O3,0.02,122,6065,61,0.19672131147540983,graph_social,0.0,0.015998499933630228
15,O3,0.02,122,6065,61,0.19672131147540983,random,0.01639344262295082,0.0001749158836901188
15,O3,0.02,122,6065,61,0.19672131147540983,ensemble_ts,0.03278688524590164,8.8238601249177
15,O3,0.02,122,6065,61,0.19672131147540983,cmaes,0.01639344262295082,0.025450874818488955
15,O3,0.02,122,6065,61,0.19672131147540983,centroid_policy_with_init,0.01639344262295082,0.0
15,O3,0.05,304,6065,61,0.19672131147540983,graph_social,0.01639344262295082,0.07079445803537965
15,O3,0.05,304,6065,61,0.19672131147540983,random,0.01639344262295082,0.00028658309020102024
15,O3,0.05,304,6065,61,0.19672131147540983,ensemble_ts,0.11475409836065574,42.26569804199971
15,O3,0.05,304,6065,61,0.19672131147540983,cmaes,0.06557377049180328,0.05583666707389057
15,O3,0.05,304,6065,61,0.19672131147540983,centroid_policy_with_init,0.01639344262295082,0.0
15,O4,0.02,75,3715,38,0.05263157894736842,graph_social,0.07894736842105263,0.010734583949670196
15,O4,0.02,75,3715,38,0.05263157894736842,random,0.0,0.00012608314864337444
15,O4,0.02,75,3715,38,0.05263157894736842,ensemble_ts,0.3157894736842105,4.076537958113477
15,O4,0.02,75,3715,38,0.05263157894736842,cmaes,0.07894736842105263,0.012690707808360457
15,O4,0.02,75,3715,38,0.05263157894736842,centroid_policy_with_init,0.0,0.0
15,O4,0.05,186,3715,38,0.05263157894736842,graph_social,0.07894736842105263,0.01734008314087987
15,O4,0.05,186,3715,38,0.05263157894736842,random,0.02631578947368421,0.0001955418847501278
15,O4,0.05,186,3715,38,0.05263157894736842,ensemble_ts,0.5,16.630068375030532
15,O4,0.05,186,3715,38,0.05263157894736842,cmaes,0.10526315789473684,0.032796042039990425
15,O4,0.05,186,3715,38,0.05263157894736842,centroid_policy_with_init,0.0,0.0
16,O1,0.02,122,6065,61,0.04918032786885246,graph_social,0.03278688524590164,0.026304000057280064
16,O1,0.02,122,6065,61,0.04918032786885246,random,0.01639344262295082,0.0001805420033633709
16,O1,0.02,122,6065,61,0.04918032786885246,ensemble_ts,0.26229508196721313,9.047838874859735
16,O1,0.02,122,6065,61,0.04918032786885246,cmaes,0.08196721311475409,0.0323833329603076
16,O1,0.02,122,6065,61,0.04918032786885246,centroid_policy_with_init,0.0,0.0
16,O1,0.05,304,6065,61,0.04918032786885246,graph_social,0.18032786885245902,0.0690133748576045
16,O1,0.05,304,6065,61,0.04918032786885246,random,0.03278688524590164,0.000298874918371439
16,O1,0.05,304,6065,61,0.04918032786885246,ensemble_ts,0.5245901639344263,43.97095625009388
16,O1,0.05,304,6065,61,0.04918032786885246,cmaes,0.18032786885245902,0.056498083053156734
16,O1,0.05,304,6065,61,0.04918032786885246,centroid_policy_with_init,0.0,0.0
16,O2,0.02,122,6065,61,0.4426229508196721,graph_social,0.04918032786885246,0.027568374993279576
16,O2,0.02,122,6065,61,0.4426229508196721,random,0.0,0.00017433403991162777
16,O2,0.02,122,6065,61,0.4426229508196721,ensemble_ts,0.04918032786885246,9.409364875173196
16,O2,0.02,122,6065,61,0.4426229508196721,cmaes,0.04918032786885246,0.02714283298701048
16,O2,0.02,122,6065,61,0.4426229508196721,centroid_policy_with_init,0.06557377049180328,0.0
16,O2,0.05,304,6065,61,0.4426229508196721,graph_social,0.11475409836065574,0.06060679187066853
16,O2,0.05,304,6065,61,0.4426229508196721,random,0.03278688524590164,0.00029020803049206734
16,O2,0.05,304,6065,61,0.4426229508196721,ensemble_ts,0.13114754098360656,47.10912399995141
16,O2,0.05,304,6065,61,0.4426229508196721,cmaes,0.18032786885245902,0.07011312479153275
16,O2,0.05,304,6065,61,0.4426229508196721,centroid_policy_with_init,0.11475409836065574,0.0
16,O3,0.02,122,6065,61,0.19672131147540983,graph_social,0.01639344262295082,0.03294133301824331
16,O3,0.02,122,6065,61,0.19672131147540983,random,0.01639344262295082,0.00041583296842873096
16,O3,0.02,122,6065,61,0.19672131147540983,ensemble_ts,0.01639344262295082,9.315277874935418
16,O3,0.02,122,6065,61,0.19672131147540983,cmaes,0.01639344262295082,0.025354957906529307
16,O3,0.02,122,6065,61,0.19672131147540983,centroid_policy_with_init,0.01639344262295082,0.0
16,O3,0.05,304,6065,61,0.19672131147540983,graph_social,0.03278688524590164,0.08373041707091033
16,O3,0.05,304,6065,61,0.19672131147540983,random,0.06557377049180328,0.000288916053250432
16,O3,0.05,304,6065,61,0.19672131147540983,ensemble_ts,0.13114754098360656,46.86338225007057
16,O3,0.05,304,6065,61,0.19672131147540983,cmaes,0.04918032786885246,0.06880279188044369
16,O3,0.05,304,6065,61,0.19672131147540983,centroid_policy_with_init,0.01639344262295082,0.0
16,O4,0.02,75,3707,38,0.05263157894736842,graph_social,0.0,0.008269666926935315
16,O4,0.02,75,3707,38,0.05263157894736842,random,0.02631578947368421,0.00031566713005304337
16,O4,0.02,75,3707,38,0.05263157894736842,ensemble_ts,0.02631578947368421,4.0082893329672515
16,O4,0.02,75,3707,38,0.05263157894736842,cmaes,0.02631578947368421,0.015290416777133942
16,O4,0.02,75,3707,38,0.05263157894736842,centroid_policy_with_init,0.0,0.0
16,O4,0.05,186,3707,38,0.05263157894736842,graph_social,0.02631578947368421,0.017822917085140944
16,O4,0.05,186,3707,38,0.05263157894736842,random,0.07894736842105263,0.0001816251315176487
16,O4,0.05,186,3707,38,0.05263157894736842,ensemble_ts,0.34210526315789475,15.975060167023912
16,O4,0.05,186,3707,38,0.05263157894736842,cmaes,0.07894736842105263,0.029794041998684406
16,O4,0.05,186,3707,38,0.05263157894736842,centroid_policy_with_init,0.0,0.0
17,O1,0.02,122,6065,61,0.04918032786885246,graph_social,0.01639344262295082,0.0299879580270499
17,O1,0.02,122,6065,61,0.04918032786885246,random,0.03278688524590164,0.00018250010907649994
17,O1,0.02,122,6065,61,0.04918032786885246,ensemble_ts,0.08196721311475409,9.017755541950464
17,O1,0.02,122,6065,61,0.04918032786885246,cmaes,0.08196721311475409,0.03394170803949237
17,O1,0.02,122,6065,61,0.04918032786885246,centroid_policy_with_init,0.0,0.0
17,O1,0.05,304,6065,61,0.04918032786885246,graph_social,0.14754098360655737,0.0648605830501765
17,O1,0.05,304,6065,61,0.04918032786885246,random,0.06557377049180328,0.0007090840954333544
17,O1,0.05,304,6065,61,0.04918032786885246,ensemble_ts,0.5409836065573771,41.803815834224224
17,O1,0.05,304,6065,61,0.04918032786885246,cmaes,0.19672131147540983,0.06429458316415548
17,O1,0.05,304,6065,61,0.04918032786885246,centroid_policy_with_init,0.0,0.0
17,O2,0.02,122,6065,61,0.4262295081967213,graph_social,0.06557377049180328,0.019058125093579292
17,O2,0.02,122,6065,61,0.4262295081967213,random,0.0,0.00016304198652505875
17,O2,0.02,122,6065,61,0.4262295081967213,ensemble_ts,0.0,9.254059625091031
17,O2,0.02,122,6065,61,0.4262295081967213,cmaes,0.0,0.025556167121976614
17,O2,0.02,122,6065,61,0.4262295081967213,centroid_policy_with_init,0.06557377049180328,0.0
17,O2,0.05,304,6065,61,0.4262295081967213,graph_social,0.14754098360655737,0.07181695802137256
17,O2,0.05,304,6065,61,0.4262295081967213,random,0.01639344262295082,0.00028808298520743847
17,O2,0.05,304,6065,61,0.4262295081967213,ensemble_ts,0.14754098360655737,46.31166358385235
17,O2,0.05,304,6065,61,0.4262295081967213,cmaes,0.13114754098360656,0.0763163750525564
17,O2,0.05,304,6065,61,0.4262295081967213,centroid_policy_with_init,0.09836065573770492,0.0
17,O3,0.02,122,6065,61,0.19672131147540983,graph_social,0.03278688524590164,0.029974124860018492
17,O3,0.02,122,6065,61,0.19672131147540983,random,0.01639344262295082,0.00017591705545783043
17,O3,0.02,122,6065,61,0.19672131147540983,ensemble_ts,0.06557377049180328,9.184145374922082
17,O3,0.02,122,6065,61,0.19672131147540983,cmaes,0.01639344262295082,0.026344000129029155
17,O3,0.02,122,6065,61,0.19672131147540983,centroid_policy_with_init,0.01639344262295082,0.0
17,O3,0.05,304,6065,61,0.19672131147540983,graph_social,0.0,0.07017979212105274
17,O3,0.05,304,6065,61,0.19672131147540983,random,0.01639344262295082,0.00029104086570441723
17,O3,0.05,304,6065,61,0.19672131147540983,ensemble_ts,0.14754098360655737,42.30217766598798
17,O3,0.05,304,6065,61,0.19672131147540983,cmaes,0.01639344262295082,0.06085304217413068
17,O3,0.05,304,6065,61,0.19672131147540983,centroid_policy_with_init,0.01639344262295082,0.0
17,O4,0.02,75,3707,38,0.05263157894736842,graph_social,0.02631578947368421,0.006019667023792863
17,O4,0.02,75,3707,38,0.05263157894736842,random,0.0,0.00013295793905854225
17,O4,0.02,75,3707,38,0.05263157894736842,ensemble_ts,0.02631578947368421,3.8897586250677705
17,O4,0.02,75,3707,38,0.05263157894736842,cmaes,0.0,0.012936332961544394
17,O4,0.02,75,3707,38,0.05263157894736842,centroid_policy_with_init,0.0,0.0
17,O4,0.05,186,3707,38,0.05263157894736842,graph_social,0.05263157894736842,0.016674958867952228
17,O4,0.05,186,3707,38,0.05263157894736842,random,0.05263157894736842,0.0001782500185072422
17,O4,0.05,186,3707,38,0.05263157894736842,ensemble_ts,0.42105263157894735,16.343861457891762
17,O4,0.05,186,3707,38,0.05263157894736842,cmaes,0.07894736842105263,0.027590082958340645
17,O4,0.05,186,3707,38,0.05263157894736842,centroid_policy_with_init,0.0,0.0
18,O1,0.02,122,6065,61,0.04918032786885246,graph_social,0.01639344262295082,0.0265105830039829
18,O1,0.02,122,6065,61,0.04918032786885246,random,0.01639344262295082,0.0001979160588234663
18,O1,0.02,122,6065,61,0.04918032786885246,ensemble_ts,0.04918032786885246,8.977178499801084
18,O1,0.02,122,6065,61,0.04918032786885246,cmaes,0.14754098360655737,0.03137883311137557
18,O1,0.02,122,6065,61,0.04918032786885246,centroid_policy_with_init,0.0,0.0
18,O1,0.05,304,6065,61,0.04918032786885246,graph_social,0.14754098360655737,0.0646702079102397
18,O1,0.05,304,6065,61,0.04918032786885246,random,0.04918032786885246,0.0007327499333769083
18,O1,0.05,304,6065,61,0.04918032786885246,ensemble_ts,0.47540983606557374,42.93434220808558
18,O1,0.05,304,6065,61,0.04918032786885246,cmaes,0.18032786885245902,0.060535833006724715
18,O1,0.05,304,6065,61,0.04918032786885246,centroid_policy_with_init,0.0,0.0
18,O2,0.02,122,6065,61,0.4262295081967213,graph_social,0.06557377049180328,0.018013000022619963
18,O2,0.02,122,6065,61,0.4262295081967213,random,0.01639344262295082,0.00016966578550636768
18,O2,0.02,122,6065,61,0.4262295081967213,ensemble_ts,0.01639344262295082,9.307440666947514
18,O2,0.02,122,6065,61,0.4262295081967213,cmaes,0.06557377049180328,0.040486291982233524
18,O2,0.02,122,6065,61,0.4262295081967213,centroid_policy_with_init,0.09836065573770492,0.0
18,O2,0.05,304,6065,61,0.4262295081967213,graph_social,0.09836065573770492,0.07347754202783108
18,O2,0.05,304,6065,61,0.4262295081967213,random,0.06557377049180328,0.00029850006103515625
18,O2,0.05,304,6065,61,0.4262295081967213,ensemble_ts,0.13114754098360656,47.53787691704929
18,O2,0.05,304,6065,61,0.4262295081967213,cmaes,0.21311475409836064,0.06844179215840995
18,O2,0.05,304,6065,61,0.4262295081967213,centroid_policy_with_init,0.14754098360655737,0.0
18,O3,0.02,122,6065,61,0.18032786885245902,graph_social,0.0,0.026018833043053746
18,O3,0.02,122,6065,61,0.18032786885245902,random,0.01639344262295082,0.00016900012269616127
18,O3,0.02,122,6065,61,0.18032786885245902,ensemble_ts,0.04918032786885246,9.39082016586326
18,O3,0.02,122,6065,61,0.18032786885245902,cmaes,0.01639344262295082,0.03357800003141165
18,O3,0.02,122,6065,61,0.18032786885245902,centroid_policy_with_init,0.01639344262295082,0.0
18,O3,0.05,304,6065,61,0.18032786885245902,graph_social,0.04918032786885246,0.0649015000090003
18,O3,0.05,304,6065,61,0.18032786885245902,random,0.11475409836065574,0.0002917081583291292
18,O3,0.05,304,6065,61,0.18032786885245902,ensemble_ts,0.14754098360655737,43.397804624866694
18,O3,0.05,304,6065,61,0.18032786885245902,cmaes,0.03278688524590164,0.07784133311361074
18,O3,0.05,304,6065,61,0.18032786885245902,centroid_policy_with_init,0.01639344262295082,0.0
18,O4,0.02,75,3709,38,0.05263157894736842,graph_social,0.0,0.006247041979804635
18,O4,0.02,75,3709,38,0.05263157894736842,random,0.0,0.00012137508019804955
18,O4,0.02,75,3709,38,0.05263157894736842,ensemble_ts,0.15789473684210525,4.140364249935374
18,O4,0.02,75,3709,38,0.05263157894736842,cmaes,0.05263157894736842,0.01969304191879928
18,O4,0.02,75,3709,38,0.05263157894736842,centroid_policy_with_init,0.0,0.0
18,O4,0.05,186,3709,38,0.05263157894736842,graph_social,0.10526315789473684,0.01333770900964737
18,O4,0.05,186,3709,38,0.05263157894736842,random,0.0,0.0001757501158863306
18,O4,0.05,186,3709,38,0.05263157894736842,ensemble_ts,0.5,16.624083916889504
18,O4,0.05,186,3709,38,0.05263157894736842,cmaes,0.18421052631578946,0.02768816612660885
18,O4,0.05,186,3709,38,0.05263157894736842,centroid_policy_with_init,0.0,0.0
19,O1,0.02,122,6065,61,0.06557377049180328,graph_social,0.01639344262295082,0.03368533309549093
19,O1,0.02,122,6065,61,0.06557377049180328,random,0.03278688524590164,0.00019275001250207424
19,O1,0.02,122,6065,61,0.06557377049180328,ensemble_ts,0.09836065573770492,9.094635833054781
19,O1,0.02,122,6065,61,0.06557377049180328,cmaes,0.0,0.026377582922577858
19,O1,0.02,122,6065,61,0.06557377049180328,centroid_policy_with_init,0.0,0.0
19,O1,0.05,304,6065,61,0.06557377049180328,graph_social,0.01639344262295082,0.08293229201808572
19,O1,0.05,304,6065,61,0.06557377049180328,random,0.08196721311475409,0.0002925829030573368
19,O1,0.05,304,6065,61,0.06557377049180328,ensemble_ts,0.5901639344262295,41.802328041987494
19,O1,0.05,304,6065,61,0.06557377049180328,cmaes,0.0,0.06349954195320606
19,O1,0.05,304,6065,61,0.06557377049180328,centroid_policy_with_init,0.0,0.0
19,O2,0.02,122,6065,61,0.39344262295081966,graph_social,0.04918032786885246,0.046475375071167946
19,O2,0.02,122,6065,61,0.39344262295081966,random,0.03278688524590164,0.00017983303405344486
19,O2,0.02,122,6065,61,0.39344262295081966,ensemble_ts,0.03278688524590164,9.183571541914716
19,O2,0.02,122,6065,61,0.39344262295081966,cmaes,0.04918032786885246,0.031537000089883804
19,O2,0.02,122,6065,61,0.39344262295081966,centroid_policy_with_init,0.06557377049180328,0.0
19,O2,0.05,304,6065,61,0.39344262295081966,graph_social,0.16393442622950818,0.08298579114489257
19,O2,0.05,304,6065,61,0.39344262295081966,random,0.04918032786885246,0.00029154191724956036
19,O2,0.05,304,6065,61,0.39344262295081966,ensemble_ts,0.13114754098360656,44.690578332869336
19,O2,0.05,304,6065,61,0.39344262295081966,cmaes,0.13114754098360656,0.08028583298437297
19,O2,0.05,304,6065,61,0.39344262295081966,centroid_policy_with_init,0.11475409836065574,0.0
19,O3,0.02,122,6065,61,0.21311475409836064,graph_social,0.03278688524590164,0.04498404101468623
19,O3,0.02,122,6065,61,0.21311475409836064,random,0.03278688524590164,0.00018566707149147987
19,O3,0.02,122,6065,61,0.21311475409836064,ensemble_ts,0.08196721311475409,9.201151958899572
19,O3,0.02,122,6065,61,0.21311475409836064,cmaes,0.03278688524590164,0.0360726248472929
19,O3,0.02,122,6065,61,0.21311475409836064,centroid_policy_with_init,0.01639344262295082,0.0
19,O3,0.05,304,6065,61,0.21311475409836064,graph_social,0.06557377049180328,0.07303250022232533
19,O3,0.05,304,6065,61,0.21311475409836064,random,0.04918032786885246,0.0007935420144349337
19,O3,0.05,304,6065,61,0.21311475409836064,ensemble_ts,0.16393442622950818,46.632623333949596
19,O3,0.05,304,6065,61,0.21311475409836064,cmaes,0.04918032786885246,0.06299437489360571
19,O3,0.05,304,6065,61,0.21311475409836064,centroid_policy_with_init,0.01639344262295082,0.0
19,O4,0.02,75,3717,38,0.05263157894736842,graph_social,0.02631578947368421,0.00761383306235075
19,O4,0.02,75,3717,38,0.05263157894736842,random,0.07894736842105263,0.00011283298954367638
19,O4,0.02,75,3717,38,0.05263157894736842,ensemble_ts,0.18421052631578946,4.119967209175229
19,O4,0.02,75,3717,38,0.05263157894736842,cmaes,0.10526315789473684,0.01951300003565848
19,O4,0.02,75,3717,38,0.05263157894736842,centroid_policy_with_init,0.0,0.0
19,O4,0.05,186,3717,38,0.05263157894736842,graph_social,0.02631578947368421,0.01755091710947454
19,O4,0.05,186,3717,38,0.05263157894736842,random,0.10526315789473684,0.00017529213801026344
19,O4,0.05,186,3717,38,0.05263157894736842,ensemble_ts,0.4473684210526316,16.69473262503743
19,O4,0.05,186,3717,38,0.05263157894736842,cmaes,0.18421052631578946,0.03347099991515279
19,O4,0.05,186,3717,38,0.05263157894736842,centroid_policy_with_init,0.0,0.0
20,O1,0.02,122,6065,61,0.06557377049180328,graph_social,0.01639344262295082,0.023975792108103633
20,O1,0.02,122,6065,61,0.06557377049180328,random,0.0,0.00017445813864469528
20,O1,0.02,122,6065,61,0.06557377049180328,ensemble_ts,0.03278688524590164,9.235994833055884
20,O1,0.02,122,6065,61,0.06557377049180328,cmaes,0.19672131147540983,0.046031874837353826
20,O1,0.02,122,6065,61,0.06557377049180328,centroid_policy_with_init,0.0,0.0
20,O1,0.05,304,6065,61,0.06557377049180328,graph_social,0.04918032786885246,0.07701616687700152
20,O1,0.05,304,6065,61,0.06557377049180328,random,0.03278688524590164,0.0003117078449577093
20,O1,0.05,304,6065,61,0.06557377049180328,ensemble_ts,0.6229508196721312,41.445198042085394
20,O1,0.05,304,6065,61,0.06557377049180328,cmaes,0.32786885245901637,0.06830041692592204
20,O1,0.05,304,6065,61,0.06557377049180328,centroid_policy_with_init,0.0,0.0
20,O2,0.02,122,6065,61,0.39344262295081966,graph_social,0.04918032786885246,0.03345149988308549
20,O2,0.02,122,6065,61,0.39344262295081966,random,0.03278688524590164,0.00017645792104303837
20,O2,0.02,122,6065,61,0.39344262295081966,ensemble_ts,0.03278688524590164,9.39050079206936
20,O2,0.02,122,6065,61,0.39344262295081966,cmaes,0.04918032786885246,0.03260820894502103
20,O2,0.02,122,6065,61,0.39344262295081966,centroid_policy_with_init,0.06557377049180328,0.0
20,O2,0.05,304,6065,61,0.39344262295081966,graph_social,0.08196721311475409,0.08131995890289545
20,O2,0.05,304,6065,61,0.39344262295081966,random,0.04918032786885246,0.000290874857455492
20,O2,0.05,304,6065,61,0.39344262295081966,ensemble_ts,0.14754098360655737,48.390310750110075
20,O2,0.05,304,6065,61,0.39344262295081966,cmaes,0.14754098360655737,0.0704994578845799
20,O2,0.05,304,6065,61,0.39344262295081966,centroid_policy_with_init,0.11475409836065574,0.0
20,O3,0.02,122,6065,61,0.16393442622950818,graph_social,0.0,0.03217408386990428
20,O3,0.02,122,6065,61,0.16393442622950818,random,0.03278688524590164,0.00017154193483293056
20,O3,0.02,122,6065,61,0.16393442622950818,ensemble_ts,0.03278688524590164,9.17121170903556
20,O3,0.02,122,6065,61,0.16393442622950818,cmaes,0.01639344262295082,0.02570675010792911
20,O3,0.02,122,6065,61,0.16393442622950818,centroid_policy_with_init,0.01639344262295082,0.0
20,O3,0.05,304,6065,61,0.16393442622950818,graph_social,0.06557377049180328,0.0680015841498971
20,O3,0.05,304,6065,61,0.16393442622950818,random,0.06557377049180328,0.0002876659855246544
20,O3,0.05,304,6065,61,0.16393442622950818,ensemble_ts,0.18032786885245902,46.8289889160078
20,O3,0.05,304,6065,61,0.16393442622950818,cmaes,0.01639344262295082,0.06195354205556214
20,O3,0.05,304,6065,61,0.16393442622950818,centroid_policy_with_init,0.01639344262295082,0.0
20,O4,0.02,75,3708,38,0.05263157894736842,graph_social,0.02631578947368421,0.012705332832410932
20,O4,0.02,75,3708,38,0.05263157894736842,random,0.05263157894736842,0.00013816705904901028
20,O4,0.02,75,3708,38,0.05263157894736842,ensemble_ts,0.0,4.086264499928802
20,O4,0.02,75,3708,38,0.05263157894736842,cmaes,0.05263157894736842,0.01306104101240635
20,O4,0.02,75,3708,38,0.05263157894736842,centroid_policy_with_init,0.0,0.0
20,O4,0.05,186,3708,38,0.05263157894736842,graph_social,0.02631578947368421,0.023917834041640162
20,O4,0.05,186,3708,38,0.05263157894736842,random,0.07894736842105263,0.00019404198974370956
20,O4,0.05,186,3708,38,0.05263157894736842,ensemble_ts,0.02631578947368421,17.34610416693613
20,O4,0.05,186,3708,38,0.05263157894736842,cmaes,0.13157894736842105,0.03685683407820761
20,O4,0.05,186,3708,38,0.05263157894736842,centroid_policy_with_init,0.0,0.0
21,O1,0.02,122,6065,61,0.06557377049180328,graph_social,0.0,0.026015999959781766
21,O1,0.02,122,6065,61,0.06557377049180328,random,0.0,0.00020179105922579765
21,O1,0.02,122,6065,61,0.06557377049180328,ensemble_ts,0.03278688524590164,8.739813457941636
21,O1,0.02,122,6065,61,0.06557377049180328,cmaes,0.06557377049180328,0.03264866699464619
21,O1,0.02,122,6065,61,0.06557377049180328,centroid_policy_with_init,0.0,0.0
21,O1,0.05,304,6065,61,0.06557377049180328,graph_social,0.04918032786885246,0.07531087496317923
21,O1,0.05,304,6065,61,0.06557377049180328,random,0.03278688524590164,0.0002907498273998499
21,O1,0.05,304,6065,61,0.06557377049180328,ensemble_ts,0.6557377049180327,40.36328974994831
21,O1,0.05,304,6065,61,0.06557377049180328,cmaes,0.08196721311475409,0.0664301251526922
21,O1,0.05,304,6065,61,0.06557377049180328,centroid_policy_with_init,0.0,0.0
21,O2,0.02,122,6065,61,0.3770491803278688,graph_social,0.01639344262295082,0.03466499992646277
21,O2,0.02,122,6065,61,0.3770491803278688,random,0.06557377049180328,0.000441625015810132
21,O2,0.02,122,6065,61,0.3770491803278688,ensemble_ts,0.0,9.445954082999378
21,O2,0.02,122,6065,61,0.3770491803278688,cmaes,0.08196721311475409,0.030105042038485408
21,O2,0.02,122,6065,61,0.3770491803278688,centroid_policy_with_init,0.06557377049180328,0.0
21,O2,0.05,304,6065,61,0.3770491803278688,graph_social,0.13114754098360656,0.08582912501879036
21,O2,0.05,304,6065,61,0.3770491803278688,random,0.08196721311475409,0.0008129170164465904
21,O2,0.05,304,6065,61,0.3770491803278688,ensemble_ts,0.06557377049180328,47.09958937484771
21,O2,0.05,304,6065,61,0.3770491803278688,cmaes,0.19672131147540983,0.07553841592743993
21,O2,0.05,304,6065,61,0.3770491803278688,centroid_policy_with_init,0.11475409836065574,0.0
21,O3,0.02,122,6065,61,0.21311475409836064,graph_social,0.03278688524590164,0.03016162500716746
21,O3,0.02,122,6065,61,0.21311475409836064,random,0.0,0.00017066695727407932
21,O3,0.02,122,6065,61,0.21311475409836064,ensemble_ts,0.13114754098360656,9.295832458185032
21,O3,0.02,122,6065,61,0.21311475409836064,cmaes,0.06557377049180328,0.03250270802527666
21,O3,0.02,122,6065,61,0.21311475409836064,centroid_policy_with_init,0.01639344262295082,0.0
21,O3,0.05,304,6065,61,0.21311475409836064,graph_social,0.08196721311475409,0.07981645804829895
21,O3,0.05,304,6065,61,0.21311475409836064,random,0.03278688524590164,0.00028962502256035805
21,O3,0.05,304,6065,61,0.21311475409836064,ensemble_ts,0.18032786885245902,46.286292583914474
21,O3,0.05,304,6065,61,0.21311475409836064,cmaes,0.09836065573770492,0.052821833873167634
21,O3,0.05,304,6065,61,0.21311475409836064,centroid_policy_with_init,0.01639344262295082,0.0
21,O4,0.02,75,3719,38,0.05263157894736842,graph_social,0.0,0.005955209024250507
21,O4,0.02,75,3719,38,0.05263157894736842,random,0.0,0.00012379116378724575
21,O4,0.02,75,3719,38,0.05263157894736842,ensemble_ts,0.02631578947368421,3.978027082979679
21,O4,0.02,75,3719,38,0.05263157894736842,cmaes,0.0,0.01993704098276794
21,O4,0.02,75,3719,38,0.05263157894736842,centroid_policy_with_init,0.0,0.0
21,O4,0.05,186,3719,38,0.05263157894736842,graph_social,0.05263157894736842,0.024097540881484747
21,O4,0.05,186,3719,38,0.05263157894736842,random,0.0,0.00018550013191998005
21,O4,0.05,186,3719,38,0.05263157894736842,ensemble_ts,0.47368421052631576,16.138863333966583
21,O4,0.05,186,3719,38,0.05263157894736842,cmaes,0.0,0.026399792172014713
21,O4,0.05,186,3719,38,0.05263157894736842,centroid_policy_with_init,0.0,0.0
22,O1,0.02,122,6065,61,0.06557377049180328,graph_social,0.0,0.027476708870381117
22,O1,0.02,122,6065,61,0.06557377049180328,random,0.03278688524590164,0.00018304213881492615
22,O1,0.02,122,6065,61,0.06557377049180328,ensemble_ts,0.18032786885245902,8.878795665921643
22,O1,0.02,122,6065,61,0.06557377049180328,cmaes,0.01639344262295082,0.024597000097855926
22,O1,0.02,122,6065,61,0.06557377049180328,centroid_policy_with_init,0.0,0.0
22,O1,0.05,304,6065,61,0.06557377049180328,graph_social,0.03278688524590164,0.06077254214324057
22,O1,0.05,304,6065,61,0.06557377049180328,random,0.08196721311475409,0.00029058405198156834
22,O1,0.05,304,6065,61,0.06557377049180328,ensemble_ts,0.6065573770491803,41.50295841693878
22,O1,0.05,304,6065,61,0.06557377049180328,cmaes,0.19672131147540983,0.0657950839959085
22,O1,0.05,304,6065,61,0.06557377049180328,centroid_policy_with_init,0.0,0.0
22,O2,0.02,122,6065,61,0.4262295081967213,graph_social,0.14754098360655737,0.039235749980434775
22,O2,0.02,122,6065,61,0.4262295081967213,random,0.04918032786885246,0.00017737504094839096
22,O2,0.02,122,6065,61,0.4262295081967213,ensemble_ts,0.06557377049180328,9.257502707885578
22,O2,0.02,122,6065,61,0.4262295081967213,cmaes,0.03278688524590164,0.024947208119556308
22,O2,0.02,122,6065,61,0.4262295081967213,centroid_policy_with_init,0.09836065573770492,0.0
22,O2,0.05,304,6065,61,0.4262295081967213,graph_social,0.19672131147540983,0.06619425001554191
22,O2,0.05,304,6065,61,0.4262295081967213,random,0.09836065573770492,0.00028433301486074924
22,O2,0.05,304,6065,61,0.4262295081967213,ensemble_ts,0.16393442622950818,45.60302716610022
22,O2,0.05,304,6065,61,0.4262295081967213,cmaes,0.19672131147540983,0.06878791702911258
22,O2,0.05,304,6065,61,0.4262295081967213,centroid_policy_with_init,0.16393442622950818,0.0
22,O3,0.02,122,6065,61,0.18032786885245902,graph_social,0.01639344262295082,0.014535709051415324
22,O3,0.02,122,6065,61,0.18032786885245902,random,0.0,0.0001663749571889639
22,O3,0.02,122,6065,61,0.18032786885245902,ensemble_ts,0.01639344262295082,9.337882207939401
22,O3,0.02,122,6065,61,0.18032786885245902,cmaes,0.03278688524590164,0.032681999960914254
22,O3,0.02,122,6065,61,0.18032786885245902,centroid_policy_with_init,0.01639344262295082,0.0
22,O3,0.05,304,6065,61,0.18032786885245902,graph_social,0.04918032786885246,0.08339575002901256
22,O3,0.05,304,6065,61,0.18032786885245902,random,0.04918032786885246,0.00028683291748166084
22,O3,0.05,304,6065,61,0.18032786885245902,ensemble_ts,0.09836065573770492,41.81031099986285
22,O3,0.05,304,6065,61,0.18032786885245902,cmaes,0.11475409836065574,0.06014458299614489
22,O3,0.05,304,6065,61,0.18032786885245902,centroid_policy_with_init,0.01639344262295082,0.0
22,O4,0.02,75,3709,38,0.05263157894736842,graph_social,0.0,0.00826437515206635
22,O4,0.02,75,3709,38,0.05263157894736842,random,0.0,0.0002847500145435333
22,O4,0.02,75,3709,38,0.05263157894736842,ensemble_ts,0.18421052631578946,4.1383944160770625
22,O4,0.02,75,3709,38,0.05263157894736842,cmaes,0.07894736842105263,0.01798083307221532
22,O4,0.02,75,3709,38,0.05263157894736842,centroid_policy_with_init,0.0,0.0
22,O4,0.05,186,3709,38,0.05263157894736842,graph_social,0.05263157894736842,0.016230582958087325
22,O4,0.05,186,3709,38,0.05263157894736842,random,0.02631578947368421,0.00017891707830131054
22,O4,0.05,186,3709,38,0.05263157894736842,ensemble_ts,0.4473684210526316,16.83757112501189
22,O4,0.05,186,3709,38,0.05263157894736842,cmaes,0.21052631578947367,0.02606495888903737
22,O4,0.05,186,3709,38,0.05263157894736842,centroid_policy_with_init,0.0,0.0
23,O1,0.02,122,6065,61,0.04918032786885246,graph_social,0.03278688524590164,0.03326425002887845
23,O1,0.02,122,6065,61,0.04918032786885246,random,0.03278688524590164,0.00018512504175305367
23,O1,0.02,122,6065,61,0.04918032786885246,ensemble_ts,0.26229508196721313,8.91404179111123
23,O1,0.02,122,6065,61,0.04918032786885246,cmaes,0.13114754098360656,0.039891333086416125
23,O1,0.02,122,6065,61,0.04918032786885246,centroid_policy_with_init,0.0,0.0
23,O1,0.05,304,6065,61,0.04918032786885246,graph_social,0.08196721311475409,0.07001299993135035
23,O1,0.05,304,6065,61,0.04918032786885246,random,0.04918032786885246,0.0002871248871088028
23,O1,0.05,304,6065,61,0.04918032786885246,ensemble_ts,0.5901639344262295,42.18604029202834
23,O1,0.05,304,6065,61,0.04918032786885246,cmaes,0.16393442622950818,0.0570393749512732
23,O1,0.05,304,6065,61,0.04918032786885246,centroid_policy_with_init,0.0,0.0
23,O2,0.02,122,6065,61,0.47540983606557374,graph_social,0.08196721311475409,0.037070417078211904
23,O2,0.02,122,6065,61,0.47540983606557374,random,0.01639344262295082,0.00020929216407239437
23,O2,0.02,122,6065,61,0.47540983606557374,ensemble_ts,0.0,9.286590333795175
23,O2,0.02,122,6065,61,0.47540983606557374,cmaes,0.04918032786885246,0.03429820900782943
23,O2,0.02,122,6065,61,0.47540983606557374,centroid_policy_with_init,0.08196721311475409,0.0
23,O2,0.05,304,6065,61,0.47540983606557374,graph_social,0.19672131147540983,0.0895962081849575
23,O2,0.05,304,6065,61,0.47540983606557374,random,0.04918032786885246,0.00029429211281239986
23,O2,0.05,304,6065,61,0.47540983606557374,ensemble_ts,0.13114754098360656,44.76250187493861
23,O2,0.05,304,6065,61,0.47540983606557374,cmaes,0.09836065573770492,0.08007179200649261
23,O2,0.05,304,6065,61,0.47540983606557374,centroid_policy_with_init,0.11475409836065574,0.0
23,O3,0.02,122,6065,61,0.21311475409836064,graph_social,0.0,0.049681499833241105
23,O3,0.02,122,6065,61,0.21311475409836064,random,0.01639344262295082,0.00018495903350412846
23,O3,0.02,122,6065,61,0.21311475409836064,ensemble_ts,0.08196721311475409,9.164154917001724
23,O3,0.02,122,6065,61,0.21311475409836064,cmaes,0.04918032786885246,0.022247083019465208
23,O3,0.02,122,6065,61,0.21311475409836064,centroid_policy_with_init,0.01639344262295082,0.0
23,O3,0.05,304,6065,61,0.21311475409836064,graph_social,0.06557377049180328,0.08801137492991984
23,O3,0.05,304,6065,61,0.21311475409836064,random,0.03278688524590164,0.00029324996285140514
23,O3,0.05,304,6065,61,0.21311475409836064,ensemble_ts,0.11475409836065574,42.7994222920388
23,O3,0.05,304,6065,61,0.21311475409836064,cmaes,0.11475409836065574,0.06785749993287027
23,O3,0.05,304,6065,61,0.21311475409836064,centroid_policy_with_init,0.03278688524590164,0.0
23,O4,0.02,75,3710,38,0.05263157894736842,graph_social,0.0,0.0061914578545838594
23,O4,0.02,75,3710,38,0.05263157894736842,random,0.0,0.00011545815505087376
23,O4,0.02,75,3710,38,0.05263157894736842,ensemble_ts,0.18421052631578946,4.007060874952003
23,O4,0.02,75,3710,38,0.05263157894736842,cmaes,0.15789473684210525,0.012785624945536256
23,O4,0.02,75,3710,38,0.05263157894736842,centroid_policy_with_init,0.0,0.0
23,O4,0.05,186,3710,38,0.05263157894736842,graph_social,0.07894736842105263,0.01548383291810751
23,O4,0.05,186,3710,38,0.05263157894736842,random,0.02631578947368421,0.0001785422209650278
23,O4,0.05,186,3710,38,0.05263157894736842,ensemble_ts,0.4473684210526316,17.224595750216395
23,O4,0.05,186,3710,38,0.05263157894736842,cmaes,0.21052631578947367,0.03669199999421835
23,O4,0.05,186,3710,38,0.05263157894736842,centroid_policy_with_init,0.0,0.0
24,O1,0.02,122,6065,61,0.06557377049180328,graph_social,0.0,0.02904399996623397
24,O1,0.02,122,6065,61,0.06557377049180328,random,0.0,0.0001846251543611288
24,O1,0.02,122,6065,61,0.06557377049180328,ensemble_ts,0.04918032786885246,8.885479458142072
24,O1,0.02,122,6065,61,0.06557377049180328,cmaes,0.09836065573770492,0.0317559998948127
24,O1,0.02,122,6065,61,0.06557377049180328,centroid_policy_with_init,0.0,0.0
24,O1,0.05,304,6065,61,0.06557377049180328,graph_social,0.11475409836065574,0.05016320804134011
24,O1,0.05,304,6065,61,0.06557377049180328,random,0.01639344262295082,0.0002755410969257355
24,O1,0.05,304,6065,61,0.06557377049180328,ensemble_ts,0.2459016393442623,36.44690899993293
24,O1,0.05,304,6065,61,0.06557377049180328,cmaes,0.21311475409836064,0.046679750084877014
24,O1,0.05,304,6065,61,0.06557377049180328,centroid_policy_with_init,0.0,0.0
24,O2,0.02,122,6065,61,0.45901639344262296,graph_social,0.0,0.028136583045125008
24,O2,0.02,122,6065,61,0.45901639344262296,random,0.01639344262295082,0.0001667090691626072
24,O2,0.02,122,6065,61,0.45901639344262296,ensemble_ts,0.16393442622950818,7.858813999919221
24,O2,0.02,122,6065,61,0.45901639344262296,cmaes,0.01639344262295082,0.02545816684141755
24,O2,0.02,122,6065,61,0.45901639344262296,centroid_policy_with_init,0.06557377049180328,0.0
24,O2,0.05,304,6065,61,0.45901639344262296,graph_social,0.14754098360655737,0.0619866659399122
24,O2,0.05,304,6065,61,0.45901639344262296,random,0.06557377049180328,0.0002814589533954859
24,O2,0.05,304,6065,61,0.45901639344262296,ensemble_ts,0.3442622950819672,39.52870866586454
24,O2,0.05,304,6065,61,0.45901639344262296,cmaes,0.09836065573770492,0.05377799994312227
24,O2,0.05,304,6065,61,0.45901639344262296,centroid_policy_with_init,0.09836065573770492,0.0
24,O3,0.02,122,6065,61,0.16393442622950818,graph_social,0.03278688524590164,0.03261633403599262
24,O3,0.02,122,6065,61,0.16393442622950818,random,0.01639344262295082,0.00016887509264051914
24,O3,0.02,122,6065,61,0.16393442622950818,ensemble_ts,0.11475409836065574,8.024930374929681
24,O3,0.02,122,6065,61,0.16393442622950818,cmaes,0.01639344262295082,0.025753333931788802
24,O3,0.02,122,6065,61,0.16393442622950818,centroid_policy_with_init,0.01639344262295082,0.0
24,O3,0.05,304,6065,61,0.16393442622950818,graph_social,0.04918032786885246,0.06321462499909103
24,O3,0.05,304,6065,61,0.16393442622950818,random,0.01639344262295082,0.00027316692285239697
24,O3,0.05,304,6065,61,0.16393442622950818,ensemble_ts,0.19672131147540983,42.4896757081151
24,O3,0.05,304,6065,61,0.16393442622950818,cmaes,0.04918032786885246,0.05772337503731251
24,O3,0.05,304,6065,61,0.16393442622950818,centroid_policy_with_init,0.03278688524590164,0.0
24,O4,0.02,75,3719,38,0.05263157894736842,graph_social,0.0,0.007201500004157424
24,O4,0.02,75,3719,38,0.05263157894736842,random,0.0,0.00011837505735456944
24,O4,0.02,75,3719,38,0.05263157894736842,ensemble_ts,0.05263157894736842,3.3923882499802858
24,O4,0.02,75,3719,38,0.05263157894736842,cmaes,0.02631578947368421,0.013123999815434217
24,O4,0.02,75,3719,38,0.05263157894736842,centroid_policy_with_init,0.0,0.0
24,O4,0.05,186,3719,38,0.05263157894736842,graph_social,0.0,0.016988500021398067
24,O4,0.05,186,3719,38,0.05263157894736842,random,0.0,0.00018233410082757473
24,O4,0.05,186,3719,38,0.05263157894736842,ensemble_ts,0.3157894736842105,15.088289000093937
24,O4,0.05,186,3719,38,0.05263157894736842,cmaes,0.21052631578947367,0.03189458302222192
24,O4,0.05,186,3719,38,0.05263157894736842,centroid_policy_with_init,0.0,0.0
25,O1,0.02,122,6065,61,0.04918032786885246,graph_social,0.01639344262295082,0.02228350006043911
25,O1,0.02,122,6065,61,0.04918032786885246,random,0.04918032786885246,0.0001693330705165863
25,O1,0.02,122,6065,61,0.04918032786885246,ensemble_ts,0.39344262295081966,8.462812416022643
25,O1,0.02,122,6065,61,0.04918032786885246,cmaes,0.11475409836065574,0.025393499992787838
25,O1,0.02,122,6065,61,0.04918032786885246,centroid_policy_with_init,0.0,0.0
25,O1,0.05,304,6065,61,0.04918032786885246,graph_social,0.11475409836065574,0.05235654185526073
25,O1,0.05,304,6065,61,0.04918032786885246,random,0.09836065573770492,0.00027054199017584324
25,O1,0.05,304,6065,61,0.04918032786885246,ensemble_ts,0.7213114754098361,36.167695791926235
25,O1,0.05,304,6065,61,0.04918032786885246,cmaes,0.39344262295081966,0.050427832873538136
25,O1,0.05,304,6065,61,0.04918032786885246,centroid_policy_with_init,0.0,0.0
25,O2,0.02,122,6065,61,0.4262295081967213,graph_social,0.04918032786885246,0.020391750149428844
25,O2,0.02,122,6065,61,0.4262295081967213,random,0.01639344262295082,0.00016695796512067318
25,O2,0.02,122,6065,61,0.4262295081967213,ensemble_ts,0.0,7.933699041837826
25,O2,0.02,122,6065,61,0.4262295081967213,cmaes,0.06557377049180328,0.025580541929230094
25,O2,0.02,122,6065,61,0.4262295081967213,centroid_policy_with_init,0.06557377049180328,0.0
25,O2,0.05,304,6065,61,0.4262295081967213,graph_social,0.11475409836065574,0.06264124996960163
25,O2,0.05,304,6065,61,0.4262295081967213,random,0.06557377049180328,0.00028733303770422935
25,O2,0.05,304,6065,61,0.4262295081967213,ensemble_ts,0.11475409836065574,40.179319041082636
25,O2,0.05,304,6065,61,0.4262295081967213,cmaes,0.14754098360655737,0.057122499914839864
25,O2,0.05,304,6065,61,0.4262295081967213,centroid_policy_with_init,0.11475409836065574,0.0
25,O3,0.02,122,6065,61,0.16393442622950818,graph_social,0.04918032786885246,0.021991833113133907
25,O3,0.02,122,6065,61,0.16393442622950818,random,0.01639344262295082,0.0001585839781910181
25,O3,0.02,122,6065,61,0.16393442622950818,ensemble_ts,0.01639344262295082,7.779939124826342
25,O3,0.02,122,6065,61,0.16393442622950818,cmaes,0.03278688524590164,0.02550141722895205
25,O3,0.02,122,6065,61,0.16393442622950818,centroid_policy_with_init,0.01639344262295082,0.0
25,O3,0.05,304,6065,61,0.16393442622950818,graph_social,0.01639344262295082,0.056805833941325545
25,O3,0.05,304,6065,61,0.16393442622950818,random,0.03278688524590164,0.00027299998328089714
25,O3,0.05,304,6065,61,0.16393442622950818,ensemble_ts,0.11475409836065574,38.9729005000554
25,O3,0.05,304,6065,61,0.16393442622950818,cmaes,0.04918032786885246,0.05384891713038087
25,O3,0.05,304,6065,61,0.16393442622950818,centroid_policy_with_init,0.01639344262295082,0.0
25,O4,0.02,74,3683,37,0.08108108108108109,graph_social,0.0,0.005979874869808555
25,O4,0.02,74,3683,37,0.08108108108108109,random,0.0,0.00011704093776643276
25,O4,0.02,74,3683,37,0.08108108108108109,ensemble_ts,0.0,3.3223078749142587
25,O4,0.02,74,3683,37,0.08108108108108109,cmaes,0.08108108108108109,0.01231124997138977
25,O4,0.02,74,3683,37,0.08108108108108109,centroid_policy_with_init,0.0,0.0
25,O4,0.05,185,3683,37,0.08108108108108109,graph_social,0.02702702702702703,0.01687866705469787
25,O4,0.05,185,3683,37,0.08108108108108109,random,0.02702702702702703,0.00017537502571940422
25,O4,0.05,185,3683,37,0.08108108108108109,ensemble_ts,0.4594594594594595,15.285155625082552
25,O4,0.05,185,3683,37,0.08108108108108109,cmaes,0.10810810810810811,0.025607291143387556
25,O4,0.05,185,3683,37,0.08108108108108109,centroid_policy_with_init,0.0,0.0
26,O1,0.02,122,6065,61,0.06557377049180328,graph_social,0.03278688524590164,0.019946624990552664
26,O1,0.02,122,6065,61,0.06557377049180328,random,0.01639344262295082,0.00017266697250306606
26,O1,0.02,122,6065,61,0.06557377049180328,ensemble_ts,0.13114754098360656,8.4240753329359
26,O1,0.02,122,6065,61,0.06557377049180328,cmaes,0.08196721311475409,0.023121834034100175
26,O1,0.02,122,6065,61,0.06557377049180328,centroid_policy_with_init,0.0,0.0
26,O1,0.05,304,6065,61,0.06557377049180328,graph_social,0.04918032786885246,0.06318312487564981
26,O1,0.05,304,6065,61,0.06557377049180328,random,0.04918032786885246,0.000275125028565526
26,O1,0.05,304,6065,61,0.06557377049180328,ensemble_ts,0.6557377049180327,36.67783970804885
26,O1,0.05,304,6065,61,0.06557377049180328,cmaes,0.2786885245901639,0.045961708994582295
26,O1,0.05,304,6065,61,0.06557377049180328,centroid_policy_with_init,0.0,0.0
26,O2,0.02,122,6065,61,0.45901639344262296,graph_social,0.06557377049180328,0.02682912489399314
26,O2,0.02,122,6065,61,0.45901639344262296,random,0.01639344262295082,0.00016674981452524662
26,O2,0.02,122,6065,61,0.45901639344262296,ensemble_ts,0.01639344262295082,7.904683166882023
26,O2,0.02,122,6065,61,0.45901639344262296,cmaes,0.03278688524590164,0.025212666019797325
26,O2,0.02,122,6065,61,0.45901639344262296,centroid_policy_with_init,0.06557377049180328,0.0
26,O2,0.05,304,6065,61,0.45901639344262296,graph_social,0.11475409836065574,0.06265183398500085
26,O2,0.05,304,6065,61,0.45901639344262296,random,0.04918032786885246,0.00027358299121260643
26,O2,0.05,304,6065,61,0.45901639344262296,ensemble_ts,0.19672131147540983,39.39646124979481
26,O2,0.05,304,6065,61,0.45901639344262296,cmaes,0.14754098360655737,0.05418408289551735
26,O2,0.05,304,6065,61,0.45901639344262296,centroid_policy_with_init,0.09836065573770492,0.0
26,O3,0.02,122,6065,61,0.21311475409836064,graph_social,0.01639344262295082,0.023545583011582494
26,O3,0.02,122,6065,61,0.21311475409836064,random,0.03278688524590164,0.0001599160023033619
26,O3,0.02,122,6065,61,0.21311475409836064,ensemble_ts,0.04918032786885246,7.8280398331116885
26,O3,0.02,122,6065,61,0.21311475409836064,cmaes,0.03278688524590164,0.026618750067427754
26,O3,0.02,122,6065,61,0.21311475409836064,centroid_policy_with_init,0.01639344262295082,0.0
26,O3,0.05,304,6065,61,0.21311475409836064,graph_social,0.04918032786885246,0.05705662490800023
26,O3,0.05,304,6065,61,0.21311475409836064,random,0.03278688524590164,0.00027695787139236927
26,O3,0.05,304,6065,61,0.21311475409836064,ensemble_ts,0.08196721311475409,40.112327500013635
26,O3,0.05,304,6065,61,0.21311475409836064,cmaes,0.04918032786885246,0.05434179096482694
26,O3,0.05,304,6065,61,0.21311475409836064,centroid_policy_with_init,0.01639344262295082,0.0
26,O4,0.02,75,3720,38,0.05263157894736842,graph_social,0.02631578947368421,0.005925375036895275
26,O4,0.02,75,3720,38,0.05263157894736842,random,0.0,0.00011833314783871174
26,O4,0.02,75,3720,38,0.05263157894736842,ensemble_ts,0.2894736842105263,3.343858958920464
26,O4,0.02,75,3720,38,0.05263157894736842,cmaes,0.13157894736842105,0.012460917001590133
26,O4,0.02,75,3720,38,0.05263157894736842,centroid_policy_with_init,0.0,0.0
26,O4,0.05,186,3720,38,0.05263157894736842,graph_social,0.07894736842105263,0.013819375075399876
26,O4,0.05,186,3720,38,0.05263157894736842,random,0.07894736842105263,0.0001762921456247568
26,O4,0.05,186,3720,38,0.05263157894736842,ensemble_ts,0.42105263157894735,15.828184792073444
26,O4,0.05,186,3720,38,0.05263157894736842,cmaes,0.18421052631578946,0.02645637490786612
26,O4,0.05,186,3720,38,0.05263157894736842,centroid_policy_with_init,0.0,0.0
27,O1,0.02,122,6065,61,0.06557377049180328,graph_social,0.0,0.037712750025093555
27,O1,0.02,122,6065,61,0.06557377049180328,random,0.01639344262295082,0.00046612508594989777
27,O1,0.02,122,6065,61,0.06557377049180328,ensemble_ts,0.04918032786885246,8.181868416024372
27,O1,0.02,122,6065,61,0.06557377049180328,cmaes,0.0,0.025752417044714093
27,O1,0.02,122,6065,61,0.06557377049180328,centroid_policy_with_init,0.0,0.0
27,O1,0.05,304,6065,61,0.06557377049180328,graph_social,0.03278688524590164,0.07754108309745789
27,O1,0.05,304,6065,61,0.06557377049180328,random,0.03278688524590164,0.0002838750369846821
27,O1,0.05,304,6065,61,0.06557377049180328,ensemble_ts,0.5901639344262295,34.76404129201546
27,O1,0.05,304,6065,61,0.06557377049180328,cmaes,0.06557377049180328,0.05443333298899233
27,O1,0.05,304,6065,61,0.06557377049180328,centroid_policy_with_init,0.0,0.0
27,O2,0.02,122,6065,61,0.4426229508196721,graph_social,0.11475409836065574,0.02804412506520748
27,O2,0.02,122,6065,61,0.4426229508196721,random,0.01639344262295082,0.00016525015234947205
27,O2,0.02,122,6065,61,0.4426229508196721,ensemble_ts,0.08196721311475409,8.087637625169009
27,O2,0.02,122,6065,61,0.4426229508196721,cmaes,0.03278688524590164,0.025178541196510196
27,O2,0.02,122,6065,61,0.4426229508196721,centroid_policy_with_init,0.08196721311475409,0.0
27,O2,0.05,304,6065,61,0.4426229508196721,graph_social,0.13114754098360656,0.06635283306241035
27,O2,0.05,304,6065,61,0.4426229508196721,random,0.06557377049180328,0.00027600000612437725
27,O2,0.05,304,6065,61,0.4426229508196721,ensemble_ts,0.16393442622950818,41.639554041903466
27,O2,0.05,304,6065,61,0.4426229508196721,cmaes,0.09836065573770492,0.053076084004715085
27,O2,0.05,304,6065,61,0.4426229508196721,centroid_policy_with_init,0.11475409836065574,0.0
27,O3,0.02,122,6065,61,0.18032786885245902,graph_social,0.03278688524590164,0.027931416872888803
27,O3,0.02,122,6065,61,0.18032786885245902,random,0.03278688524590164,0.00016224989667534828
27,O3,0.02,122,6065,61,0.18032786885245902,ensemble_ts,0.04918032786885246,7.737491708947346
27,O3,0.02,122,6065,61,0.18032786885245902,cmaes,0.04918032786885246,0.026644540950655937
27,O3,0.02,122,6065,61,0.18032786885245902,centroid_policy_with_init,0.03278688524590164,0.0
27,O3,0.05,304,6065,61,0.18032786885245902,graph_social,0.04918032786885246,0.06801258400082588
27,O3,0.05,304,6065,61,0.18032786885245902,random,0.03278688524590164,0.00027600000612437725
27,O3,0.05,304,6065,61,0.18032786885245902,ensemble_ts,0.13114754098360656,38.699073708150536
27,O3,0.05,304,6065,61,0.18032786885245902,cmaes,0.09836065573770492,0.05684758280403912
27,O3,0.05,304,6065,61,0.18032786885245902,centroid_policy_with_init,0.03278688524590164,0.0
27,O4,0.02,75,3716,38,0.05263157894736842,graph_social,0.10526315789473684,0.007002250058576465
27,O4,0.02,75,3716,38,0.05263157894736842,random,0.02631578947368421,0.00011666701175272465
27,O4,0.02,75,3716,38,0.05263157894736842,ensemble_ts,0.34210526315789475,3.4248305838555098
27,O4,0.02,75,3716,38,0.05263157894736842,cmaes,0.07894736842105263,0.012772374786436558
27,O4,0.02,75,3716,38,0.05263157894736842,centroid_policy_with_init,0.02631578947368421,0.0
27,O4,0.05,186,3716,38,0.05263157894736842,graph_social,0.13157894736842105,0.015494833933189511
27,O4,0.05,186,3716,38,0.05263157894736842,random,0.07894736842105263,0.00017716712318360806
27,O4,0.05,186,3716,38,0.05263157894736842,ensemble_ts,0.4473684210526316,16.217621583025903
27,O4,0.05,186,3716,38,0.05263157894736842,cmaes,0.13157894736842105,0.02605391596443951
27,O4,0.05,186,3716,38,0.05263157894736842,centroid_policy_with_init,0.02631578947368421,0.0
28,O1,0.02,122,6065,61,0.06557377049180328,graph_social,0.0,0.022225875174626708
28,O1,0.02,122,6065,61,0.06557377049180328,random,0.03278688524590164,0.0001759580336511135
28,O1,0.02,122,6065,61,0.06557377049180328,ensemble_ts,0.2786885245901639,8.288435207912698
28,O1,0.02,122,6065,61,0.06557377049180328,cmaes,0.16393442622950818,0.024200540967285633
28,O1,0.02,122,6065,61,0.06557377049180328,centroid_policy_with_init,0.0,0.0
28,O1,0.05,304,6065,61,0.06557377049180328,graph_social,0.11475409836065574,0.05945462500676513
28,O1,0.05,304,6065,61,0.06557377049180328,random,0.08196721311475409,0.00027708313427865505
28,O1,0.05,304,6065,61,0.06557377049180328,ensemble_ts,0.639344262295082,35.53222862491384
28,O1,0.05,304,6065,61,0.06557377049180328,cmaes,0.4262295081967213,0.04776733391918242
28,O1,0.05,304,6065,61,0.06557377049180328,centroid_policy_with_init,0.0,0.0
28,O2,0.02,122,6065,61,0.4262295081967213,graph_social,0.08196721311475409,0.013967791106551886
28,O2,0.02,122,6065,61,0.4262295081967213,random,0.01639344262295082,0.0001755421981215477
28,O2,0.02,122,6065,61,0.4262295081967213,ensemble_ts,0.08196721311475409,7.961439541075379
28,O2,0.02,122,6065,61,0.4262295081967213,cmaes,0.04918032786885246,0.025196624919772148
28,O2,0.02,122,6065,61,0.4262295081967213,centroid_policy_with_init,0.08196721311475409,0.0
28,O2,0.05,304,6065,61,0.4262295081967213,graph_social,0.13114754098360656,0.05950070917606354
28,O2,0.05,304,6065,61,0.4262295081967213,random,0.01639344262295082,0.0002749590203166008
28,O2,0.05,304,6065,61,0.4262295081967213,ensemble_ts,0.18032786885245902,41.33488266705535
28,O2,0.05,304,6065,61,0.4262295081967213,cmaes,0.13114754098360656,0.051788624841719866
28,O2,0.05,304,6065,61,0.4262295081967213,centroid_policy_with_init,0.13114754098360656,0.0
28,O3,0.02,122,6065,61,0.19672131147540983,graph_social,0.01639344262295082,0.018924416974186897
28,O3,0.02,122,6065,61,0.19672131147540983,random,0.04918032786885246,0.00016704178415238857
28,O3,0.02,122,6065,61,0.19672131147540983,ensemble_ts,0.01639344262295082,7.449101833160967
28,O3,0.02,122,6065,61,0.19672131147540983,cmaes,0.01639344262295082,0.025820708135142922
28,O3,0.02,122,6065,61,0.19672131147540983,centroid_policy_with_init,0.01639344262295082,0.0
28,O3,0.05,304,6065,61,0.19672131147540983,graph_social,0.03278688524590164,0.04097474995069206
28,O3,0.05,304,6065,61,0.19672131147540983,random,0.09836065573770492,0.00027500023134052753
28,O3,0.05,304,6065,61,0.19672131147540983,ensemble_ts,0.06557377049180328,37.93728708312847
28,O3,0.05,304,6065,61,0.19672131147540983,cmaes,0.03278688524590164,0.054428417002782226
28,O3,0.05,304,6065,61,0.19672131147540983,centroid_policy_with_init,0.03278688524590164,0.0
28,O4,0.02,75,3719,38,0.05263157894736842,graph_social,0.05263157894736842,0.006586667150259018
28,O4,0.02,75,3719,38,0.05263157894736842,random,0.0,0.00011391588486731052
28,O4,0.02,75,3719,38,0.05263157894736842,ensemble_ts,0.10526315789473684,3.4017947090324014
28,O4,0.02,75,3719,38,0.05263157894736842,cmaes,0.02631578947368421,0.012792750028893352
28,O4,0.02,75,3719,38,0.05263157894736842,centroid_policy_with_init,0.0,0.0
28,O4,0.05,186,3719,38,0.05263157894736842,graph_social,0.15789473684210525,0.01718333293683827
28,O4,0.05,186,3719,38,0.05263157894736842,random,0.05263157894736842,0.00017312518320977688
28,O4,0.05,186,3719,38,0.05263157894736842,ensemble_ts,0.5526315789473685,15.810630790889263
28,O4,0.05,186,3719,38,0.05263157894736842,cmaes,0.10526315789473684,0.047453375067561865
28,O4,0.05,186,3719,38,0.05263157894736842,centroid_policy_with_init,0.0,0.0
29,O1,0.02,122,6065,61,0.04918032786885246,graph_social,0.04918032786885246,0.019249167060479522
29,O1,0.02,122,6065,61,0.04918032786885246,random,0.03278688524590164,0.00018512480892241
29,O1,0.02,122,6065,61,0.04918032786885246,ensemble_ts,0.3114754098360656,7.780169041827321
29,O1,0.02,122,6065,61,0.04918032786885246,cmaes,0.06557377049180328,0.02339924988336861
29,O1,0.02,122,6065,61,0.04918032786885246,centroid_policy_with_init,0.01639344262295082,0.0
29,O1,0.05,304,6065,61,0.04918032786885246,graph_social,0.08196721311475409,0.054852708941325545
29,O1,0.05,304,6065,61,0.04918032786885246,random,0.04918032786885246,0.0002732500433921814
29,O1,0.05,304,6065,61,0.04918032786885246,ensemble_ts,0.6721311475409836,36.81453329185024
29,O1,0.05,304,6065,61,0.04918032786885246,cmaes,0.16393442622950818,0.04639970790594816
29,O1,0.05,304,6065,61,0.04918032786885246,centroid_policy_with_init,0.01639344262295082,0.0
29,O2,0.02,122,6065,61,0.4426229508196721,graph_social,0.03278688524590164,0.015651540830731392
29,O2,0.02,122,6065,61,0.4426229508196721,random,0.03278688524590164,0.00016525015234947205
29,O2,0.02,122,6065,61,0.4426229508196721,ensemble_ts,0.09836065573770492,7.992864125175402
29,O2,0.02,122,6065,61,0.4426229508196721,cmaes,0.0,0.025092834141105413
29,O2,0.02,122,6065,61,0.4426229508196721,centroid_policy_with_init,0.06557377049180328,0.0
29,O2,0.05,304,6065,61,0.4426229508196721,graph_social,0.06557377049180328,0.043667207937687635
29,O2,0.05,304,6065,61,0.4426229508196721,random,0.06557377049180328,0.0002759171184152365
29,O2,0.05,304,6065,61,0.4426229508196721,ensemble_ts,0.22950819672131148,39.923246417194605
29,O2,0.05,304,6065,61,0.4426229508196721,cmaes,0.13114754098360656,0.05133883305825293
29,O2,0.05,304,6065,61,0.4426229508196721,centroid_policy_with_init,0.11475409836065574,0.0
29,O3,0.02,122,6065,61,0.19672131147540983,graph_social,0.0,0.013259916100651026
29,O3,0.02,122,6065,61,0.19672131147540983,random,0.03278688524590164,0.00016149994917213917
29,O3,0.02,122,6065,61,0.19672131147540983,ensemble_ts,0.01639344262295082,7.971235875040293
29,O3,0.02,122,6065,61,0.19672131147540983,cmaes,0.01639344262295082,0.025516125140711665
29,O3,0.02,122,6065,61,0.19672131147540983,centroid_policy_with_init,0.01639344262295082,0.0
29,O3,0.05,304,6065,61,0.19672131147540983,graph_social,0.03278688524590164,0.04292470798827708
29,O3,0.05,304,6065,61,0.19672131147540983,random,0.03278688524590164,0.00028108409605920315
29,O3,0.05,304,6065,61,0.19672131147540983,ensemble_ts,0.09836065573770492,41.669112582923844
29,O3,0.05,304,6065,61,0.19672131147540983,cmaes,0.04918032786885246,0.0530542500782758
29,O3,0.05,304,6065,61,0.19672131147540983,centroid_policy_with_init,0.03278688524590164,0.0
29,O4,0.02,75,3733,38,0.05263157894736842,graph_social,0.0,0.004546999931335449
29,O4,0.02,75,3733,38,0.05263157894736842,random,0.07894736842105263,0.00011854199692606926
29,O4,0.02,75,3733,38,0.05263157894736842,ensemble_ts,0.0,3.5183075421955436
29,O4,0.02,75,3733,38,0.05263157894736842,cmaes,0.0,0.013333542039617896
29,O4,0.02,75,3733,38,0.05263157894736842,centroid_policy_with_init,0.0,0.0
29,O4,0.05,187,3733,38,0.05263157894736842,graph_social,0.0,0.015772625105455518
29,O4,0.05,187,3733,38,0.05263157894736842,random,0.10526315789473684,0.00019591697491705418
29,O4,0.05,187,3733,38,0.05263157894736842,ensemble_ts,0.18421052631578946,16.005768707953393
29,O4,0.05,187,3733,38,0.05263157894736842,cmaes,0.13157894736842105,0.02710391697473824
29,O4,0.05,187,3733,38,0.05263157894736842,centroid_policy_with_init,0.0,0.0
